2016-10-25,1065.0,1065.25,1054.2,1060.85,1081.55,0.3804089370909262,33.158447009443805,1.7000000000000455,-5.0,0,0,0,0,0
2016-10-26,1056.05,1059.45,1052.1,1054.05,1078.5285714285712,0.536946838816594,34.57330415754922,-4.7999999999999545,-8.950000000000045,0,1,0,0,0
2016-10-27,1051.1,1053.9,1043.4,1048.7,1075.6214285714284,0.6271796953573221,45.90799031476994,-2.9500000000000455,-4.9500000000000455,1,1,1,0,0
2016-10-28,1050.0,1058.0,1043.8,1054.95,1071.632142857143,0.6413326298320239,37.2471910112359,1.2999999999999545,-1.099999999999909,0,0,0,0,0
2016-10-30,1058.75,1058.75,1046.3,1051.2,1067.5035714285716,0.6435915300427313,43.76237623762371,3.7999999999999545,8.75,0,0,0,0,0
2016-11-01,1051.3,1055.95,1047.4,1051.0,1064.2642857142857,0.6062816045753873,22.882882882882967,0.09999999999990905,-7.4500000000000455,0,0,0,0,0
2016-11-02,1041.0,1042.85,1021.0,1023.75,1061.8785714285716,0.8063270399606088,8.43137254901967,-10.0,-10.299999999999955,1,0,0,0,0
2016-11-03,1023.85,1034.75,1020.6,1023.95,1058.0428571428572,0.8465986218570285,8.43137254901967,0.10000000000002274,-17.149999999999977,0,0,0,0,0
2016-11-04,1020.25,1026.9,1000.0,1005.55,1054.107142857143,0.9181277905077577,9.01467505241095,-3.7000000000000455,-3.6000000000000227,0,0,0,1,0
2016-11-07,1014.0,1016.55,999.05,1001.15,1048.3964285714287,0.9330495568556928,8.594270486342495,8.450000000000045,-6.25,1,1,1,1,0
2016-11-08,1005.7,1005.7,998.3,1003.5,1042.4071428571428,0.9378279561206756,11.741160773849316,4.550000000000068,-8.299999999999955,1,1,0,0,0
2016-11-09,950.0,1009.0,930.0,1004.6,1036.482142857143,0.936522331191054,14.29602888086653,-53.5,-55.700000000000045,1,0,0,0,0
2016-11-10,1018.6,1028.95,1007.0,1010.4,1032.6392857142857,0.9096485137861162,22.525107604017236,14.0,68.60000000000002,0,0,0,0,0
2016-11-11,997.85,1017.5,995.1,1001.75,1028.2428571428572,0.8977448914686127,13.106796116504881,-12.549999999999955,-20.75,0,0,0,0,0
2016-11-15,996.5,1000.0,979.55,985.4,1022.8535714285715,0.9034635760609087,11.157024793388459,-5.25,-1.3500000000000227,1,0,1,1,1
2016-11-16,995.0,996.8,980.7,986.55,1018.032142857143,0.9017783570211393,12.375948628137792,9.600000000000023,-1.5,0,1,1,1,1
2016-11-17,986.0,998.15,974.4,977.75,1012.9642857142857,0.9058095485031888,15.773809523809561,-0.5499999999999545,-9.0,1,1,1,1,1
2016-11-18,985.0,992.7,982.0,987.5,1008.1464285714285,0.8812890815498374,26.25407166123776,7.25,-1.0,1,1,1,0,1
2016-11-21,987.55,993.55,983.2,991.5,1003.8821428571428,0.842341783466934,38.73295910184445,0.049999999999954525,2.5499999999999545,1,1,0,1,0
2016-11-22,997.7,1007.8,993.3,1001.45,1000.342857142857,0.7623423709174374,50.2209131075111,6.2000000000000455,10.150000000000091,1,0,0,0,0
2016-11-23,1005.0,1010.5,999.55,1009.0,999.2892857142857,0.5381032351116253,53.76196990424077,3.5499999999999545,7.2999999999999545,0,0,0,0,0
2016-11-24,1005.55,1005.55,982.2,987.35,996.675,0.4331718554723883,40.79017618793379,-3.4500000000000455,0.5499999999999545,1,0,1,1,1
2016-11-25,990.0,995.9,984.35,993.7,995.8285714285714,0.36666226291970405,41.135881104034,2.6499999999999773,-15.549999999999955,0,1,0,1,1
2016-11-28,993.0,1000.6,984.1,986.65,994.7928571428572,0.3877166256302673,41.84665226781856,-0.7000000000000455,3.0,1,1,1,1,1
2016-11-29,989.0,1004.3,988.05,997.7,994.3785714285715,0.2684104671304626,57.04467353951894,2.3500000000000227,-4.0,0,1,0,0,1
2016-11-30,999.95,999.95,986.65,990.05,993.3392857142857,0.1659648041304972,51.86567164179104,2.25,10.950000000000045,1,1,1,1,1
2016-12-01,1000.0,1015.0,995.0,997.75,992.4357142857143,-0.203630350889536,60.787486515641824,9.950000000000045,0.049999999999954525,0,0,1,1,1
2016-12-02,995.9,1005.0,991.8,994.75,991.9357142857143,-0.5148795987244239,54.21756835369399,-1.8500000000000227,-4.100000000000023,0,1,1,1,1
2016-12-05,995.0,999.7,986.5,993.85,992.5392857142858,-0.4756699651469541,51.41822570911287,0.25,-0.8999999999999773,1,1,1,1,1
2016-12-06,996.0,1006.55,994.6,1005.2,993.8714285714287,-0.47180581555959633,52.225519287833826,2.1499999999999773,1.0,0,1,1,1,1
2016-12-07,1004.0,1007.6,996.35,999.15,995.4000000000002,-0.15176006747454326,44.048338368580076,-1.2000000000000455,8.0,1,1,1,1,1
2016-12-08,1005.05,1021.8,1004.35,1020.05,997.7250000000001,0.1957760122687273,69.93902439024379,5.899999999999977,1.0499999999999545,1,1,1,1,1
2016-12-09,1022.0,1031.85,1020.3,1028.95,1000.4000000000002,0.6154789678318218,70.84565345949133,1.9500000000000455,16.950000000000045,0,1,1,1,1
2016-12-12,1020.5,1041.7,1020.5,1027.2,1002.2392857142859,0.7762797074955133,75.58359621451098,-8.450000000000045,-1.5,1,1,1,1,1
2016-12-13,1028.0,1041.0,1027.55,1039.8,1004.4392857142858,0.8605027399780935,76.05198019801969,0.7999999999999545,7.5,1,1,1,1,1
2016-12-14,1039.8,1064.45,1038.2,1059.5,1009.5928571428573,0.9499722644971824,87.3990306946688,0.0,11.799999999999955,0,0,1,0,1
2016-12-15,1052.4,1067.6,1048.65,1052.95,1013.825,0.9482386891616645,80.0981461286805,-7.099999999999909,12.600000000000136,1,1,1,1,1
2016-12-16,1052.0,1062.0,1052.0,1057.15,1018.8607142857144,0.9482848989391112,83.58449946178689,-0.9500000000000455,-0.40000000000009095,1,1,1,0,1
2016-12-19,1055.0,1066.95,1054.35,1062.55,1023.4928571428571,0.941768286895778,85.26694045174536,-2.150000000000091,3.0,0,1,0,0,0
2016-12-20,1054.7,1061.0,1053.15,1057.9,1028.3392857142858,0.9206206582403441,79.05181918412357,-7.849999999999909,-0.2999999999999545,1,0,0,0,1
2016-12-21,1060.1,1067.3,1057.2,1063.25,1033.017857142857,0.9051685324179043,85.61111111111126,2.199999999999818,5.399999999999864,0,0,0,1,0
2016-12-22,1058.0,1062.65,1050.95,1053.35,1037.2035714285714,0.8546997050239455,71.07594936708864,-5.25,-2.099999999999909,1,0,1,0,1
2016-12-23,1052.0,1068.95,1052.0,1057.3,1041.7357142857143,0.8176814373577029,69.14247130317354,-1.349999999999909,-6.0,0,1,0,1,1
2016-12-26,1054.35,1066.0,1044.65,1047.45,1044.7535714285714,0.7196331902478571,62.32501521606822,-2.9500000000000455,2.349999999999909,1,1,1,1,1
2016-12-27,1047.85,1067.1,1047.0,1064.7,1049.4357142857143,0.7147244195377197,64.34331797235032,0.3999999999998636,-6.5,0,1,1,1,1
2016-12-28,1067.9,1069.55,1047.1,1049.7,1051.5535714285716,0.5710596701749959,44.03166869671133,3.2000000000000455,20.050000000000182,1,1,1,1,1
2016-12-29,1050.0,1068.8,1049.5,1065.45,1054.1607142857144,0.5209071732415587,56.84556407447975,0.2999999999999545,-17.90000000000009,1,1,1,1,1
2016-12-30,1064.8,1085.0,1063.1,1082.4,1058.1035714285715,0.4952094403500785,62.133589620374856,-0.650000000000091,14.799999999999955,1,1,0,0,0
2017-01-02,1084.0,1090.0,1072.35,1085.1,1061.3392857142858,0.4876525914386603,61.12481499753331,1.599999999999909,19.200000000000045,1,0,0,0,0
2017-01-03,1089.85,1097.0,1081.1,1089.4,1063.4750000000001,0.624966216831739,65.59405940594058,4.75,5.849999999999909,0,0,0,0,1
2017-01-04,1092.9,1093.0,1064.3,1067.15,1064.4892857142856,0.5822610411524103,51.65394402035628,3.5,3.050000000000182,1,1,1,1,1
2017-01-05,1071.0,1079.9,1068.75,1077.4,1065.9357142857143,0.6193107651984961,60.16913319238909,3.849999999999909,-21.90000000000009,0,1,1,1,1
2017-01-06,1074.2,1085.0,1073.1,1074.95,1066.8214285714287,0.6876072462578723,57.558886509636004,-3.2000000000000455,3.2000000000000455,1,1,1,1,1
2017-01-09,1077.0,1086.0,1071.0,1077.7,1068.2357142857145,0.7142642063501679,63.793889648882804,2.0499999999999545,2.7999999999999545,1,1,1,1,0
2017-01-10,1080.0,1094.4,1080.0,1089.85,1070.1357142857146,0.8084907822077707,62.02773792443801,2.2999999999999545,3.0,0,0,1,0,0
2017-01-11,1095.0,1095.7,1084.0,1086.05,1072.4714285714288,0.8077118114720845,69.4697375468666,5.150000000000091,15.0,0,1,0,0,0
2017-01-12,1087.0,1090.35,1079.8,1083.3,1074.3285714285716,0.7934090817626561,61.107654013690066,0.9500000000000455,-8.0,1,0,0,0,0
2017-01-13,1084.55,1097.5,1084.55,1090.4,1077.3964285714287,0.7364600058396665,55.67375886524823,1.25,-2.4500000000000455,0,0,0,0,0
2017-01-16,1089.95,1093.95,1073.95,1076.25,1078.2214285714285,0.6174388504133966,44.60036607687622,-0.4500000000000455,5.400000000000091,0,0,0,0,0
2017-01-17,1065.0,1068.0,1038.5,1041.25,1077.617857142857,-0.06754316584807493,28.628495339547243,-11.25,-24.950000000000045,0,0,0,0,0
2017-01-18,1042.6,1048.0,1028.75,1032.55,1075.267857142857,-0.3563516531453055,32.54288597376383,1.349999999999909,-22.40000000000009,1,0,0,0,0
2017-01-19,1035.15,1045.3,1031.0,1033.7,1071.7892857142856,-0.3276682922577866,25.72222222222227,2.6000000000001364,-7.449999999999818,0,0,0,0,0
2017-01-20,1033.95,1037.45,1023.9,1025.8,1067.5535714285713,-0.13417627303681343,24.253535882661097,0.25,-1.2000000000000455,0,1,0,0,1
2017-01-23,1021.8,1031.0,1012.8,1015.9,1062.3035714285713,0.22411909358452398,19.883040935672554,-4.0,-12.150000000000091,1,1,1,1,1
2017-01-24,1017.0,1028.8,1017.0,1027.3,1059.4571428571428,0.387415313718575,19.293078055964784,1.1000000000000227,-4.7999999999999545,0,0,1,1,1
2017-01-25,1032.0,1032.7,1016.15,1017.3,1055.1642857142856,0.5552948404876995,18.186024988431413,4.7000000000000455,15.0,1,1,1,1,1
2017-01-27,1020.25,1028.9,1019.0,1025.1,1051.6035714285713,0.616422492639303,24.27055702917778,2.9500000000000455,-11.75,1,1,1,1,1
2017-01-30,1024.95,1046.45,1024.8,1044.8,1049.2535714285711,0.5698005108347226,31.861575178997597,-0.14999999999986358,4.7000000000000455,1,1,0,0,0
2017-01-31,1046.85,1053.8,1040.3,1045.2,1046.0642857142855,0.5175196404805561,36.13220187583748,2.0499999999999545,21.899999999999864,1,0,0,0,0
2017-02-01,1046.1,1050.9,1035.2,1049.65,1043.4642857142856,0.4088492622326516,55.1597051597052,0.8999999999998636,-0.75,0,0,0,0,0
2017-02-02,1050.0,1050.8,1038.25,1043.5,1040.6214285714284,0.2914684648339396,56.9435637285986,0.34999999999990905,3.900000000000091,0,0,0,0,0
2017-02-03,1046.0,1050.45,1030.1,1033.65,1036.5678571428568,0.09934041999446716,49.97144488863509,2.5,-4.0,1,0,0,0,0
2017-02-06,1037.0,1044.9,1032.05,1041.65,1034.0964285714283,-0.3711858102970041,59.04164289788941,3.349999999999909,-9.0,0,0,0,0,0
2017-02-07,1042.0,1042.35,1027.2,1030.9,1033.3571428571427,-0.45637393814180316,58.47457627118649,0.34999999999990905,5.0,0,1,0,0,1
2017-02-08,1030.9,1038.25,1022.0,1025.15,1032.8285714285712,-0.3930983030996537,48.70247435123726,0.0,-11.099999999999909,1,1,1,1,1
2017-02-09,1028.0,1034.0,1026.8,1032.75,1032.760714285714,-0.44491918304918887,59.60223741454322,2.849999999999909,-2.900000000000091,0,0,1,1,1
2017-02-10,1035.0,1035.55,1025.55,1030.15,1033.0714285714282,-0.3730698781601004,53.35548172757487,2.25,7.0,0,1,1,1,1
2017-02-13,1033.0,1034.0,1022.0,1029.85,1034.0678571428568,-0.14033105292466028,36.61593554162936,2.849999999999909,-2.0,1,1,1,1,1
2017-02-14,1035.0,1052.9,1029.9,1049.8,1035.6749999999997,-0.09159116312447059,53.050397877984025,5.150000000000091,2.0,1,1,1,1,1
2017-02-15,1052.9,1057.5,1045.25,1051.3,1038.1035714285713,0.25232176969867987,51.138716356107565,3.1000000000001364,17.90000000000009,1,1,1,1,1
2017-02-16,1052.55,1069.45,1052.55,1067.5,1041.1321428571425,0.5867207728414271,64.54545454545455,1.25,-0.3500000000001364,1,1,1,1,1
2017-02-17,1066.5,1078.2,1058.45,1075.5,1043.3249999999998,0.7142370345295624,75.94544327340351,-1.0,13.950000000000045,0,1,1,1,1
2017-02-20,1070.55,1078.85,1066.5,1075.4,1045.4821428571427,0.8686953958538897,73.19587628865979,-4.9500000000000455,4.0499999999999545,1,1,1,1,1
2017-02-21,1075.2,1090.95,1073.05,1088.2,1048.235714285714,0.941225317685468,88.30213903743315,-0.20000000000004547,4.650000000000091,1,1,1,1,1
2017-02-22,1093.0,1211.65,1092.0,1207.5,1059.9499999999998,0.9581019106938968,98.40722059994691,4.7999999999999545,17.799999999999955,0,1,1,1,1
2017-02-23,1213.6,1222.0,1179.35,1182.75,1070.6,0.954825102006029,86.4963503649635,6.099999999999909,120.59999999999991,1,1,1,1,1
2017-02-27,1190.5,1256.8,1190.35,1238.9,1084.6892857142855,0.9675226019762739,90.29144952711829,7.75,-23.09999999999991,0,0,0,1,1
2017-02-28,1232.0,1248.0,1228.5,1238.05,1099.485714285714,0.9537621135072285,90.10015408320491,-6.900000000000091,41.5,0,0,1,1,1
2017-03-01,1240.1,1244.4,1230.0,1234.5,1114.4392857142855,0.9298429324675042,87.97286184210526,2.0499999999999545,8.099999999999909,1,1,1,1,1
2017-03-02,1237.9,1254.7,1227.05,1236.75,1129.010714285714,0.9062779806196739,88.0098380815741,3.400000000000091,-2.199999999999818,1,1,1,1,1
2017-03-03,1241.55,1287.8,1241.55,1258.55,1145.3249999999996,0.8965998519815614,88.27890202364256,4.7999999999999545,3.6499999999998636,1,1,1,1,1
2017-03-06,1269.0,1312.0,1265.25,1305.35,1165.003571428571,0.9083533584918578,89.8560776833709,10.450000000000045,27.450000000000045,0,0,0,0,0
2017-03-07,1318.85,1327.0,1296.15,1304.95,1183.228571428571,0.906205711527779,89.76268837692709,13.5,49.84999999999991,0,0,0,0,0
2017-03-08,1307.7,1307.7,1286.1,1291.2,1200.3642857142854,0.8893431996699475,85.04834254143647,2.75,-11.149999999999864,0,0,0,1,1
2017-03-09,1290.0,1298.0,1281.5,1286.75,1216.0249999999996,0.8646233664562697,72.6752503576538,-1.2000000000000455,-17.700000000000045,0,1,1,1,1
2017-03-10,1290.25,1296.0,1261.2,1281.65,1230.7499999999998,0.8312948847095782,81.88265635074151,3.5,0.25,1,1,1,1,0
2017-03-14,1318.75,1319.0,1285.25,1289.5,1246.0428571428567,0.8124456334755534,73.68913857677904,37.09999999999991,28.5,1,1,1,0,0
2017-03-15,1291.05,1316.3,1290.4,1304.95,1261.5249999999996,0.869056698913861,77.5535420098848,1.5499999999999545,-27.700000000000045,0,0,0,0,0
2017-03-16,1310.0,1310.4,1293.6,1297.65,1267.9642857142856,0.8429088446050972,75.22972433080315,5.0499999999999545,18.950000000000045,1,0,0,0,0
2017-03-17,1308.0,1319.95,1298.05,1300.7,1276.3892857142855,0.8283157950552886,75.38705835649077,10.349999999999909,-2.0,0,0,0,0,0
2017-03-20,1306.0,1306.25,1278.35,1280.8,1279.3821428571425,0.7479466236394972,58.96815800080614,5.2999999999999545,-2.0,0,0,0,1,0
2017-03-21,1282.2,1283.9,1259.3,1263.8,1281.2214285714283,0.5596669174156148,27.95755968169759,1.400000000000091,-23.799999999999955,0,1,1,0,0
2017-03-22,1252.0,1265.9,1246.55,1259.7,1283.0214285714283,0.25968191299377935,26.90148034711582,-11.799999999999955,-30.200000000000045,1,1,0,0,0
2017-03-23,1263.15,1277.55,1258.0,1273.3,1285.6321428571425,-0.16054194788308984,40.84867075664614,3.4500000000000455,11.150000000000091,1,0,0,0,0
2017-03-24,1274.1,1292.0,1268.45,1286.75,1287.6464285714283,-0.5507129734788593,50.0,0.7999999999999545,10.949999999999818,0,0,0,0,1
2017-03-27,1271.1,1278.75,1247.2,1251.1,1283.7714285714283,-0.49854744431400083,38.87877684746989,-15.650000000000091,-3.0,0,1,1,1,1
2017-03-28,1258.0,1264.0,1242.1,1245.75,1279.5428571428567,-0.40445029367076496,33.77827215424544,6.900000000000091,-13.099999999999909,1,1,1,1,1
2017-03-29,1251.7,1260.0,1233.35,1256.65,1277.0749999999996,-0.3939656727833004,31.46584804297774,5.9500000000000455,-6.2999999999999545,1,1,1,1,1
2017-03-30,1255.0,1274.75,1253.0,1270.65,1275.9249999999997,-0.40841357045667503,40.14598540145986,-1.650000000000091,3.2999999999999545,1,1,1,1,1
2017-03-31,1266.0,1337.65,1266.0,1320.9,1278.7285714285713,-0.3906648920416612,55.483170466883834,-4.650000000000091,11.0,1,1,1,1,1
2017-04-03,1342.0,1380.5,1337.05,1374.65,1284.810714285714,-0.10145189367880122,71.52029351066273,21.09999999999991,76.0,1,1,1,1,0
2017-04-05,1395.2,1418.0,1380.1,1415.0,1292.6714285714284,0.41997950778033577,81.31731565865786,20.549999999999955,53.200000000000045,1,0,0,0,0
2017-04-06,1409.0,1448.9,1402.2,1438.5,1302.7321428571427,0.7603763913451267,84.27914110429448,-6.0,13.799999999999955,0,0,0,0,0
2017-04-07,1421.3,1434.0,1402.55,1406.6,1310.2964285714281,0.796544221117921,73.88032963095662,-17.200000000000045,12.299999999999955,0,0,0,0,0
2017-04-10,1410.0,1424.9,1377.3,1381.35,1317.478571428571,0.7523126209129138,66.25988312134751,3.400000000000091,-11.299999999999955,0,0,0,1,0
2017-04-11,1387.85,1400.45,1370.1,1372.35,1325.2321428571424,0.6979746288114035,72.94228949858089,6.5,-22.15000000000009,0,0,1,0,0
2017-04-12,1382.8,1386.45,1351.15,1354.0,1331.9678571428565,0.6214264103506333,69.52209197475203,10.450000000000045,-5.0499999999999545,1,1,1,1,1
2017-04-13,1354.0,1373.4,1347.35,1364.8,1338.503571428571,0.578083984141202,69.51109507486919,0.0,-28.799999999999955,1,1,1,1,1
2017-04-17,1365.0,1395.55,1365.0,1391.85,1346.0107142857137,0.5807354660452074,70.88215024121294,0.20000000000004547,11.0,0,0,0,1,1
2017-04-18,1399.95,1410.0,1367.0,1370.2,1354.5178571428567,0.517171110158119,59.422782874617745,8.100000000000136,34.950000000000045,0,0,1,1,1
2017-04-19,1369.0,1382.55,1357.55,1368.8,1363.3071428571423,0.4057864668442558,48.60215053763438,-1.2000000000000455,-30.950000000000045,1,1,1,1,1
2017-04-20,1379.0,1386.8,1364.1,1369.55,1371.371428571428,0.2205393462075729,36.60477453580899,10.200000000000045,10.0,1,1,1,1,1
2017-04-21,1380.5,1421.0,1378.55,1402.5,1380.789285714285,-0.0008926570856272778,39.949748743718594,10.950000000000045,1.5,1,1,1,1,0
2017-04-24,1409.05,1435.0,1400.2,1417.4,1387.682142857142,-0.15019990370922257,53.331276989512716,6.5499999999999545,28.549999999999955,1,0,0,0,0
2017-04-25,1460.0,1467.75,1426.1,1432.8,1391.8357142857133,-0.015735904373154783,66.89655172413796,42.59999999999991,50.950000000000045,0,0,0,0,0
2017-04-26,1435.0,1440.05,1402.6,1416.45,1391.9392857142848,0.1993279041056767,63.81578947368428,2.2000000000000455,-25.0,0,0,0,0,0
2017-04-27,1417.0,1424.15,1402.2,1409.5,1389.867857142856,0.5727706854940408,68.72469635627533,0.5499999999999545,-18.0,0,0,0,0,0
2017-04-28,1409.75,1420.3,1391.0,1395.2,1389.0535714285706,0.7522655099000389,60.01977587343445,0.25,-7.25,0,0,0,0,0
2017-05-02,1402.0,1402.0,1366.3,1370.55,1388.2821428571422,0.7194673311993011,42.866711319490975,6.7999999999999545,-7.75,0,0,0,0,0
2017-05-03,1376.9,1380.75,1365.0,1370.1,1388.121428571428,0.6585542357370024,49.96096799375482,6.350000000000136,-25.09999999999991,0,0,0,0,0
2017-05-04,1375.0,1379.6,1354.05,1357.95,1388.4035714285708,0.4557811515910969,46.092906013683866,4.900000000000091,-1.900000000000091,0,0,0,1,1
2017-05-05,1361.6,1367.35,1325.0,1328.25,1385.7928571428565,0.23366441297353413,37.693682955899895,3.6499999999998636,-13.400000000000091,0,1,1,1,1
2017-05-08,1330.0,1339.5,1318.35,1321.4,1380.760714285714,0.3278066539258393,21.383203952011286,1.75,-31.59999999999991,1,1,1,1,1
2017-05-09,1324.0,1333.65,1320.25,1330.35,1377.9142857142851,0.4146155386714023,17.937384898710704,2.599999999999909,-6.0,1,1,1,1,1
2017-05-10,1334.8,1363.6,1330.65,1359.1,1377.2214285714279,0.5306310331259055,25.285043594902675,4.4500000000000455,10.799999999999955,1,0,0,0,0
2017-05-11,1364.1,1369.75,1351.65,1359.55,1376.5071428571423,0.6176823358316398,28.641141141141077,5.0,29.299999999999955,0,0,0,0,0
2017-05-12,1360.05,1364.0,1344.05,1350.45,1372.7892857142851,0.6765890992160196,28.186183967491658,0.5,-4.0499999999999545,0,1,1,0,0
2017-05-15,1356.4,1356.4,1333.5,1344.1,1367.5535714285706,0.6553080080518826,29.945054945054864,5.9500000000000455,-3.6499999999998636,1,1,0,0,0
2017-05-16,1346.05,1376.9,1341.0,1356.3,1362.0892857142849,0.5199909167831431,43.801652892561975,1.9500000000000455,-10.350000000000136,0,0,0,0,0
2017-05-17,1353.0,1365.95,1347.75,1353.1,1357.5642857142848,0.3780165298787485,42.77824978759558,-3.2999999999999545,6.9500000000000455,0,0,0,0,0
2017-05-18,1340.25,1350.0,1324.1,1327.35,1351.6964285714275,0.39285776961769797,38.34729626808829,-12.849999999999909,-12.75,0,0,0,0,0
2017-05-19,1333.0,1335.7,1310.0,1318.85,1346.2428571428559,0.4470897589254753,45.73115349682103,5.650000000000091,-7.25,1,0,0,0,1
2017-05-22,1326.5,1333.6,1315.2,1324.15,1342.9285714285704,0.4613546853369713,51.2666973744818,7.650000000000091,-6.5,0,0,0,1,1
2017-05-23,1325.7,1329.85,1302.0,1305.55,1338.3178571428562,0.52557632632405,39.509306260575364,1.5499999999999545,-0.7999999999999545,0,0,1,1,1
2017-05-24,1307.5,1313.7,1295.1,1297.7,1334.0142857142848,0.5932808826911408,18.448098663926203,1.9500000000000455,-18.200000000000045,1,1,1,1,1
2017-05-25,1300.0,1312.4,1296.45,1302.45,1332.1714285714277,0.7366308420004811,21.899606299212735,2.2999999999999545,-7.5,1,1,1,1,1
2017-05-26,1303.95,1344.4,1300.0,1337.3,1333.3071428571418,0.7799673347946109,44.83706321162149,1.5,3.9500000000000455,1,1,1,0,0
2017-05-29,1337.0,1365.45,1335.6,1356.9,1335.2035714285705,0.7107781849892006,54.55192034139407,-0.2999999999999545,33.049999999999955,1,0,0,0,0
2017-05-30,1355.9,1364.7,1348.5,1359.35,1335.2214285714276,0.5418678568571093,51.16545662972869,-1.0,18.90000000000009,0,0,0,0,0
2017-05-31,1367.0,1367.95,1335.8,1340.7,1333.8749999999993,0.42934574082935256,45.76213260423791,7.650000000000091,11.099999999999909,0,0,0,0,0
2017-06-01,1332.7,1340.0,1323.0,1328.25,1332.289285714285,0.37790374278400624,50.3383458646617,-8.0,-34.299999999999955,0,1,0,1,1
2017-06-02,1335.0,1338.7,1317.0,1324.75,1330.9071428571422,0.3619446798763917,52.30468750000003,6.75,2.2999999999999545,1,0,1,1,1
2017-06-05,1326.25,1341.0,1315.85,1329.35,1328.982142857142,0.18554606618380146,52.0424194815396,1.5,-8.75,0,1,1,1,0
2017-06-06,1333.95,1333.95,1311.0,1312.8,1326.1035714285706,0.016418207393717837,52.89421157684632,4.600000000000136,7.7000000000000455,1,1,1,1,1
2017-06-07,1311.2,1342.0,1309.0,1339.0,1326.9357142857136,-0.06331616386743513,64.38022284122565,-1.599999999999909,-22.75,0,0,0,0,1
2017-06-08,1340.0,1344.8,1328.05,1331.7,1327.853571428571,-0.00015595445674811156,60.006842285323316,1.0,28.799999999999955,1,0,0,1,1
2017-06-09,1345.1,1352.95,1331.0,1335.7,1328.6785714285709,0.020166065995251094,49.30615784908937,13.399999999999864,5.099999999999909,0,0,1,1,1
2017-06-12,1326.55,1329.75,1317.0,1319.45,1329.6714285714281,0.2788032771350755,33.27378293881189,-9.150000000000091,-18.549999999999955,0,1,1,1,1
2017-06-13,1320.6,1327.0,1311.0,1314.35,1330.8607142857138,0.48813639803682923,30.36649214659684,1.1499999999998636,-5.9500000000000455,1,1,1,1,1
2017-06-14,1315.9,1360.0,1315.9,1357.5,1334.7928571428565,0.6995376879800852,56.038820992092,1.550000000000182,-4.699999999999818,1,1,1,1,1
2017-06-15,1360.0,1395.0,1359.1,1383.95,1338.1249999999995,0.801317359097589,68.1907250163292,2.5,44.09999999999991,1,1,1,1,1
2017-06-16,1389.1,1395.8,1369.3,1388.8,1340.4035714285708,0.8579968171447677,70.73486565231464,5.149999999999864,29.09999999999991,1,1,1,1,1
2017-06-19,1390.2,1415.8,1390.2,1409.25,1343.9678571428565,0.9092495078402129,73.45860246623606,1.400000000000091,1.1000000000001364,1,1,1,1,1
2017-06-20,1409.0,1422.1,1407.45,1412.35,1349.0857142857135,0.9326704019694989,81.734140898948,-0.25,18.799999999999955,1,1,1,1,0
2017-06-21,1407.8,1428.0,1404.25,1422.0,1355.7821428571422,0.9391635702243338,79.57947255880254,-4.5499999999999545,-1.2000000000000455,1,1,1,0,0
2017-06-22,1429.45,1445.4,1427.7,1432.65,1363.4892857142852,0.9376035319220443,85.13748694744163,7.4500000000000455,21.65000000000009,1,1,0,0,0
2017-06-23,1436.0,1442.0,1430.6,1435.85,1371.0964285714279,0.9246042346494323,85.05425271263556,3.349999999999909,6.5499999999999545,1,0,0,0,0
2017-06-27,1432.0,1443.0,1425.0,1437.15,1379.978571428571,0.9032302947542444,96.01250977326026,-3.849999999999909,-4.0,0,0,0,0,0
2017-06-28,1439.95,1439.95,1395.55,1398.5,1384.228571428571,0.8056841139210767,76.06069990709196,2.7999999999999545,7.9500000000000455,0,0,0,1,1
2017-06-29,1400.0,1410.0,1390.1,1392.7,1388.5857142857137,0.6985297913950866,64.18211120064464,1.5,-39.950000000000045,0,0,1,1,1
2017-06-30,1392.0,1392.4,1375.05,1380.0,1391.7499999999995,0.54963527492175,48.210240144993186,-0.7000000000000455,-8.0,1,1,1,1,1
2017-07-03,1388.2,1394.7,1371.0,1381.05,1396.1499999999994,0.3538672755804667,46.363209760675744,8.200000000000045,-3.7999999999999545,1,1,1,1,1
2017-07-04,1390.0,1427.1,1389.0,1421.95,1403.8357142857137,0.2029722835263424,55.000000000000014,8.950000000000045,1.7999999999999545,1,1,1,1,1
2017-07-05,1429.45,1447.45,1424.0,1442.65,1409.9178571428567,0.17219687738412753,60.47717842323655,7.5,39.450000000000045,0,1,1,1,1
2017-07-06,1448.7,1450.0,1438.0,1442.55,1414.103571428571,0.18845635513789452,57.60829322473154,6.0499999999999545,19.25,1,1,1,1,1
2017-07-07,1443.0,1497.75,1440.0,1491.15,1421.4142857142854,0.33715544364599564,66.90751445086701,0.4500000000000455,-5.7000000000000455,1,1,1,1,1
2017-07-10,1530.0,1550.0,1489.1,1492.85,1427.385714285714,0.48325996598213783,66.61807580174923,38.84999999999991,87.0,1,1,1,1,1
2017-07-11,1501.0,1504.4,1487.0,1494.35,1433.2428571428568,0.5926049135843056,66.65695981362833,8.150000000000091,-29.0,1,1,1,1,1
2017-07-12,1499.4,1525.0,1497.5,1511.1,1439.6071428571424,0.7130875024237847,87.58344459279031,5.050000000000182,-1.599999999999909,1,1,1,1,1
2017-07-13,1508.75,1525.0,1506.15,1522.1,1445.996428571428,0.8290539820628581,91.74193548387086,-2.349999999999909,9.349999999999909,1,1,0,1,1
2017-07-14,1520.0,1536.0,1515.55,1533.75,1452.9892857142852,0.9183597944021188,99.93504384540427,-2.099999999999909,11.25,1,0,0,0,1
2017-07-17,1537.0,1559.6,1537.0,1551.75,1461.1749999999993,0.9750314417385348,99.9414862492685,3.25,17.0,0,0,0,1,1
2017-07-18,1546.8,1551.8,1511.0,1519.9,1469.8464285714279,0.9472411661656382,80.25949953660796,-4.9500000000000455,9.799999999999955,1,1,1,1,1
2017-07-19,1512.6,1538.0,1512.6,1532.95,1479.8642857142852,0.9174787137564974,79.28015564202332,-7.300000000000182,-34.200000000000045,0,1,1,1,1
2017-07-20,1539.75,1550.0,1523.7,1528.9,1490.4999999999995,0.8688629814833702,77.30003161555491,6.7999999999999545,27.15000000000009,1,1,1,1,1
2017-07-21,1550.0,1591.7,1544.95,1585.0,1505.0678571428566,0.8948954784389559,78.32779957742231,21.09999999999991,10.25,1,1,1,1,1
2017-07-24,1600.0,1624.9,1585.0,1615.25,1518.8749999999995,0.916462507718067,81.51390319258502,15.0,50.0,0,1,0,0,0
2017-07-25,1624.7,1624.95,1597.6,1602.15,1530.2678571428567,0.9220730371296981,76.19047619047626,9.450000000000045,24.700000000000045,1,0,0,1,1
2017-07-26,1604.2,1629.9,1601.1,1622.75,1543.1392857142853,0.9400727536020181,76.627712854758,2.0499999999999545,-20.5,0,0,0,0,1
2017-07-27,1628.0,1631.5,1588.35,1594.8,1550.5428571428565,0.9225536846503056,66.04148278905564,5.25,23.799999999999955,0,1,1,1,1
2017-07-28,1591.25,1605.95,1578.0,1594.45,1557.7999999999995,0.8995635581293238,64.09660938225736,-3.5499999999999545,-36.75,1,1,1,1,1
2017-07-31,1601.95,1618.8,1596.0,1615.2,1566.4321428571425,0.8939115084398019,64.5494152717267,7.5,10.700000000000045,0,1,1,1,1
2017-08-01,1622.75,1622.75,1591.5,1603.6,1573.0392857142854,0.8697917340835638,71.15773508594538,7.5499999999999545,20.799999999999955,1,1,1,1,0
2017-08-02,1610.0,1635.7,1608.1,1629.2,1580.6892857142855,0.867889282173966,72.8785357737105,6.400000000000091,-12.75,1,0,0,0,0
2017-08-03,1626.85,1664.9,1617.05,1650.1,1588.9999999999998,0.8746254750200684,76.67253521126759,-2.3500000000001364,16.84999999999991,0,0,0,0,0
2017-08-04,1663.0,1663.0,1615.1,1622.15,1594.0285714285712,0.87310763977676,59.33182617432809,12.900000000000091,36.15000000000009,0,0,0,0,0
2017-08-07,1631.6,1631.6,1612.55,1616.35,1600.9178571428567,0.8097536838955464,50.315005727376835,9.449999999999818,-31.40000000000009,0,0,0,0,0
2017-08-08,1618.0,1621.05,1586.8,1602.55,1605.8892857142853,0.6647277185761402,50.11409013120361,1.650000000000091,-13.599999999999909,0,0,0,0,0
2017-08-09,1601.5,1620.0,1585.0,1598.8,1610.8821428571423,0.3462572807356242,42.442410855159345,-1.0499999999999545,-16.5,0,0,0,0,0
2017-08-10,1593.05,1606.65,1577.95,1584.35,1610.8357142857135,-0.03166114700943516,46.39530872714728,-5.75,-8.450000000000045,0,0,0,0,0
2017-08-11,1550.95,1580.0,1533.0,1546.25,1605.9071428571422,-0.19171267823180746,36.80897646414887,-33.399999999999864,-42.09999999999991,1,1,1,1,1
2017-08-14,1561.0,1584.5,1561.0,1573.05,1603.8285714285705,-0.311817208940452,38.83443708609269,14.75,10.049999999999955,0,0,1,0,0
2017-08-16,1572.0,1576.0,1550.2,1566.1,1599.782142857142,-0.2769813849071986,39.815317762085826,-1.0499999999999545,11.0,1,1,0,0,1
2017-08-17,1569.0,1597.65,1561.15,1567.1,1597.8035714285704,-0.37531154312399007,30.53291536050149,2.900000000000091,-3.0,1,0,0,1,1
2017-08-18,1564.0,1577.8,1553.15,1575.4,1596.4428571428562,-0.4845899523387067,24.57454050374413,-3.099999999999909,-5.0,0,0,1,0,0
2017-08-21,1577.0,1584.15,1560.25,1564.4,1592.8142857142848,-0.4220800924688865,27.779915352058524,1.599999999999909,13.0,0,1,1,1,0
2017-08-22,1572.0,1579.9,1556.05,1560.05,1589.7035714285705,-0.34686314510419614,28.093385214007824,7.599999999999909,-5.0,1,1,1,0,1
2017-08-23,1564.85,1586.55,1553.15,1582.05,1586.3357142857133,-0.13365061859357438,42.501828822238494,4.7999999999999545,-7.150000000000091,0,0,0,0,1
2017-08-24,1590.0,1593.1,1564.5,1568.05,1580.474999999999,0.20186812529816783,39.537257570602264,7.9500000000000455,25.15000000000009,0,0,0,1,1
2017-08-28,1579.05,1581.95,1561.2,1566.55,1576.5035714285702,0.35714555178191754,43.358208955223915,11.0,-10.950000000000045,0,0,1,1,1
2017-08-29,1561.85,1567.5,1530.0,1532.15,1570.4892857142847,0.5776558230472759,44.58940905602461,-4.7000000000000455,-17.200000000000045,1,1,1,1,1
2017-08-30,1547.55,1568.8,1541.25,1564.1,1567.742857142856,0.5007558586866621,46.69619785898854,15.399999999999864,-14.299999999999955,1,1,1,1,1
2017-08-31,1575.0,1597.45,1574.0,1594.5,1567.4357142857134,0.07783057150618497,58.9364380113279,10.900000000000091,27.450000000000045,1,1,1,1,0
2017-09-01,1599.85,1616.6,1599.0,1610.1,1569.2749999999992,-0.26641153165346904,62.39193083573487,5.349999999999909,24.84999999999991,1,1,1,0,0
2017-09-04,1615.5,1636.15,1595.85,1613.35,1574.0678571428562,-0.23311651413342674,61.264470169189636,5.400000000000091,15.650000000000091,1,1,0,0,0
2017-09-05,1630.0,1634.85,1621.05,1632.6,1578.3214285714275,-0.2551401040475049,69.29824561403505,16.65000000000009,14.5,1,0,0,0,0
2017-09-06,1626.4,1652.5,1622.8,1645.4,1583.9857142857134,-0.13236092501357355,73.04887928706461,-6.199999999999818,-3.599999999999909,0,0,0,0,0
2017-09-07,823.0,832.5,815.0,818.1,1530.4857142857134,0.7977576600992156,11.43419657731333,-822.4000000000001,-803.4000000000001,0,0,1,1,1
2017-09-08,820.0,823.25,812.1,816.9,1476.307142857142,0.8919189357872948,11.583900168772061,1.8999999999999773,-3.0,1,1,1,1,1
2017-09-11,821.3,826.85,816.55,817.9,1422.9857142857134,0.8851136229734307,11.692165992938655,4.399999999999977,1.2999999999999545,1,1,1,1,1
2017-09-12,822.75,825.0,817.0,823.75,1370.3928571428564,0.8662285265975805,12.660763230023193,4.850000000000023,1.4500000000000455,1,1,1,1,1
2017-09-13,824.0,859.9,822.0,849.0,1318.0321428571422,0.8389943031191907,12.039494638496663,0.25,1.25,0,0,0,0,0
2017-09-14,855.8,861.5,842.0,843.85,1266.3035714285706,0.8157122589149844,9.054710085637936,6.7999999999999545,31.799999999999955,0,1,0,1,0
2017-09-15,842.0,852.85,834.75,841.8,1214.5357142857135,0.7917773496592194,7.463182371830371,-1.8500000000000227,-13.799999999999955,1,0,1,0,0
2017-09-18,850.0,851.05,843.1,845.55,1165.4928571428563,0.7658057874550691,7.514386896857033,8.200000000000045,8.0,0,1,0,0,0
2017-09-19,848.7,848.75,837.0,838.6,1113.6714285714277,0.7355277456578495,5.458319308874707,3.150000000000091,-1.2999999999999545,1,1,0,0,0
2017-09-20,856.1,872.5,845.1,847.15,1060.289285714285,0.693488595176259,5.005354827800005,17.5,7.399999999999977,0,0,0,0,0
2017-09-21,847.0,851.7,836.25,841.35,1005.3785714285706,0.6381141662462052,67.73455377574372,-0.14999999999997726,-9.100000000000023,0,0,0,0,0
2017-09-22,839.9,839.9,813.2,817.4,948.5249999999991,0.563864472073395,50.283125707814264,-1.4500000000000455,-7.100000000000023,1,1,0,0,0
2017-09-25,815.0,827.95,805.2,821.55,890.5928571428561,0.4337962486129411,51.995626025150344,-2.3999999999999773,-24.899999999999977,0,0,0,0,0
2017-09-26,821.7,827.05,812.2,820.1,831.6428571428562,-0.10954901609258992,47.9035037334865,0.15000000000009095,6.7000000000000455,0,0,0,0,0
2017-09-27,825.6,825.7,795.5,799.15,830.2892857142848,0.2569156733355238,19.87915407854979,5.5,3.8999999999999773,0,0,0,1,1
2017-09-28,799.65,802.9,780.2,786.45,828.1142857142848,0.5375163277907702,18.217054263565842,0.5,-25.950000000000045,0,1,1,1,1
2017-09-29,791.75,793.4,779.1,780.9,825.4714285714277,0.7251718561958301,17.537313432835788,5.2999999999999545,-7.899999999999977,1,1,1,1,1
2017-10-03,795.0,803.85,785.35,798.35,823.657142857142,0.8501379804907251,28.04651162790698,14.100000000000023,3.25,1,1,1,1,1
2017-10-04,799.2,824.95,795.6,818.85,821.5035714285706,0.8223349797901648,41.842213961173066,0.8500000000000227,4.2000000000000455,1,1,1,1,1
2017-10-05,825.0,828.45,818.65,824.15,820.0964285714277,0.7852779625175333,40.2376910016978,6.149999999999977,25.799999999999955,1,1,1,1,1
2017-10-06,824.0,839.35,822.6,837.05,819.757142857142,0.6946972636856682,48.27862289831863,-0.14999999999997726,-1.0,0,1,1,1,1
2017-10-09,839.0,839.8,828.0,830.65,818.6928571428563,0.5939518410364015,56.171401956217984,1.9500000000000455,15.0,1,1,1,1,1
2017-10-10,831.0,847.3,831.0,843.2,819.0214285714277,0.4645845285375334,59.35205183585317,0.35000000000002274,-8.0,0,1,1,1,1
2017-10-11,845.3,858.4,836.0,840.15,818.5214285714277,0.22945310672359867,58.5428206220707,2.099999999999909,14.299999999999955,1,1,1,1,1
2017-10-12,842.1,876.8,842.1,872.75,820.7642857142848,-0.10362715486791381,78.52713178294573,1.9500000000000455,-3.199999999999932,1,1,1,1,1
2017-10-13,879.3,890.7,873.35,876.45,824.9821428571421,-0.14344945896422423,87.49999999999993,6.5499999999999545,37.19999999999993,1,0,1,1,1
2017-10-16,879.0,892.0,861.3,876.8,828.9285714285706,-0.2549936898998962,91.7682926829268,2.5499999999999545,-0.2999999999999545,0,1,1,1,1
2017-10-17,878.0,884.0,867.2,874.35,832.8035714285706,-0.0003366458700682565,88.07615230460924,1.2000000000000455,-1.0,1,1,1,1,1
2017-10-18,877.4,917.9,875.0,914.5,841.0428571428564,0.4763421226340327,90.03767266638762,3.0499999999999545,-0.6000000000000227,0,1,1,1,1
2017-10-19,915.8,921.9,903.0,909.9,849.8607142857135,0.6895657455772649,86.10526315789474,1.2999999999999545,38.39999999999998,1,1,1,1,1
2017-10-23,912.9,944.7,909.1,939.75,861.207142857142,0.8560828521454894,87.84082535003685,3.0,-2.8999999999999773,0,1,1,0,1
2017-10-24,947.7,947.7,928.2,934.25,870.9142857142849,0.9077431349951346,88.42729970326408,7.9500000000000455,34.80000000000007,1,1,0,1,1
2017-10-25,940.1,945.9,929.5,939.9,879.5607142857134,0.9214276605366358,87.80297107114932,5.850000000000023,-7.600000000000023,1,0,1,1,1
2017-10-26,940.0,957.8,931.0,947.4,888.3642857142848,0.9316137358235844,90.51756705704574,0.10000000000002274,-0.10000000000002274,0,0,0,1,0
2017-10-27,950.0,956.7,925.7,929.85,894.9928571428563,0.9033207925156976,74.33930093776645,2.6000000000000227,10.0,1,1,1,1,1
2017-10-30,934.0,945.55,930.6,942.5,902.9821428571421,0.9015982313491621,76.15841584158419,4.149999999999977,-16.0,0,1,1,1,0
2017-10-31,944.95,945.75,932.2,940.85,909.957142857142,0.8873795736867326,75.10780086240696,2.4500000000000455,10.950000000000045,1,1,1,0,0
2017-11-01,947.75,957.8,945.75,952.55,917.9857142857135,0.8993693641977828,78.58187134502924,6.899999999999977,2.7999999999999545,0,0,0,0,0
2017-11-02,952.8,956.5,944.25,946.6,923.2607142857134,0.8757404690904118,65.64327485380122,0.25,5.0499999999999545,0,0,0,0,0
2017-11-03,955.95,955.95,940.15,945.3,928.1785714285705,0.840708274039837,67.8247734138973,9.350000000000023,3.150000000000091,0,0,0,0,0
2017-11-06,942.5,942.5,929.0,932.5,932.157142857142,0.7421856061874402,45.592705167173236,-2.7999999999999545,-13.450000000000045,0,0,0,0,0
2017-11-07,933.35,935.0,903.05,906.7,934.4678571428564,0.333346080457444,36.567528035104814,0.8500000000000227,-9.149999999999977,0,0,0,0,0
2017-11-08,902.5,906.0,884.1,887.8,932.5607142857134,-0.10189648387770117,27.504317789291846,-4.2000000000000455,-30.850000000000023,1,0,0,0,0
2017-11-09,894.75,909.9,892.05,900.5,931.8892857142848,-0.4373226047154113,30.619834710743802,6.9500000000000455,-7.75,0,0,0,0,1
2017-11-10,900.95,900.95,879.2,883.85,927.8964285714277,-0.4784810231471446,30.84929225645294,0.4500000000000455,6.2000000000000455,0,1,0,1,1
2017-11-13,885.0,891.9,873.5,875.25,923.682142857142,-0.5060522134750488,21.025420077552766,1.1499999999999773,-15.950000000000045,1,1,1,1,1
2017-11-14,875.0,895.0,873.0,886.7,919.8821428571421,-0.48121401656319135,28.48629320619787,-0.25,-10.0,0,1,1,1,1
2017-11-15,884.5,890.6,877.95,883.7,915.3321428571422,-0.3381403248844075,20.61459667093476,-2.2000000000000455,9.5,1,1,1,1,1
2017-11-16,885.5,906.0,885.5,903.85,913.4749999999993,-0.28109669741314436,33.7266844309098,1.7999999999999545,1.0,1,1,1,1,1
2017-11-17,918.95,924.9,908.5,911.9,911.289285714285,-0.13167288303515381,37.9073135409124,15.100000000000023,33.450000000000045,1,1,1,1,1
2017-11-20,906.2,924.35,905.0,920.85,909.8607142857136,-0.04657711345142292,45.66108007448791,-5.699999999999932,-12.75,1,1,1,1,1
2017-11-21,926.8,939.65,925.5,932.55,908.4321428571421,-0.0915684043839333,60.75738660008319,5.949999999999932,20.59999999999991,0,1,1,1,1
2017-11-22,937.45,938.65,923.45,930.75,907.2999999999993,-0.2235617479397154,70.8393983503154,4.900000000000091,10.650000000000091,1,1,1,1,1
2017-11-23,931.0,949.9,926.65,947.0,907.4214285714279,-0.47647375535992076,71.81050656660415,0.25,-6.4500000000000455,1,1,0,0,0
2017-11-24,950.0,959.5,947.4,951.1,908.7499999999993,-0.6817265575591671,85.75225943646998,3.0,19.0,1,0,0,0,0
2017-11-27,947.25,957.5,944.0,951.35,911.939285714285,-0.7398225279189542,94.39906651108524,-3.8500000000000227,-2.75,0,0,0,0,0
2017-11-28,949.85,951.35,938.1,943.35,915.9071428571423,-0.6935485511476418,84.4376899696049,-1.5,2.6000000000000227,1,0,0,0,0
2017-11-29,941.85,950.0,941.0,946.0,919.1571428571423,-0.6533908041123635,88.03418803418808,-1.5,-8.0,0,0,0,0,0
2017-11-30,941.45,941.45,919.5,921.55,921.8499999999993,-0.5342808862959803,60.266821345707626,-4.5499999999999545,-0.39999999999997726,0,0,0,1,1
2017-12-01,924.45,931.25,907.7,910.1,924.3392857142851,-0.40295162062414985,48.995535714285744,2.900000000000091,-17.0,0,1,1,1,1
2017-12-04,913.5,913.8,897.35,901.6,925.4035714285708,-0.4157011470820712,39.20358945597306,3.3999999999999773,-10.950000000000045,1,1,1,1,1
2017-12-05,901.05,920.75,895.45,913.7,927.5464285714279,-0.5103100277370225,39.47515354550536,-0.5500000000000682,-12.450000000000045,1,1,1,1,1
2017-12-06,910.0,930.3,908.8,926.65,929.1749999999993,-0.5360117614123846,47.964250248262154,-3.7000000000000455,8.950000000000045,1,0,0,0,0
2017-12-07,930.05,936.0,923.0,931.55,930.5785714285706,-0.5614800271620712,41.35422495803019,3.3999999999999773,20.049999999999955,0,0,0,0,0
2017-12-08,933.85,936.95,919.05,921.0,930.589285714285,-0.6489137734317861,34.29018789144047,2.300000000000068,3.800000000000068,0,0,0,1,0
2017-12-11,922.45,926.0,913.55,916.15,929.4178571428564,-0.6982904983493506,32.470119521912295,1.4500000000000455,-11.399999999999977,0,0,1,1,1
2017-12-12,915.95,929.0,908.0,915.6,928.3357142857136,-0.7747342084246469,35.072619688004266,-0.1999999999999318,-6.5,0,1,1,1,1
2017-12-13,916.9,924.95,910.7,914.65,926.0249999999993,-0.7519669292410432,32.82191780821914,1.2999999999999545,0.9499999999999318,1,1,1,1,1
2017-12-14,919.0,924.9,908.75,921.5,923.9107142857135,-0.6730152455241944,49.966055668703355,4.350000000000023,2.1000000000000227,0,0,1,0,0
2017-12-15,931.0,932.95,917.7,919.75,921.6535714285707,-0.4757345350016779,57.5449569976544,9.5,12.0,1,1,0,0,1
2017-12-18,911.95,932.65,862.65,921.0,920.057142857142,-0.22849324306516758,67.10758377425043,-7.7999999999999545,-19.049999999999955,1,0,0,0,1
2017-12-19,923.6,927.0,920.0,925.95,918.6249999999992,0.014191056945914568,62.36125126135218,2.6000000000000227,11.649999999999977,0,0,0,1,0
2017-12-20,925.9,927.4,917.0,918.15,918.3821428571421,0.04524160452616006,40.427927927927946,-0.05000000000006821,2.2999999999999545,0,1,1,1,1
2017-12-21,918.45,923.95,910.0,912.95,918.5857142857136,0.11083544995449783,29.194630872483344,0.3000000000000682,-7.449999999999932,1,1,1,1,1
2017-12-22,914.65,922.4,909.3,920.4,919.9285714285706,0.16620656146914572,49.27884615384613,1.6999999999999318,-3.800000000000068,1,1,1,1,0
2017-12-26,924.85,938.9,918.15,929.8,921.0785714285705,0.13788619453557285,64.78873239436618,4.4500000000000455,10.200000000000045,0,0,0,0,0
2017-12-27,933.0,937.5,919.0,923.75,920.8714285714277,0.02982283790221616,57.8896418199419,3.2000000000000455,8.149999999999977,1,0,0,0,0
2017-12-28,925.25,934.4,919.1,924.2,920.3464285714279,-0.32175898684931253,59.3352883675465,1.5,-7.75,0,0,0,0,0
2017-12-29,926.5,932.3,918.5,921.05,920.3499999999992,-0.4097920470154243,49.52581664910428,2.2999999999999545,1.25,0,0,0,0,1
2018-01-01,922.7,922.7,907.5,909.75,919.8928571428563,-0.19773361671857334,41.228070175438596,1.650000000000091,-3.7999999999999545,1,1,1,1,1
2018-01-02,913.0,919.55,906.4,911.15,919.5749999999991,0.015922248804686026,41.38232720909883,3.25,-9.700000000000045,1,1,1,1,1
2018-01-03,925.0,926.0,913.05,914.8,919.5857142857134,0.32003610707091135,40.017905102954245,13.850000000000023,12.0,1,1,1,1,1
2018-01-04,918.15,921.8,915.7,920.3,919.4999999999991,0.3679811926112337,52.007469654528464,3.3500000000000227,-6.850000000000023,1,1,1,1,1
2018-01-05,921.8,926.9,920.25,923.25,919.7499999999991,0.4201712831925808,60.038986354775794,1.5,3.6499999999999773,1,1,1,1,1
2018-01-08,926.1,931.0,923.5,928.55,920.2892857142848,0.44856100729762677,58.29094608341809,2.8500000000000227,4.300000000000068,1,1,1,1,1
2018-01-09,928.15,943.9,924.0,940.95,921.3607142857134,0.7260059165150474,60.69031639501445,-0.39999999999997726,2.0499999999999545,1,0,1,1,0
2018-01-10,943.0,947.4,935.5,942.35,923.0892857142848,0.8555577467396255,69.57894736842103,2.0499999999999545,14.850000000000023,0,1,1,0,0
2018-01-11,941.8,942.65,935.0,937.75,924.8607142857134,0.7801737967768877,63.117134559535266,-0.5500000000000682,-1.2000000000000455,1,1,0,0,0
2018-01-12,943.0,952.8,938.25,949.0,926.9035714285704,0.837125532076842,73.38912133891218,5.25,1.2000000000000455,1,0,0,0,0
2018-01-15,950.0,958.5,945.2,949.15,928.2857142857134,0.8639863198692669,90.53497942386826,1.0,7.0,0,0,0,0,1
2018-01-16,947.7,947.7,920.0,922.95,928.2285714285706,0.6800556170049854,58.038147138964625,-1.4499999999999318,-2.2999999999999545,1,0,1,1,1
2018-01-17,926.0,929.0,907.0,924.5,928.2499999999991,0.5771437922546139,56.802244039270725,3.0499999999999545,-21.700000000000045,0,1,1,1,1
2018-01-18,929.0,929.6,915.1,919.7,928.1535714285707,0.4541339746280083,49.575070821529806,4.5,3.0,1,1,1,1,1
2018-01-19,923.0,934.4,922.1,931.3,929.6928571428563,0.37700918722398075,55.0788643533123,3.2999999999999545,-6.0,1,1,1,1,1
2018-01-22,948.0,974.3,940.0,971.5,934.0035714285706,0.5527076665528388,68.81296539640827,16.700000000000045,25.0,1,0,0,0,0
2018-01-23,975.0,990.95,975.0,983.25,938.8928571428563,0.7043834474862596,68.6343612334802,3.5,27.0,0,0,0,0,0
2018-01-24,981.75,981.75,962.65,966.35,942.1821428571421,0.7142329004540852,59.302325581395365,-1.5,6.75,0,0,0,0,0
2018-01-25,967.9,972.0,956.15,965.9,945.2285714285707,0.7058149473774379,61.27352823388066,1.5499999999999545,-13.850000000000023,0,0,0,0,0
2018-01-29,966.2,977.3,959.3,964.5,947.7964285714279,0.6877797179510006,56.73913043478262,0.3000000000000682,-1.6999999999999318,0,0,0,0,0
2018-01-30,965.8,965.8,949.0,950.4,948.4714285714279,0.6319263321590747,50.484683986041105,1.2999999999999545,-0.40000000000009095,1,0,0,0,0
2018-01-31,950.0,964.5,941.55,961.3,949.8249999999991,0.6431270239980849,66.87197536295642,-0.39999999999997726,-15.799999999999955,0,0,0,0,0
2018-02-01,963.25,972.6,936.6,943.85,950.2607142857134,0.542979203422093,57.46815901196452,1.9500000000000455,13.25,0,0,0,0,0
2018-02-02,935.0,943.95,901.0,904.35,947.0714285714278,0.3347244529740993,45.32724505327244,-8.850000000000023,-28.25,0,0,0,1,0
2018-02-05,894.0,912.5,881.8,902.15,943.714285714285,0.26818745663881155,40.58766548272523,-10.350000000000023,-41.0,0,0,1,0,1
2018-02-06,877.0,898.0,871.0,892.1,941.5107142857134,0.16672858724334366,18.163592622293493,-25.149999999999977,-17.0,1,1,1,1,1
2018-02-07,902.55,905.4,890.0,894.4,939.3607142857135,0.1342533827076266,11.453362255965246,10.449999999999932,25.549999999999955,1,1,1,1,1
2018-02-08,897.9,910.65,892.35,904.55,938.2785714285704,0.10107664607119587,21.520737327188883,3.5,-4.649999999999977,0,1,1,1,1
2018-02-09,889.0,902.0,886.0,897.85,935.8892857142848,0.1946055256212148,20.34858387799561,-15.549999999999955,-8.899999999999977,1,1,1,1,1
2018-02-12,903.0,918.2,902.05,915.5,931.8892857142848,0.4167243473524578,31.297709923664087,5.149999999999977,14.0,1,1,1,1,1
2018-02-14,923.0,942.5,921.0,933.65,928.3464285714277,0.4392032571741668,43.798593113661596,7.5,20.0,1,0,0,0,0
2018-02-15,937.65,945.75,928.15,935.65,926.1535714285704,0.34373734661782857,39.83353151010701,4.0,14.649999999999977,0,0,0,0,0
2018-02-16,939.6,942.6,918.1,921.3,922.9678571428561,0.2770759803529005,40.83705810646075,3.9500000000000455,1.9500000000000455,1,0,1,1,1
2018-02-19,921.0,932.0,913.55,927.0,920.2892857142848,0.11382201628028106,62.6890756302521,-0.2999999999999545,-18.600000000000023,0,1,0,1,1
2018-02-20,929.0,929.55,918.8,921.1,918.1964285714276,-0.026873658768351884,60.19365250134486,2.0,8.0,1,1,1,1,1
2018-02-21,930.0,932.5,922.15,929.35,915.9142857142849,-0.41257259784454725,70.43335161821176,8.899999999999977,1.0,0,1,1,1,1
2018-02-22,922.0,931.0,920.0,924.35,914.5214285714277,-0.7960338003614199,65.9563132658498,-7.350000000000023,-8.0,1,1,1,1,1
2018-02-23,925.4,938.0,922.75,934.25,916.657142857142,-0.8270437029980059,65.86538461538466,1.0499999999999545,3.3999999999999773,1,1,1,1,0
2018-02-26,939.0,944.9,936.6,938.7,919.2678571428563,-0.8243699862566961,72.35905856595512,4.75,13.600000000000023,1,1,1,0,0
2018-02-27,939.0,955.8,938.35,950.5,923.4392857142849,-0.7020066063288312,70.46783625730994,0.2999999999999545,0.0,1,0,0,0,0
2018-02-28,945.95,957.1,943.2,954.55,927.7357142857135,-0.45182039923525963,64.63585434173669,-4.5499999999999545,6.9500000000000455,0,0,0,0,0
2018-03-01,949.75,959.9,945.95,948.4,930.8678571428563,-0.1554544980381739,58.43812045003309,-4.7999999999999545,3.7999999999999545,0,0,0,0,0
2018-03-05,943.0,950.15,921.6,924.1,932.7428571428563,0.1524020566157411,51.637426900584835,-5.399999999999977,-6.75,0,0,0,0,1
2018-03-06,929.0,936.2,905.1,910.85,932.4107142857135,0.09454273466814299,41.321869962385804,4.899999999999977,-14.0,0,1,1,1,1
2018-03-07,909.25,909.25,888.05,889.75,929.2749999999993,-0.10976612948659922,35.519630484988426,-1.6000000000000227,-19.75,1,1,1,1,1
2018-03-08,897.65,914.5,893.3,911.45,927.5464285714279,-0.16393476160943424,42.64585045193098,7.899999999999977,-11.600000000000023,1,1,1,1,1
2018-03-09,914.9,919.35,911.05,913.1,926.9607142857137,-0.19251579642825978,45.247148288973385,3.449999999999932,17.25,1,1,1,0,0
2018-03-12,920.0,933.1,917.55,930.3,927.1964285714279,-0.18724278032346273,48.428173497811365,6.899999999999977,5.100000000000023,1,0,0,0,0
2018-03-13,931.9,936.0,921.35,931.85,927.9642857142851,-0.21495310759190372,47.20977596741343,1.6000000000000227,11.899999999999977,0,0,0,0,0
2018-03-14,928.8,932.05,919.2,929.05,927.9428571428564,-0.22470525414204678,40.57142857142855,-3.050000000000068,-3.1000000000000227,0,0,0,0,0
2018-03-15,925.0,929.45,910.0,911.8,927.0464285714278,-0.31455319456855657,33.16266246553761,-4.0499999999999545,-3.7999999999999545,0,0,0,0,0
2018-03-16,909.0,909.7,886.05,900.05,924.6035714285706,-0.20304996089771854,31.761599396454173,-2.7999999999999545,-16.0,0,0,0,1,0
2018-03-19,901.0,906.9,892.0,895.5,921.5178571428562,0.14085725203059418,37.322695035460995,0.9500000000000455,-8.0,0,1,1,0,1
2018-03-20,893.3,904.0,887.05,889.8,917.1821428571419,0.506875119623353,39.99999999999998,-2.2000000000000455,-7.7000000000000455,1,1,1,1,1
2018-03-21,894.85,902.35,893.3,896.9,913.0642857142848,0.5855406752672001,53.91780821917806,5.050000000000068,1.5500000000000682,1,0,1,1,0
2018-03-22,896.0,911.95,895.75,908.15,910.1892857142848,0.46769296790947484,47.957920792079165,-0.8999999999999773,1.1499999999999773,0,0,0,0,0
2018-03-23,890.6,900.0,889.1,893.9,908.0321428571418,0.4852828481283422,39.72162740899356,-17.549999999999955,-5.399999999999977,1,1,0,0,1
2018-03-26,893.95,904.3,892.5,901.1,907.3357142857133,0.4924352691143117,32.49400479616315,0.05000000000006821,3.3500000000000227,0,0,0,0,0
2018-03-27,907.2,910.75,897.0,899.8,908.0535714285704,0.6616822723194992,30.727600721587507,6.100000000000023,13.25,0,0,0,0,1
2018-03-28,895.8,895.85,880.0,882.7,905.999999999999,0.7236653550102008,26.21857362750133,-4.0,-11.400000000000091,1,1,1,1,1
2018-04-02,893.0,900.95,886.5,892.95,904.5607142857133,0.7341137454626807,39.57987838584859,10.299999999999955,-2.7999999999999545,1,1,1,1,1
2018-04-03,891.0,901.7,885.25,899.55,902.3642857142847,0.66339107113625,49.70691676436108,-1.9500000000000455,-2.0,0,1,1,1,1
2018-04-04,904.7,911.8,892.05,894.9,899.7249999999989,0.5726035460575983,49.6487119437939,5.150000000000091,13.700000000000045,1,1,1,1,1
2018-04-05,905.1,910.0,903.5,908.2,898.2357142857134,0.17575976073583685,59.89247311827962,10.200000000000045,0.39999999999997726,1,1,1,1,1
2018-04-06,908.0,918.5,905.0,911.0,898.1785714285705,-0.2751647874660469,57.9481397970688,-0.20000000000004547,2.8999999999999773,1,1,1,1,1
2018-04-09,912.55,919.0,912.55,916.0,899.3178571428563,-0.4680164401565997,54.76046088538509,1.5499999999999545,4.5499999999999545,1,1,1,1,1
2018-04-10,918.4,923.9,914.15,917.05,900.857142857142,-0.5300425209189871,66.71480144404333,2.3999999999999773,5.850000000000023,1,1,1,1,1
2018-04-11,921.8,932.75,916.05,930.85,903.7892857142849,-0.36588559726490605,69.6110744891233,4.75,3.3999999999999773,0,1,1,1,1
2018-04-12,929.85,936.65,924.2,928.7,906.0607142857135,-0.21430367595075833,68.83963494132996,-1.0,8.050000000000068,1,1,1,1,1
2018-04-13,932.7,941.7,928.7,938.85,908.2535714285707,-0.02031349731484029,90.25089605734772,4.0,2.8500000000000227,0,1,0,1,0
2018-04-16,934.45,940.0,928.5,937.05,911.3357142857136,0.27203831224411146,85.97063621533437,-4.399999999999977,1.75,1,1,1,0,0
2018-04-17,940.0,947.2,936.0,944.25,914.4178571428564,0.49662216049011715,86.1066235864297,2.9500000000000455,5.5499999999999545,0,0,0,0,1
2018-04-18,945.25,948.2,935.05,938.0,917.1464285714279,0.6183588944062464,83.9370078740157,1.0,5.25,1,0,0,1,1
2018-04-19,939.1,945.0,935.0,942.3,921.4035714285707,0.7621765768396092,81.2844036697247,1.1000000000000227,-6.149999999999977,0,0,1,1,1
2018-04-20,938.0,941.85,921.2,927.9,923.8999999999991,0.7332171216065374,62.78366111951587,-4.2999999999999545,-1.1000000000000227,1,1,1,1,1
2018-04-23,930.0,944.35,928.5,936.0,926.5035714285706,0.7256137973768385,64.45086705202311,2.1000000000000227,-8.0,1,1,1,1,1
2018-04-24,935.8,975.7,935.0,970.05,931.8714285714277,0.813501697551443,75.92954990215263,-0.20000000000004547,5.7999999999999545,1,1,1,0,1
2018-04-25,973.65,981.8,963.55,970.5,936.3214285714276,0.8465678277928984,72.31288688801348,3.6000000000000227,37.85000000000002,1,1,0,1,0
2018-04-26,973.0,988.0,962.25,975.35,940.9178571428563,0.86780853496268,75.47788093937736,2.5,-0.6499999999999773,1,0,0,0,0
2018-04-27,989.8,1011.0,985.5,996.3,946.6535714285704,0.8876933264908572,78.06546165119684,14.449999999999932,16.799999999999955,0,0,0,0,0
2018-04-30,982.0,992.6,960.0,963.3,949.9571428571419,0.8329530677877921,59.827779857731194,-14.299999999999955,-7.7999999999999545,1,0,0,1,1
2018-05-02,967.0,979.2,965.05,972.7,952.9464285714276,0.8266749447229262,60.47882136279928,3.7000000000000455,-15.0,0,0,0,0,1
2018-05-03,977.9,977.9,959.25,961.6,955.2964285714277,0.7600928817262761,58.39260312944524,5.199999999999932,10.899999999999977,0,1,1,1,1
2018-05-04,962.85,964.7,950.0,953.95,956.3749999999991,0.6737967739595594,54.046543938867686,1.25,-15.049999999999955,1,1,1,1,1
2018-05-07,958.85,973.25,956.35,971.0,958.7999999999992,0.6489639554888055,64.69986357435198,4.899999999999977,-4.0,0,1,1,1,1
2018-05-08,977.5,982.0,965.2,967.1,960.432142857142,0.6209905231243058,60.91994382022474,6.5,18.649999999999977,1,1,1,1,1
2018-05-09,965.9,984.3,962.25,976.7,963.1964285714278,0.5829179386802907,52.81899109792289,-1.2000000000000455,-11.600000000000023,1,1,1,1,0
2018-05-10,980.0,984.6,974.25,981.15,965.9714285714279,0.5537443527406513,54.366543665436645,3.2999999999999545,14.100000000000023,1,1,0,0,0
2018-05-11,981.25,991.3,977.75,989.25,970.3535714285707,0.45661168591071566,55.55111821086261,0.10000000000002274,1.25,0,0,0,0,0
2018-05-14,991.95,991.95,976.7,986.6,973.9678571428565,0.2711331098835051,45.463049579045865,2.7000000000000455,10.700000000000045,0,0,0,0,0
2018-05-15,983.05,1000.0,976.65,978.95,974.6035714285708,0.27949995842755543,59.59534028203562,-3.550000000000068,-8.900000000000091,0,0,0,0,0
2018-05-16,974.0,974.0,952.45,956.15,973.5785714285709,0.08188717695599931,41.28488678251708,-4.9500000000000455,-9.049999999999955,0,0,0,0,0
2018-05-17,959.35,960.0,941.5,945.35,971.4357142857136,-0.04243096247733336,41.41574220813522,3.2000000000000455,-14.649999999999977,0,0,0,0,0
2018-05-18,945.6,953.5,932.0,933.85,966.9749999999995,0.13629572490377453,39.79695431472079,0.25,-13.75,0,0,0,0,0
2018-05-21,930.75,935.7,922.1,931.35,964.6928571428567,0.10606819894474086,26.384752829064908,-3.1000000000000227,-14.850000000000023,0,0,0,0,0
2018-05-22,933.15,934.0,925.0,926.75,961.4107142857138,0.24808963352410623,26.166568222090945,1.7999999999999545,2.3999999999999773,0,0,0,0,0
2018-05-23,926.0,926.0,909.15,912.25,957.8857142857138,0.41036819200326247,14.014517029592355,-0.75,-7.149999999999977,1,1,1,1,1
2018-05-24,914.0,921.0,910.15,915.85,955.1642857142851,0.5422902441940514,13.190529875986513,1.75,-12.0,1,1,1,1,1
2018-05-25,916.0,923.4,914.45,920.8,951.5785714285709,0.6750324414523833,9.994155464640514,0.14999999999997726,2.0,0,0,0,1,1
2018-05-28,924.9,927.0,918.1,920.4,948.2428571428565,0.7362660900587868,10.264105642256851,4.100000000000023,8.899999999999977,0,0,1,1,1
2018-05-29,921.5,928.0,914.4,917.45,944.0107142857136,0.7753168128516547,10.8778625954198,1.1000000000000227,-3.3999999999999773,0,1,1,1,1
2018-05-30,914.85,923.2,906.6,916.1,939.3642857142851,0.7897446478656603,14.960629921259809,-2.6000000000000227,-6.649999999999977,1,1,1,1,1
2018-05-31,921.0,922.3,914.55,921.35,934.5142857142852,0.7650853008903561,26.744186046511587,4.899999999999977,6.149999999999977,1,1,1,1,1
2018-06-01,920.0,935.75,918.45,930.55,930.5107142857136,0.6584943299099134,46.6531440162271,-1.3500000000000227,-1.0,1,1,1,1,1
2018-06-04,933.4,944.0,930.55,940.85,927.789285714285,0.37952915411899535,58.31873905429073,2.8500000000000227,13.399999999999977,1,1,1,1,1
2018-06-05,942.8,955.0,941.0,947.65,927.1821428571421,-0.0828389884018097,67.62225969645871,1.9499999999999318,9.399999999999977,1,1,1,1,1
2018-06-06,947.0,956.0,942.65,954.4,927.8285714285706,-0.4754808028054693,90.88263821532503,-0.6499999999999773,4.2000000000000455,1,1,1,1,1
2018-06-07,954.9,976.0,954.45,971.35,930.5071428571421,-0.5997956602394643,92.75808936825895,0.5,7.899999999999977,1,1,1,1,1
2018-06-08,966.35,986.55,960.6,984.35,934.2928571428564,-0.6163080615499604,93.55723098012346,-5.0,11.450000000000045,0,1,1,1,1
2018-06-11,987.1,999.95,979.05,982.65,938.2857142857135,-0.5797892538240785,91.91919191919192,2.75,20.75,1,1,1,1,1
2018-06-12,983.4,1000.0,980.3,997.15,944.3499999999992,-0.3364326174146835,96.44522144522136,0.75,-3.7000000000000455,1,1,1,1,0
2018-06-13,1000.0,1005.9,989.5,1002.5,950.5392857142849,0.016630625234443506,98.10690423162579,2.8500000000000227,16.600000000000023,1,1,1,0,1
2018-06-14,997.45,1011.8,987.4,1007.95,956.7642857142849,0.36938900110944956,98.11111111111106,-5.0499999999999545,-2.5499999999999545,1,1,0,1,1
2018-06-15,1006.0,1023.5,999.25,1014.2,963.4642857142851,0.6237324184140467,98.04709936817916,-1.9500000000000455,8.549999999999955,1,0,1,1,0
2018-06-18,1008.8,1020.45,1007.0,1015.55,970.4714285714279,0.7624491564419609,97.82330345710622,-5.400000000000091,2.7999999999999545,0,1,1,0,0
2018-06-19,1013.9,1014.8,993.65,996.05,976.182142857142,0.7828952669789927,76.6519823788546,-1.6499999999999773,5.100000000000023,1,1,1,1,0
2018-06-20,996.0,1022.9,994.85,1019.25,983.1749999999992,0.8380143589427913,80.23310023310022,-0.049999999999954525,-17.899999999999977,1,0,0,0,0
2018-06-21,1023.45,1036.0,1021.3,1031.95,990.4178571428564,0.8824170755830834,79.41747572815532,4.2000000000000455,27.450000000000045,0,0,0,0,0
2018-06-22,1028.4,1029.2,1008.45,1012.5,995.5357142857135,0.8575705382948067,62.85975331201459,-3.5499999999999545,4.9500000000000455,0,0,0,0,0
2018-06-25,1011.4,1016.5,1002.3,1004.45,999.5928571428565,0.7915029960726061,59.412780656303994,-1.1000000000000227,-17.000000000000114,0,0,0,0,0
2018-06-26,1006.0,1006.0,975.25,978.95,1001.346428571428,0.5005917091747546,42.82334384858047,1.5499999999999545,-5.399999999999977,0,0,0,0,0
2018-06-27,978.5,985.4,962.7,965.85,1000.9535714285709,0.09410434125439107,36.38052768487553,-0.4500000000000455,-27.5,0,1,0,1,1
2018-06-28,962.0,968.5,940.3,944.95,998.1392857142852,-0.2038947053089122,29.0,-3.8500000000000227,-16.5,1,1,1,1,1
2018-06-29,949.1,975.5,949.0,972.45,997.4107142857138,-0.3934372942095404,37.81021897810219,4.149999999999977,-12.899999999999977,0,0,1,0,1
2018-07-02,972.35,972.35,957.0,960.6,994.7999999999995,-0.48585048359773,34.88308115543332,-0.10000000000002274,23.25,1,1,1,1,1
2018-07-03,965.0,978.45,960.35,971.3,992.5714285714281,-0.5343249771190333,42.84475281873374,4.399999999999977,-7.350000000000023,1,0,1,1,1
2018-07-04,971.8,992.0,971.0,990.1,991.296428571428,-0.5480113090245695,41.35271432809257,0.5,6.7999999999999545,0,0,1,1,1
2018-07-05,997.0,1008.4,958.6,964.5,987.7464285714279,-0.46839950317608414,31.41361256544502,6.899999999999977,25.200000000000045,1,1,1,1,1
2018-07-06,964.75,983.0,964.5,977.55,985.0321428571423,-0.3298656574241577,40.01713796058268,0.25,-32.25,1,1,1,1,1
2018-07-09,987.1,1000.0,983.5,997.1,985.1071428571423,-0.3501902744207315,48.030018761726076,9.550000000000068,22.350000000000023,1,1,1,1,1
2018-07-10,1002.75,1028.5,1000.0,1025.7,985.5678571428567,-0.3394970596636762,62.32533614553124,5.649999999999977,15.649999999999977,1,1,1,1,1
2018-07-11,1025.0,1040.9,1017.85,1038.8,986.0571428571423,-0.4292613888900212,69.23279725810703,-0.7000000000000455,22.25,1,1,1,1,1
2018-07-12,1044.35,1099.0,1042.6,1082.35,991.046428571428,-0.3922068902077416,82.35986811116342,5.5499999999999545,19.34999999999991,1,0,1,1,1
2018-07-13,1080.5,1109.0,1080.0,1099.8,997.8571428571422,-0.1803300015508879,81.4833127317676,-1.849999999999909,36.15000000000009,0,0,0,1,1
2018-07-16,1099.8,1108.9,1073.05,1076.2,1004.8035714285708,0.10601302087071611,77.00934579439254,0.0,19.299999999999955,1,1,1,1,1
2018-07-17,1078.3,1095.95,1069.6,1092.35,1013.8392857142851,0.4234518233039602,77.58031442241969,2.099999999999909,-21.5,1,1,1,1,1
2018-07-18,1098.4,1104.6,1077.3,1092.55,1024.382142857142,0.598400327201915,75.5041075429425,6.050000000000182,20.100000000000136,1,1,1,1,1
2018-07-19,1093.3,1115.0,1086.35,1104.85,1033.8392857142849,0.6852711974512185,87.41668888296458,0.75,-5.100000000000136,1,1,1,1,1
2018-07-20,1113.4,1138.5,1111.9,1128.65,1045.8428571428562,0.7672912018639579,88.09884014120024,8.550000000000182,20.100000000000136,0,0,0,0,1
2018-07-23,1129.8,1129.8,1113.1,1120.3,1056.4857142857134,0.7893313291322613,82.92357028327095,1.1499999999998636,16.399999999999864,0,0,0,1,1
2018-07-24,1122.0,1126.75,1107.4,1110.95,1065.1178571428563,0.774923798918305,75.39469764670838,1.7000000000000455,-7.7999999999999545,1,0,1,1,1
2018-07-25,1110.0,1123.0,1104.2,1115.15,1075.8785714285707,0.7783850257465781,74.01698647373391,-0.9500000000000455,-12.0,0,1,1,1,1
2018-07-26,1110.1,1121.5,1107.8,1110.65,1085.3857142857134,0.7662575547119759,61.8015012510426,-5.050000000000182,0.09999999999990905,1,1,1,1,1
2018-07-27,1119.5,1137.4,1112.15,1129.85,1094.8678571428563,0.7998704519792428,62.35100698725852,8.849999999999909,9.400000000000091,1,1,1,1,1
2018-07-30,1130.0,1157.3,1128.0,1151.4,1103.8464285714276,0.840975559884029,81.43812709030098,0.15000000000009095,10.5,1,1,1,1,1
2018-07-31,1151.0,1190.4,1147.15,1186.0,1114.3607142857134,0.8503487191032696,83.91886997464685,-0.40000000000009095,21.0,1,0,0,1,0
2018-08-01,1190.4,1202.9,1185.4,1192.35,1122.2178571428562,0.8613240986459734,84.6047156726768,4.400000000000091,39.40000000000009,0,0,1,0,1
2018-08-02,1191.5,1191.5,1165.95,1168.35,1127.1142857142847,0.893964857486703,70.36561898652981,-0.849999999999909,1.099999999999909,1,1,1,1,1
2018-08-03,1175.0,1183.5,1169.55,1176.95,1134.3107142857134,0.8879061290962968,67.1641791044776,6.650000000000091,-16.5,1,1,1,1,1
2018-08-06,1176.7,1196.0,1175.35,1192.6,1141.4714285714276,0.8955772100912957,74.4256756756757,-0.25,1.7000000000000455,0,1,1,1,0
2018-08-07,1194.9,1201.4,1177.0,1184.2,1148.0178571428562,0.8857693817923922,74.90649438966344,2.300000000000182,18.200000000000045,1,1,1,1,1
2018-08-08,1185.0,1222.5,1185.0,1217.7,1156.0785714285705,0.8941843178877485,79.0757017295152,0.7999999999999545,-9.900000000000091,1,0,0,0,0
2018-08-09,1221.5,1231.7,1212.0,1217.95,1162.457142857142,0.936099136440596,81.17373619988383,3.7999999999999545,36.5,0,0,0,0,0
2018-08-10,1211.0,1215.0,1202.3,1204.2,1168.449999999999,0.9387136710178479,72.30723072307237,-6.9500000000000455,-10.5,0,1,0,0,1
2018-08-13,1197.55,1199.95,1182.7,1187.7,1173.9321428571418,0.8845038118252162,61.23143564356437,-6.650000000000091,-13.450000000000045,1,1,1,1,1
2018-08-14,1190.0,1217.2,1184.3,1210.6,1180.7499999999986,0.8549391447740798,58.20547031354234,2.2999999999999545,-7.5499999999999545,0,0,1,1,1
2018-08-16,1203.25,1216.0,1195.5,1200.8,1187.1892857142843,0.7882671296141862,52.75513531137922,-7.349999999999909,13.25,1,1,1,1,1
2018-08-17,1209.0,1215.4,1200.05,1203.75,1192.4678571428558,0.7085863624620131,63.3786848072563,8.200000000000045,5.75,1,1,1,1,1
2018-08-20,1207.9,1236.8,1207.65,1234.9,1198.4321428571416,0.687355735862429,68.71165644171785,4.150000000000091,-1.099999999999909,1,1,1,1,1
2018-08-21,1237.25,1251.5,1227.0,1247.2,1202.8035714285702,0.7489395263600963,68.0198019801981,2.349999999999909,29.34999999999991,1,1,1,1,1
2018-08-23,1246.3,1274.0,1238.4,1269.45,1208.3107142857132,0.8112153641138808,75.7786513456305,-0.900000000000091,9.049999999999955,1,1,1,1,1
2018-08-24,1265.25,1279.95,1260.05,1277.5,1216.1071428571418,0.8176222355906353,71.37240886347391,-4.2000000000000455,18.950000000000045,1,1,1,0,0
2018-08-27,1279.4,1295.85,1278.75,1291.5,1224.2892857142847,0.8368538122883942,73.93426618939148,1.900000000000091,14.150000000000091,1,1,0,0,0
2018-08-28,1296.0,1323.0,1295.0,1319.0,1233.3178571428562,0.8766199989055529,84.28912783751495,4.5,16.59999999999991,0,0,0,0,0
2018-08-29,1316.3,1329.0,1290.2,1294.2,1241.174999999999,0.8785445024821237,80.30734206033014,-2.7000000000000455,20.299999999999955,0,0,0,0,0
2018-08-30,1293.6,1297.15,1270.45,1274.45,1245.2285714285704,0.8836664393463572,68.50188351202554,-0.6000000000001364,-22.700000000000045,0,0,0,0,0
2018-08-31,1270.0,1270.0,1236.6,1241.65,1246.9214285714277,0.8085740666358464,60.44489900281262,-4.4500000000000455,-23.59999999999991,0,1,0,1,1
2018-09-03,1245.0,1257.9,1226.05,1229.15,1248.7035714285705,0.6696545797838315,56.19210141394444,3.349999999999909,-25.0,1,0,1,1,1
2018-09-04,1235.15,1254.8,1229.0,1241.95,1252.5785714285705,0.5125338330193197,51.887550200803204,6.0,-9.849999999999909,0,1,1,1,0
2018-09-05,1242.5,1252.65,1208.5,1227.0,1253.7499999999993,0.3178830262613872,44.667370644139375,0.5499999999999545,7.349999999999909,1,1,1,1,1
2018-09-06,1230.15,1265.7,1225.35,1261.4,1258.0785714285707,0.14928324001722157,48.0029769288018,3.150000000000091,-12.349999999999909,1,0,0,0,0
2018-09-07,1264.9,1281.35,1254.5,1278.6,1263.4249999999993,-0.04622253159334626,50.26103464641669,3.5,34.75,0,0,0,0,0
2018-09-10,1275.0,1277.0,1250.1,1255.85,1264.9214285714277,-0.25006401245021903,41.87742082478922,-3.599999999999909,10.099999999999909,0,0,0,0,0
2018-09-11,1259.0,1268.4,1234.25,1237.7,1264.242857142856,-0.47578201054592495,30.652070442646348,3.150000000000091,-16.0,1,1,0,0,0
2018-09-12,1251.8,1258.7,1228.85,1252.5,1263.032142857142,-0.551031687834557,39.58020989505245,14.099999999999909,-7.2000000000000455,1,0,0,0,0
2018-09-14,1259.4,1275.6,1247.65,1253.15,1261.2928571428563,-0.5859646234319104,44.11602209944752,6.900000000000091,7.600000000000136,0,0,0,0,0
