2016-10-25,1036.5,1038.9,1015.2,1017.2,1033.0428571428572,0.3016240408802237,51.98633062793682,9.400000000000091,-1.0,0,0,0,0,0
2016-10-26,1017.0,1019.85,1009.3,1014.2,1030.5428571428572,0.26811188447265205,42.32830004870916,-0.20000000000004547,-19.5,0,0,0,0,0
2016-10-27,1017.9,1017.95,1001.1,1003.5,1027.8285714285714,0.3914504914545991,23.144584936778372,3.699999999999932,0.8999999999999773,0,0,0,0,0
2016-10-28,1005.2,1010.0,993.15,997.5,1025.6928571428573,0.6579258140333988,29.337979094076516,1.7000000000000455,-12.699999999999932,1,0,0,0,0
2016-10-30,1001.0,1005.95,999.8,1002.1,1024.9464285714287,0.8828071519227931,35.82402234636868,3.5,-4.2000000000000455,0,0,0,0,0
2016-11-01,1006.8,1006.8,986.4,989.45,1022.0535714285716,0.9359371482001997,13.313609467455507,4.699999999999932,5.7999999999999545,0,0,0,0,0
2016-11-02,984.8,987.5,980.0,981.05,1016.9607142857143,0.941669873081236,8.532423208191005,-4.650000000000091,-22.0,0,0,0,1,0
2016-11-03,981.05,982.0,965.1,966.85,1012.6535714285716,0.9617601813533421,7.594167679222224,0.0,-3.75,1,1,1,0,0
2016-11-04,967.0,979.2,961.0,971.0,1008.982142857143,0.9577914958372693,10.318396226415103,0.14999999999997726,-14.049999999999955,1,1,0,0,0
2016-11-07,985.0,986.0,975.0,977.95,1004.6178571428574,0.925117943288993,19.490999379267606,14.0,18.0,1,0,0,0,0
2016-11-08,986.9,987.75,970.6,982.6,1000.3892857142861,0.88001233532147,27.025232403718476,8.949999999999932,1.8999999999999773,0,0,0,0,0
2016-11-09,930.0,974.6,901.0,958.3,994.7928571428574,0.8985924878532269,21.066252587991713,-52.60000000000002,-56.89999999999998,0,0,0,0,0
2016-11-10,962.5,962.5,935.0,939.4,987.7285714285717,0.9309419563359602,19.417938931297726,4.2000000000000455,32.5,0,0,1,0,0
2016-11-11,940.0,945.0,918.7,921.55,980.1892857142859,0.9475546247295139,17.445349335619383,0.6000000000000227,-22.5,1,1,1,0,0
2016-11-15,924.0,939.95,908.55,923.55,973.5000000000001,0.9543902603171732,15.56334940815431,2.4500000000000455,-16.0,1,1,0,0,0
2016-11-16,930.0,956.85,928.55,940.9,968.2642857142857,0.9278406627739711,29.5578947368421,6.4500000000000455,6.0,0,0,0,0,0
2016-11-17,934.25,949.0,926.4,929.8,963.0,0.9210114172476589,28.90078221490326,-6.649999999999977,4.25,0,0,0,0,1
2016-11-18,930.0,933.25,917.5,920.0,957.4642857142857,0.922066330690243,29.987184963690737,0.20000000000004547,-4.25,0,0,1,1,1
2016-11-21,926.9,926.9,906.95,911.1,950.9642857142857,0.9245686534338333,25.4105090311987,6.899999999999977,-3.1000000000000227,1,1,1,1,1
2016-11-22,916.9,928.65,911.65,914.2,945.5892857142857,0.916648761446783,22.975837219160667,5.7999999999999545,-10.0,1,1,1,1,1
2016-11-23,922.1,922.9,912.45,920.25,941.2464285714286,0.8925337421023175,23.879346459991623,7.899999999999977,5.2000000000000455,1,1,1,1,1
2016-11-24,928.2,939.9,923.3,930.3,938.6357142857142,0.8466685962602065,36.679352997145564,7.9500000000000455,6.100000000000023,1,1,1,1,1
2016-11-25,930.45,985.0,930.45,977.5,939.1,0.5296098358848765,64.28035982008996,0.15000000000009095,2.25,1,0,0,0,0
2016-11-28,979.3,983.45,970.6,979.75,939.2285714285714,0.19783785044125637,74.70288624787779,1.7999999999999545,48.84999999999991,0,0,0,0,0
2016-11-29,978.8,984.7,967.1,972.6,938.5142857142856,-0.17586036913761974,69.94713298088658,-0.9500000000000455,-0.5,1,1,0,0,0
2016-11-30,973.0,977.0,961.05,975.55,939.7464285714285,-0.42517884995151806,65.96038691847076,0.39999999999997726,-5.7999999999999545,1,0,0,0,0
2016-12-01,976.0,983.55,967.0,975.6,942.3321428571428,-0.5306401656594224,73.48717948717955,0.4500000000000455,3.0,0,0,0,0,1
2016-12-02,964.8,969.6,961.1,964.5,945.4,-0.5101399586383054,72.52024291497978,-10.800000000000068,-11.200000000000045,0,1,1,1,1
2016-12-05,965.9,968.6,958.0,961.65,948.1214285714286,-0.4651817548439933,77.25067385444741,1.3999999999999773,1.1000000000000227,1,1,1,1,1
2016-12-06,961.8,979.5,961.65,966.5,949.95,-0.49514242962431965,77.67195767195764,0.14999999999997726,-4.100000000000023,0,1,1,1,1
2016-12-07,968.0,973.0,960.2,966.4,952.5642857142858,-0.38983642485975617,76.0587238848108,1.5,6.2000000000000455,1,1,1,1,1
2016-12-08,970.05,986.1,970.05,984.65,957.1821428571429,-0.009180456956342726,78.0878552971576,3.6499999999999773,2.0499999999999545,1,0,1,1,1
2016-12-09,985.0,1008.15,981.5,989.35,962.7714285714286,0.3278352241592994,60.92165898617511,0.35000000000002274,14.950000000000045,0,1,1,1,1
2016-12-12,982.8,982.8,965.2,977.35,967.282142857143,0.4056754348616081,48.125000000000014,-6.550000000000068,-2.2000000000000455,1,1,1,1,1
2016-12-13,980.5,992.85,971.1,990.2,972.2785714285716,0.5010785398080608,62.625538020086076,3.1499999999999773,-2.2999999999999545,1,1,1,1,1
2016-12-14,991.0,1004.95,984.1,999.75,977.2392857142859,0.6579578406724051,65.85845347313236,0.7999999999999545,10.5,0,1,1,1,1
2016-12-15,997.4,1018.95,989.0,992.35,978.3000000000002,0.7338099143171565,60.01195457262402,-2.3500000000000227,6.399999999999977,1,1,1,1,0
2016-12-16,1003.8,1009.7,997.75,1005.15,980.1142857142859,0.8299485626392773,73.81370826010543,11.449999999999932,6.399999999999977,0,1,0,0,0
2016-12-19,1006.1,1008.25,994.1,1004.65,982.4035714285716,0.869168550610999,75.90361445783132,0.9500000000000455,2.300000000000068,1,0,0,0,0
2016-12-20,1002.0,1019.0,1001.3,1012.15,985.0178571428572,0.9161186446729026,76.64915353181553,-2.6499999999999773,-4.100000000000023,0,0,0,0,0
2016-12-21,1016.0,1022.0,998.25,1001.55,986.8714285714286,0.943499552598318,68.27873114924597,3.8500000000000227,14.0,0,0,0,0,0
2016-12-22,1002.5,1007.0,969.5,984.7,988.3142857142858,0.847024633333556,50.026385224274435,0.9500000000000455,-13.5,1,0,1,1,1
2016-12-23,984.9,1006.6,973.6,988.45,990.2285714285716,0.7389794417883192,49.52025586353946,0.1999999999999318,-17.600000000000023,0,1,1,1,1
2016-12-26,988.0,994.0,975.1,982.75,991.3892857142858,0.5318502618189921,53.08571428571428,-0.4500000000000455,3.1000000000000227,1,1,1,1,1
2016-12-27,982.75,1001.9,980.0,998.95,993.714285714286,0.3379492886549883,54.81563015960374,0.0,-5.25,0,0,1,1,0
2016-12-28,1002.95,1009.8,995.0,998.5,994.7035714285718,0.26233055196023025,49.23547400611621,4.0,20.200000000000045,0,1,1,0,0
2016-12-29,1003.75,1008.0,988.15,992.35,994.9178571428574,0.17252255619726767,50.0,5.25,0.7999999999999545,1,1,1,1,1
2016-12-30,998.0,1012.0,992.75,1010.6,997.2928571428574,0.016286010544004883,53.17044793484587,5.649999999999977,-5.75,0,0,0,0,0
2017-01-02,1011.1,1012.95,999.35,1001.1,998.0714285714288,-0.07755473439354942,48.13059505002636,0.5,13.100000000000023,0,0,0,0,0
2017-01-03,1004.1,1004.9,982.0,993.85,997.6500000000003,-0.09637554562646404,40.337909186906046,3.0,-7.0,1,1,0,0,0
2017-01-04,995.05,1004.2,992.25,997.75,998.0357142857146,-0.2057233990371092,47.840909090909115,1.1999999999999318,-9.050000000000068,0,0,0,0,0
2017-01-05,1001.6,1009.5,988.75,996.15,997.3928571428575,-0.10732056499078792,57.86941580756008,3.8500000000000227,6.550000000000068,0,0,0,0,1
2017-01-06,994.9,998.85,968.05,972.25,995.0785714285718,-0.038548558446014604,41.28094725511301,-1.25,-6.7000000000000455,0,0,0,1,1
2017-01-09,972.25,976.95,965.0,970.35,992.0928571428575,0.3219321227117314,43.04152637485972,0.0,-22.649999999999977,1,0,1,1,0
2017-01-10,977.0,981.0,967.95,970.55,989.8785714285717,0.6326776108305245,30.574555403556687,6.649999999999977,4.75,0,1,1,0,0
2017-01-11,974.2,978.45,963.95,969.1,988.7642857142861,0.7333903366031229,30.161943319838016,3.650000000000091,-2.7999999999999545,1,1,0,0,0
2017-01-12,977.55,1004.4,977.55,1000.05,989.5928571428574,0.6138055837292733,53.89282103134476,8.449999999999932,3.349999999999909,0,0,0,0,0
2017-01-13,1030.0,1040.0,962.7,975.8,989.0964285714288,0.6401688099757767,33.41277407054331,29.950000000000045,52.450000000000045,0,0,0,0,0
2017-01-16,965.0,965.45,952.45,955.65,986.0035714285715,0.7527460257859019,30.333189095629535,-10.799999999999955,-65.0,0,0,1,0,0
2017-01-17,956.25,964.0,952.4,955.4,982.9250000000001,0.8087841668301313,32.28926761860886,0.6000000000000227,-8.75,0,1,0,0,0
2017-01-18,958.1,961.0,949.8,950.8,979.9571428571428,0.842613510625096,28.512585812356917,2.7000000000000455,1.8500000000000227,1,0,1,0,0
2017-01-19,951.0,959.6,948.1,958.1,976.2071428571428,0.8214482032033623,33.449325793823405,0.20000000000004547,-7.100000000000023,0,0,0,0,0
2017-01-20,950.0,953.15,946.0,948.7,972.4642857142857,0.8218293710379186,38.27775012444002,-8.100000000000023,-1.0,1,0,0,0,1
2017-01-23,945.0,958.0,940.0,952.7,969.525,0.7945796181419728,41.39444173573866,-3.7000000000000455,-5.0,0,0,0,0,0
2017-01-24,950.0,950.0,940.1,945.55,965.7964285714286,0.7835460116129228,38.584474885844756,-2.7000000000000455,5.0,0,0,1,0,0
2017-01-25,946.1,946.8,934.8,936.6,961.5428571428572,0.795654638616189,36.11111111111111,0.5500000000000682,-3.8999999999999773,1,1,0,0,0
2017-01-27,933.85,947.55,901.15,942.15,959.3928571428571,0.8079233676507226,18.395196506550235,-2.75,-12.25,1,0,0,0,0
2017-01-30,937.5,951.5,928.85,949.35,957.8928571428571,0.7789065412450721,32.26022803487598,-4.649999999999977,3.6499999999999773,0,0,0,0,0
2017-01-31,941.5,941.5,904.35,928.6,954.8964285714286,0.8100521982051222,32.00266134397877,-7.850000000000023,4.0,0,1,1,1,1
2017-02-01,921.1,923.2,905.15,916.75,951.157142857143,0.8418036941144252,27.7233429394813,-7.5,-20.399999999999977,1,1,1,1,1
2017-02-02,917.0,945.0,910.1,935.9,946.575,0.8451648983655506,42.64560710760121,0.25,-4.100000000000023,1,0,1,1,1
2017-02-03,933.8,940.9,921.05,936.1,943.7392857142859,0.7895381108153001,38.32271762208068,-2.1000000000000227,16.799999999999955,0,1,1,1,1
2017-02-06,937.25,943.75,930.55,935.25,942.2821428571431,0.762572827867925,42.14827787507296,1.1499999999999773,3.4500000000000455,1,1,1,1,1
2017-02-07,933.0,949.8,928.55,942.25,941.3428571428574,0.6610479027604991,44.10603496897912,-2.25,-4.25,0,1,1,1,1
2017-02-08,936.0,944.1,932.45,936.5,940.3214285714288,0.6261518153353571,44.81375358166192,-6.25,3.0,1,1,1,1,1
2017-02-09,937.0,950.0,936.55,946.0,939.4571428571431,0.39958722449039114,55.35307517084281,0.5,1.0,1,1,1,1,1
2017-02-10,946.25,972.0,943.3,968.3,940.857142857143,0.038714817685393074,62.50597800095646,0.25,9.25,1,1,1,1,1
2017-02-13,972.85,986.1,962.85,984.35,943.1178571428572,-0.2268182582246172,65.43209876543209,4.550000000000068,26.600000000000023,1,0,1,1,1
2017-02-14,980.0,989.0,972.35,987.7,946.1285714285716,-0.2729927335430805,80.78124999999997,-4.350000000000023,7.149999999999977,0,1,1,1,1
2017-02-15,989.2,998.8,968.8,981.8,949.357142857143,-0.17177190318156588,86.1188228761798,1.5,9.200000000000045,1,1,1,1,1
2017-02-16,991.0,1013.9,990.05,1012.1,954.3535714285716,0.1158770442949766,87.64822134387343,9.200000000000045,1.7999999999999545,0,0,1,0,0
2017-02-17,1013.75,1013.75,992.7,1000.1,957.9785714285716,0.35000104287771616,78.3185840707964,1.6499999999999773,22.75,1,1,0,1,1
2017-02-20,996.5,1031.0,993.5,1010.25,963.8107142857144,0.6334182957928349,80.66230580539653,-3.6000000000000227,-17.25,1,0,0,1,1
2017-02-21,1022.1,1024.5,1000.05,1013.6,970.7285714285716,0.7994890510683154,80.06742520016851,11.850000000000023,25.600000000000023,0,0,0,0,1
2017-02-22,1015.0,1015.0,986.4,990.15,974.6035714285716,0.7493795897397474,69.67363403006962,1.3999999999999773,-7.100000000000023,1,1,1,1,1
2017-02-23,998.9,1020.0,993.35,1008.85,979.8000000000002,0.7583537685691277,71.59051872208859,8.75,-16.100000000000023,1,1,1,1,1
2017-02-27,1007.3,1023.0,1006.95,1012.4,985.3107142857144,0.7646873970630264,67.38958990536274,-1.5500000000000682,8.399999999999977,0,1,1,1,1
2017-02-28,1011.85,1022.7,1009.25,1012.4,990.3214285714287,0.7542091328860967,62.6636568848758,-0.5499999999999545,4.550000000000068,1,1,1,1,1
2017-03-01,1012.0,1027.0,1010.1,1025.15,996.6535714285716,0.7899597931204911,65.58468580940487,-0.39999999999997726,0.14999999999997726,0,1,1,0,0
2017-03-02,1024.4,1028.0,1016.5,1023.3,1002.1750000000001,0.8222871507538387,67.87252368647712,-0.75,12.400000000000091,1,1,0,0,0
2017-03-03,1010.25,1034.3,1000.4,1031.2,1006.6678571428573,0.8379096635062135,60.19210245464245,-13.049999999999955,-14.150000000000091,1,0,0,0,0
2017-03-06,1020.05,1035.95,1019.7,1033.9,1010.2071428571429,0.842048562170523,70.02369668246439,-11.150000000000091,9.799999999999955,0,0,0,0,1
2017-03-07,1022.0,1025.8,1014.7,1019.8,1012.5,0.7907636124245275,55.40464063384261,-11.900000000000091,1.9500000000000455,0,0,1,1,0
2017-03-08,1016.9,1016.9,1004.45,1007.8,1014.3571428571429,0.607226395507112,47.010309278350505,-2.8999999999999773,-5.100000000000023,1,1,1,1,1
2017-03-09,1007.8,1013.0,999.0,1011.55,1014.3178571428571,0.592021655197831,63.84217335058204,0.0,-9.100000000000023,1,1,1,1,1
2017-03-10,1015.0,1027.65,1013.4,1021.85,1015.8714285714285,0.5317342427784569,59.43396226415087,3.4500000000000455,7.2000000000000455,1,0,1,1,0
2017-03-14,1022.8,1041.9,1022.8,1034.8,1017.6249999999999,0.5950368983173467,64.30395913154523,0.9499999999999318,7.7999999999999545,0,0,1,0,0
2017-03-15,1034.9,1034.9,1007.5,1011.95,1017.5071428571428,0.5651450513785443,49.777558082056395,0.10000000000013642,12.100000000000136,1,1,1,1,1
2017-03-16,1013.3,1031.7,1013.3,1028.85,1020.2714285714285,0.38469118839938027,51.75688509021834,1.349999999999909,-21.600000000000136,1,0,1,0,1
2017-03-17,1035.4,1042.9,1019.25,1040.3,1022.517857142857,0.3672502350137212,57.39773716275021,6.550000000000182,22.100000000000136,0,0,0,1,0
2017-03-20,1026.55,1026.55,1015.1,1021.5,1023.1678571428571,0.2257611591648166,46.14467408585053,-13.75,-8.850000000000136,1,1,1,1,1
2017-03-21,1020.9,1034.95,1018.8,1032.85,1024.6285714285714,0.12400326081837668,49.60952026775746,-0.6000000000000227,-5.649999999999977,0,1,0,0,1
2017-03-22,1022.45,1039.95,1020.4,1027.7,1024.8107142857143,0.18993644335421184,53.147410358565786,-10.399999999999864,1.5500000000000682,1,1,1,1,1
2017-03-23,1028.25,1043.0,1026.6,1040.45,1026.0357142857144,0.3268712392605481,62.93069306930701,0.5499999999999545,5.7999999999999545,0,0,0,0,0
2017-03-24,1038.0,1044.0,1027.7,1031.4,1026.05,0.5005231903105194,57.54465982516162,-2.4500000000000455,9.75,0,1,1,0,0
2017-03-27,1027.2,1041.85,1024.5,1028.85,1025.689285714286,0.6988173009556579,52.82714054927298,-4.2000000000000455,-10.799999999999955,1,1,0,0,0
2017-03-28,1031.5,1039.0,1030.05,1035.15,1026.7857142857144,0.7300777828155908,50.14938113529669,2.650000000000091,4.2999999999999545,0,0,0,0,0
2017-03-29,1034.3,1041.5,1025.85,1031.85,1028.5035714285716,0.640600420129856,60.194672131147456,-0.8500000000001364,2.7999999999999545,0,0,0,0,0
2017-03-30,1034.0,1035.9,1020.25,1025.5,1029.5000000000002,0.39157869950300467,48.0758184951178,2.150000000000091,-0.2999999999999545,0,0,0,0,0
2017-03-31,1023.25,1029.3,1008.0,1022.25,1029.5285714285717,0.16247334368193364,38.55421686746993,-2.25,-10.75,0,0,0,0,0
2017-04-03,1032.15,1032.45,1006.1,1008.8,1027.6714285714288,0.1243445707632623,41.360544217687064,9.900000000000091,8.900000000000091,0,0,0,0,0
2017-04-05,1005.0,1005.4,991.0,995.95,1026.5285714285717,-0.24735295463481005,25.400000000000176,-3.7999999999999545,-27.15000000000009,1,0,0,0,0
2017-04-06,998.15,1005.8,992.0,999.6,1024.439285714286,-0.10840261318946812,30.884353741496682,2.199999999999932,-6.850000000000023,0,0,0,0,0
2017-04-07,1000.9,1000.9,979.0,981.55,1020.2428571428574,0.4600942597558731,12.626903553299627,1.2999999999999545,2.75,0,0,0,0,0
2017-04-10,984.9,989.5,950.1,953.4,1015.3785714285716,0.7733837060698372,10.163432073544556,3.3500000000000227,-16.0,1,1,0,0,0
2017-04-11,956.05,971.7,956.05,967.15,1010.6857142857144,0.8238245497558734,21.723189734188907,2.6499999999999773,-28.850000000000023,1,0,0,0,0
2017-04-12,970.0,976.9,960.35,968.85,1006.482142857143,0.8274010817038503,18.277511961722496,2.8500000000000227,13.950000000000045,0,0,0,0,0
2017-04-13,970.0,990.0,926.65,931.4,998.6928571428572,0.898185307535105,13.775694194013724,1.1499999999999773,0.0,0,0,0,0,0
2017-04-17,930.0,932.1,923.5,924.9,991.0857142857143,0.9234518840687598,13.760806916426532,-1.3999999999999773,-40.0,0,0,1,0,1
2017-04-18,924.75,934.0,919.1,922.65,983.5,0.9304078880345605,13.86066763425255,-0.14999999999997726,-5.25,0,1,1,1,1
2017-04-19,923.0,930.0,912.65,919.2,975.2178571428573,0.9346117181259777,14.945226917057937,0.35000000000002274,-1.75,1,1,1,1,0
2017-04-20,921.5,929.7,918.55,927.3,967.75,0.9159068255542844,22.10483543275086,2.2999999999999545,-1.5,0,0,1,0,0
2017-04-21,934.8,934.8,921.1,923.7,960.4785714285715,0.8992308872104621,19.146341463414615,7.5,13.299999999999955,1,1,0,1,0
2017-04-24,917.5,928.5,913.0,926.55,953.6428571428571,0.8753033841924339,24.489795918367278,-6.2000000000000455,-17.299999999999955,1,0,0,0,0
2017-04-25,925.9,933.0,920.55,929.35,947.9678571428573,0.8370801285924379,35.41540327471195,-0.6499999999999773,8.399999999999977,0,0,0,0,1
2017-04-26,929.95,935.55,910.2,914.25,942.1321428571429,0.823960905089201,18.436754176610933,0.6000000000000227,4.050000000000068,1,1,1,1,1
2017-04-27,916.0,929.0,916.0,925.25,936.8214285714286,0.7810565239979474,26.584317937701343,1.75,-13.950000000000045,0,0,1,1,1
2017-04-28,926.85,927.4,915.6,918.95,932.3500000000001,0.7410761178098508,39.95157384987894,1.6000000000000227,10.850000000000023,1,1,1,1,1
2017-05-02,924.0,926.4,915.1,922.6,930.1500000000002,0.6911133693234089,48.054145516074485,5.0499999999999545,-2.8500000000000227,1,1,1,1,1
2017-05-03,926.5,939.1,917.65,934.3,927.8035714285716,0.488845327458795,58.49744711889135,3.8999999999999773,2.5,1,0,1,1,1
2017-05-04,937.0,939.65,928.9,937.65,925.575,-0.10734979819707653,63.47699050401754,2.7000000000000455,10.5,0,1,1,1,1
2017-05-05,936.0,937.35,920.0,931.5,925.5821428571429,-0.3532198017159746,53.15789473684215,-1.6499999999999773,-1.0,1,1,1,1,1
2017-05-08,938.0,948.55,932.0,945.5,927.0535714285716,-0.46481879802358356,64.1742522756827,6.5,2.0,1,0,0,1,1
2017-05-09,950.6,951.95,942.1,946.65,928.7678571428572,-0.49707369296867693,63.36436170212768,5.100000000000023,12.600000000000023,0,0,1,1,1
2017-05-10,947.15,950.0,937.15,943.65,930.5142857142857,-0.44827278300416123,59.482758620689644,0.5,-3.4500000000000455,1,1,1,1,1
2017-05-11,946.85,949.85,937.55,944.1,931.7142857142859,-0.49928029009099467,74.56790123456797,3.2000000000000455,-0.2999999999999545,1,1,1,1,1
2017-05-12,953.0,966.0,951.45,964.25,934.6107142857144,-0.3532008304201365,77.89699570815456,8.899999999999977,6.149999999999977,0,0,0,0,0
2017-05-15,963.5,963.5,949.1,951.55,936.3964285714286,-0.25027848090484217,71.36304062909562,-0.75,10.5,1,1,1,1,1
2017-05-16,953.1,960.15,946.95,955.0,938.2285714285715,-0.06492216838695135,71.28777923784492,1.5500000000000682,-10.399999999999977,0,1,1,1,1
2017-05-17,951.6,958.45,943.85,952.8,940.9821428571429,0.3764304433345978,63.888888888888864,-3.3999999999999773,-1.5,1,1,1,1,1
2017-05-18,943.0,973.9,942.85,961.75,943.5892857142857,0.6217513863310962,66.68975069252076,-9.799999999999955,-8.600000000000023,0,0,0,0,1
2017-05-19,961.5,962.7,947.85,957.95,946.375,0.7389156906006134,68.93342877594846,-0.25,18.5,1,0,0,1,1
2017-05-22,958.4,966.9,956.55,961.45,949.15,0.8297721068980998,63.43723673125527,0.4499999999999318,-3.1000000000000227,0,0,1,1,1
2017-05-23,964.65,967.0,954.1,957.3,950.7928571428572,0.8021140865559722,58.540497193263775,3.199999999999932,6.25,0,1,1,1,1
2017-05-24,960.0,965.5,949.6,954.8,952.0178571428571,0.7292628251894402,59.01374292643487,2.7000000000000455,-4.649999999999977,1,1,1,1,1
2017-05-25,961.0,986.6,961.0,983.3,955.717857142857,0.7425651990315228,71.80200222469402,6.2000000000000455,1.0,1,1,1,0,0
2017-05-26,987.0,1000.0,980.6,995.7,959.3035714285714,0.78432384323177,69.14181375532559,3.7000000000000455,26.0,0,1,0,0,0
2017-05-29,990.9,996.7,975.7,985.15,962.0535714285714,0.8173932095776335,70.99999999999993,-4.800000000000068,3.8999999999999773,1,0,0,0,0
2017-05-30,982.0,1000.0,978.65,996.2,965.8071428571429,0.8429877452517748,73.51598173515976,-3.1499999999999773,-8.899999999999977,0,0,0,0,0
2017-05-31,993.55,993.55,974.85,977.05,968.1607142857143,0.7849494258671549,61.59732185557145,-2.650000000000091,11.549999999999955,0,0,0,1,0
2017-06-01,969.3,979.7,958.55,971.4,968.6714285714286,0.7743240772249862,54.7654320987654,-7.75,-24.25,0,0,1,0,0
2017-06-02,973.4,975.45,964.2,969.45,969.95,0.6818021343419131,55.784708249496965,2.0,4.100000000000023,0,1,0,0,0
2017-06-05,970.0,972.0,957.05,958.75,970.2178571428573,0.5100117220511647,48.73358348968104,0.5499999999999545,-3.3999999999999773,1,1,0,0,1
2017-06-06,965.0,987.5,964.4,979.35,972.1142857142859,0.44562683861397534,58.95977245022349,6.25,-5.0,0,0,0,0,0
2017-06-07,985.0,988.9,945.0,961.3,972.0821428571429,0.30009729061991375,52.34487734487734,5.649999999999977,20.0,0,0,1,0,0
2017-06-08,962.95,962.95,948.15,956.45,971.9750000000001,0.0879105048062451,38.32100913440633,1.650000000000091,-22.049999999999955,0,1,1,1,0
2017-06-09,938.55,950.95,923.0,948.6,971.0571428571429,-0.10972033825733715,28.66847826086959,-17.90000000000009,-24.40000000000009,1,1,1,1,0
2017-06-12,943.35,965.2,940.1,963.85,971.5250000000002,-0.32334438041127966,40.74717636837535,-5.25,4.800000000000068,0,0,0,0,0
2017-06-13,953.5,962.95,951.6,957.8,971.7392857142859,-0.7249923755225418,32.56130790190734,-10.350000000000023,10.149999999999977,1,0,0,0,0
2017-06-14,960.0,961.9,951.2,958.6,969.9750000000003,-0.7869764495250252,39.94550408719351,2.2000000000000455,6.5,0,0,0,0,0
2017-06-15,959.65,967.95,949.6,952.1,966.8607142857145,-0.5705944458439619,39.57883369330458,1.0499999999999545,-0.35000000000002274,0,0,0,0,0
2017-06-16,949.1,953.85,936.0,940.25,963.6535714285717,0.0009023215548420103,35.75609756097562,-3.0,-10.549999999999955,0,1,1,0,1
2017-06-19,939.95,940.25,928.0,929.85,958.9142857142859,0.6748433518947669,35.86105675146774,-0.2999999999999545,-9.149999999999977,1,1,1,1,0
2017-06-20,935.0,946.9,934.05,943.55,956.5214285714288,0.7341470018336752,31.217208814270705,5.149999999999977,-4.9500000000000455,0,0,0,0,0
2017-06-21,945.0,949.0,936.05,943.35,954.5178571428575,0.7501289686333246,38.41187863137512,1.4500000000000455,10.0,0,0,0,0,0
2017-06-22,947.7,968.7,935.1,940.15,952.4250000000002,0.7652708387526367,39.24802110817938,4.350000000000023,2.7000000000000455,1,0,0,0,0
2017-06-23,945.0,949.15,938.0,943.25,951.3178571428573,0.7457557223379694,46.23504574243489,4.850000000000023,-2.7000000000000455,0,0,0,0,1
2017-06-27,945.0,948.0,923.75,927.05,947.5821428571429,0.8337315330866445,24.44444444444443,1.75,0.0,0,1,1,1,1
2017-06-28,932.8,933.0,921.0,924.7,944.9678571428574,0.8577244018219408,25.768667642752618,5.75,-12.200000000000045,1,1,1,1,1
2017-06-29,930.2,947.95,926.6,930.2,943.0928571428574,0.8565854955745484,30.547945205479436,5.5,-2.599999999999909,1,1,1,1,1
2017-06-30,930.8,938.0,929.0,935.55,942.1607142857144,0.8512170415751048,38.482950591510004,0.599999999999909,0.599999999999909,1,1,1,1,0
2017-07-03,941.1,955.0,934.6,951.9,941.3071428571429,0.6307831754838377,57.62933857236412,5.550000000000068,10.300000000000068,1,0,0,0,1
2017-07-04,953.85,970.0,949.4,962.15,941.6178571428572,0.2721646817846985,71.19422572178479,1.9500000000000455,12.75,0,0,0,0,1
2017-07-05,959.0,959.0,945.4,950.9,941.0678571428572,-0.01799298385335304,54.983050847457655,-3.1499999999999773,5.149999999999977,0,0,1,1,1
2017-07-06,945.0,957.0,944.2,947.0,940.7035714285714,-0.2579850804093872,52.3563589412524,-5.899999999999977,-14.0,0,1,1,1,1
2017-07-07,943.85,945.45,933.05,935.4,940.3571428571429,-0.25116466128467224,47.23354688410017,-3.1499999999999773,-1.1499999999999773,1,1,1,1,1
2017-07-10,945.0,1028.9,937.3,957.05,942.3,-0.17983548773022423,56.60919540229884,9.600000000000023,1.1499999999999773,1,1,1,1,1
2017-07-11,956.65,989.5,956.65,975.35,944.5714285714286,-0.1954758810793534,72.67605633802822,-0.39999999999997726,11.649999999999977,0,1,0,1,1
2017-07-12,974.95,981.5,968.75,972.35,946.6428571428571,-0.11470624388525917,72.23518432104525,-0.39999999999997726,18.300000000000068,1,0,1,1,1
2017-07-13,977.25,983.45,964.1,977.05,949.2785714285714,0.15021781934151135,72.0263281617301,4.899999999999977,2.2999999999999545,0,1,1,1,0
2017-07-14,999.45,1006.85,966.05,972.05,951.3357142857142,0.3922251996058106,67.21698113207547,22.40000000000009,22.200000000000045,1,1,1,0,1
2017-07-17,975.0,992.0,974.0,984.05,955.4071428571427,0.6668399121367333,65.81406787998031,2.9500000000000455,-24.450000000000045,1,0,0,0,1
2017-07-18,986.05,1004.8,981.1,985.6,959.7571428571428,0.7882014365663612,62.61430876815494,2.0,11.049999999999955,0,0,0,1,1
2017-07-19,981.45,988.65,969.1,979.85,963.3035714285713,0.8006171427278761,66.5523156089194,-4.149999999999977,-4.599999999999909,0,1,1,1,1
2017-07-20,979.3,979.85,966.95,969.45,965.725,0.7244018439194173,61.94784459819054,-0.5500000000000682,-2.150000000000091,1,1,1,1,1
2017-07-21,973.0,982.55,971.4,980.1,967.7392857142858,0.7129536481614155,74.03225806451616,3.5499999999999545,-6.2999999999999545,1,1,1,0,1
2017-07-24,983.5,994.0,982.6,990.55,969.7678571428571,0.7589216327385032,70.47677261613693,3.3999999999999773,10.5,1,1,0,1,1
2017-07-25,990.0,999.0,986.2,993.85,972.8357142857143,0.7727873536911546,63.84730538922156,-0.5499999999999545,6.5,1,0,1,1,1
2017-07-26,998.1,999.0,990.4,994.05,976.1964285714286,0.7671532684102799,66.95312499999997,4.25,8.100000000000023,0,1,1,1,0
2017-07-27,996.0,1004.0,966.8,971.05,978.7428571428571,0.5779892243819917,46.35479951397327,1.9500000000000455,-2.1000000000000227,1,1,1,1,1
2017-07-28,976.0,1003.0,962.3,997.35,981.6214285714286,0.5611418378364466,62.21042471042474,4.9500000000000455,-20.0,1,1,0,0,0
2017-07-31,991.9,1021.7,986.75,1011.2,984.1821428571429,0.6511503847493803,62.873399715505016,-5.4500000000000455,15.899999999999977,0,0,0,0,0
2017-08-01,1011.0,1017.0,998.35,1005.55,986.5535714285714,0.682654580400412,59.10543130990412,-0.20000000000004547,19.100000000000023,0,0,0,0,0
2017-08-02,1006.0,1012.75,987.2,993.35,987.7178571428573,0.6642888189462602,55.81896551724138,0.4500000000000455,-5.0,0,0,0,0,0
2017-08-03,991.0,998.75,980.25,984.0,988.5714285714287,0.5093263503064713,56.32883862548932,-2.3500000000000227,-15.0,0,0,0,0,0
2017-08-04,988.0,989.0,976.05,983.75,988.5500000000002,0.45152705163220247,51.74557627929219,4.0,-3.0,0,0,0,0,1
2017-08-07,983.5,983.75,965.7,968.25,987.3107142857144,0.299574615744898,39.82664233576645,-0.25,-4.5,0,1,1,1,1
2017-08-08,968.5,970.25,955.05,963.85,986.1678571428573,0.12912884189274382,36.44986449864499,0.25,-15.0,1,1,1,1,1
2017-08-09,967.65,973.9,964.55,969.35,986.1607142857144,-0.10477891611709776,39.35344827586211,3.7999999999999545,-0.8500000000000227,1,1,1,1,1
2017-08-10,969.9,987.5,969.35,981.25,986.2428571428572,-0.21830234498836645,54.86177311725455,0.5499999999999545,2.25,1,1,0,1,0
2017-08-11,976.0,997.0,969.6,987.7,986.0392857142859,-0.20487660628488452,44.32686654908879,-5.25,6.100000000000023,0,0,1,0,0
2017-08-14,988.0,989.2,977.15,981.45,985.1535714285717,-0.13728223708739207,30.79406068431247,0.2999999999999545,12.0,0,1,0,0,0
2017-08-16,982.0,986.1,969.0,975.2,983.8071428571432,0.013243197575769422,30.55733504164003,0.5499999999999545,-6.0,1,0,0,0,0
2017-08-17,1005.0,1029.25,998.05,1020.85,987.3642857142861,-0.09710474908639072,62.33183856502242,29.799999999999955,23.0,0,0,0,0,0
2017-08-18,1017.9,1017.9,884.2,923.25,982.071428571429,0.46849316780527916,34.79349186483104,-2.9500000000000455,12.899999999999977,0,0,0,0,1
2017-08-21,924.0,924.0,870.0,873.4,972.2285714285717,0.883682710353424,27.872468417886495,0.75,-93.89999999999998,1,1,1,1,1
2017-08-22,895.2,897.05,860.0,875.4,962.9321428571432,0.8959789600540861,30.315878736485047,21.800000000000068,-28.799999999999955,1,1,1,1,1
2017-08-23,880.0,903.7,873.9,892.8,955.7500000000002,0.8554698286641754,35.724331926863556,4.600000000000023,-15.200000000000045,1,1,1,1,1
2017-08-24,910.0,918.25,902.35,912.15,950.6178571428574,0.7935491524342606,39.113056718690515,17.200000000000045,30.0,1,1,1,1,1
2017-08-28,943.95,953.95,938.0,941.0,947.5642857142859,0.6806932403594423,42.803504380475594,31.800000000000068,33.950000000000045,0,0,0,0,0
2017-08-29,941.45,942.0,925.55,927.45,944.6500000000003,0.6392319063830896,39.49433304272013,0.4500000000000455,-2.5,0,0,0,0,0
2017-08-30,937.2,939.0,924.1,926.65,941.9928571428574,0.6087206967798112,40.259509420547445,9.75,-4.25,0,0,0,0,0
2017-08-31,928.8,928.95,912.9,914.95,938.1071428571431,0.5938868297942349,39.49433304272013,2.1499999999999773,-8.400000000000091,1,0,0,0,0
2017-09-01,915.95,925.9,910.0,919.95,933.7285714285717,0.5430526808314476,29.500203169443324,1.0,-12.849999999999909,0,0,0,0,0
2017-09-04,921.0,921.1,893.5,900.2,927.4785714285717,0.5068191564998972,43.15007429420506,1.0499999999999545,5.0499999999999545,1,0,0,0,0
2017-09-05,902.0,905.0,897.25,901.9,921.7964285714288,0.4437659786876776,61.86511240632807,1.7999999999999545,-19.0,0,0,0,0,0
2017-09-06,900.0,900.3,890.0,895.6,916.1107142857145,0.36973365827405147,58.11897106109327,-1.8999999999999773,-2.0,1,0,0,0,0
2017-09-07,900.0,900.5,892.35,895.75,907.1750000000002,-0.033879295683169795,51.37657489500702,4.399999999999977,0.0,0,0,0,0,0
2017-09-08,899.0,899.0,882.1,884.3,904.3928571428572,-0.027376877433451567,35.969773299748084,3.25,-1.0,0,0,0,1,1
2017-09-11,890.4,891.8,873.65,878.7,904.7714285714288,0.36325969379213385,9.013157894736764,6.100000000000023,-8.600000000000023,1,1,1,1,1
2017-09-12,882.55,887.75,878.8,884.05,905.3892857142858,0.7268088007711292,17.99410029498506,3.849999999999909,-7.850000000000023,0,1,1,1,1
2017-09-13,885.5,887.6,881.0,883.75,904.7428571428574,0.9178138736424498,18.127786032689286,1.4500000000000455,2.9500000000000455,1,1,1,1,1
2017-09-14,884.5,896.6,881.6,892.4,903.3321428571431,0.955445439224978,32.451361867704136,0.75,-1.0,1,1,1,1,1
2017-09-15,892.3,913.25,892.2,908.25,900.9928571428574,0.8593128663729926,42.210386151797536,-0.10000000000002274,7.7999999999999545,1,1,1,1,0
2017-09-18,910.0,917.75,906.3,909.1,899.682142857143,0.7141492418226374,57.91814946619219,1.75,17.700000000000045,1,1,1,0,0
2017-09-19,908.0,916.0,903.5,912.25,898.6535714285717,0.4655530702244752,58.97658282740682,-1.1000000000000227,-2.0,1,0,0,0,0
2017-09-20,917.0,917.0,907.45,912.7,898.4928571428574,0.22386531465527548,66.50579150579158,4.75,9.0,0,0,0,0,0
2017-09-21,915.0,915.25,908.15,909.55,897.7500000000001,-0.18829172540451075,62.591240875912376,2.2999999999999545,-2.0,0,0,0,0,0
2017-09-22,908.15,910.25,888.0,898.3,897.6142857142858,-0.2995118821065011,62.82051282051284,-1.3999999999999773,-6.850000000000023,0,1,1,0,1
2017-09-25,901.0,901.95,889.1,895.35,897.1464285714286,-0.49907769740399965,66.02502406159769,2.7000000000000455,-7.149999999999977,1,1,1,1,1
2017-09-26,897.0,908.4,894.3,905.9,897.8821428571429,-0.7296352055782553,69.11636045494316,1.6499999999999773,-4.0,0,0,0,0,0
2017-09-27,906.1,907.9,895.1,899.8,898.1714285714286,-0.7926251899853067,62.748212867355,0.20000000000004547,9.100000000000023,0,1,1,0,1
2017-09-28,896.1,903.9,894.3,896.0,899.0071428571429,-0.7489193280802197,53.09810671256455,-3.699999999999932,-10.0,1,1,1,1,1
2017-09-29,898.0,902.4,895.0,899.9,900.5214285714285,-0.6802957703057949,40.953412784398665,2.0,1.8999999999999773,1,0,1,1,1
2017-10-03,910.1,912.0,901.6,903.55,901.9142857142857,-0.5192915406688027,44.3309499489274,10.200000000000045,12.100000000000023,0,0,1,1,1
2017-10-04,903.0,905.4,897.15,899.6,903.0464285714286,-0.253653008895904,37.28643216080402,-0.5499999999999545,-7.100000000000023,1,1,1,1,1
2017-10-05,900.0,904.95,899.0,903.05,903.8071428571428,-0.03256021817827151,40.85308056872025,0.39999999999997726,-3.0,1,1,1,1,1
2017-10-06,904.0,922.0,903.95,920.15,904.6571428571427,0.28774739578575753,57.946026986506794,0.9500000000000455,4.0,1,1,1,1,1
2017-10-09,920.0,929.0,914.0,923.9,905.7142857142856,0.5153754195631591,71.62162162162174,-0.14999999999997726,16.0,1,1,1,1,1
2017-10-10,939.95,939.95,929.55,935.45,907.3714285714285,0.7185024960916486,79.57227138643077,16.050000000000068,19.950000000000045,0,0,0,1,0
2017-10-11,935.45,938.0,928.0,930.7,908.6571428571427,0.8234168930004437,70.00000000000009,0.0,-4.5,0,0,1,0,0
2017-10-12,930.0,934.35,919.55,927.3,909.925,0.8781327547021148,73.18718381112987,-0.7000000000000455,-5.4500000000000455,1,1,1,0,0
2017-10-13,932.8,933.5,927.55,930.1,912.1964285714286,0.8797944687200623,79.24528301886791,5.5,2.7999999999999545,1,1,0,0,1
2017-10-16,935.95,942.0,933.0,939.0,915.3142857142857,0.8888408567143457,80.88467614533964,5.850000000000023,3.150000000000091,0,0,0,1,0
2017-10-17,936.8,936.8,929.5,930.5,917.0714285714286,0.8707235147478405,69.77256052824652,-2.2000000000000455,0.849999999999909,0,0,1,0,1
2017-10-18,928.9,930.0,922.95,924.35,918.825,0.7851475999832173,67.59061833688696,-1.6000000000000227,-7.899999999999977,1,1,1,1,1
2017-10-19,930.0,932.0,925.2,926.95,921.0357142857144,0.695537751330607,67.19424460431657,5.649999999999977,1.1000000000000227,1,0,1,1,1
2017-10-23,930.0,942.0,928.1,939.5,923.8642857142859,0.6890240513797494,64.89607390300229,3.0499999999999545,0.0,0,0,1,1,1
2017-10-24,946.0,946.65,921.6,926.5,925.5035714285716,0.564693736256243,51.75202156334233,6.5,16.0,1,1,1,1,0
2017-10-25,919.0,944.7,915.25,935.3,928.0535714285716,0.5065773845967748,49.895031490552775,-7.5,-27.0,1,1,1,0,0
2017-10-26,942.0,951.8,940.1,947.35,931.2178571428574,0.5594978432449602,60.57142857142855,6.7000000000000455,23.0,0,0,0,0,0
2017-10-27,955.0,957.7,944.0,946.35,933.089285714286,0.5938976940477666,62.475442043222046,7.649999999999977,13.0,0,0,0,0,0
2017-10-30,954.65,954.65,941.05,944.1,934.5321428571432,0.6011496730071885,59.234828496042226,8.299999999999955,-0.35000000000002274,0,0,0,0,0
2017-10-31,925.0,930.0,920.0,921.85,933.5607142857145,0.4327950867183472,40.381379697139664,-19.100000000000023,-29.649999999999977,1,1,1,1,1
2017-11-01,925.0,929.4,923.3,927.05,933.3000000000002,0.3393603532936427,47.99068142108326,3.1499999999999773,0.0,0,0,1,1,1
2017-11-02,923.05,926.0,920.0,922.9,932.9857142857145,0.16859571778911683,49.135360763267705,-4.0,-1.9500000000000455,1,1,1,1,1
2017-11-03,917.0,929.9,916.95,926.65,932.7392857142859,0.08961089845374241,49.82352941176466,-5.899999999999977,-6.0499999999999545,1,1,1,1,1
2017-11-06,923.15,935.0,922.65,928.7,932.0035714285716,0.20036525811168251,42.75167785234902,-3.5,6.149999999999977,1,1,1,1,1
2017-11-07,926.25,960.0,925.85,955.5,933.7892857142859,0.2974729609820276,66.42129105322763,-2.4500000000000455,3.1000000000000227,0,0,1,0,0
2017-11-08,960.25,961.85,947.5,952.3,935.7857142857144,0.2974191772822473,60.27811366384521,4.75,34.0,1,1,0,0,0
2017-11-09,953.0,963.0,948.25,954.5,937.7535714285715,0.34390232371018775,54.90734385724089,0.7000000000000455,-7.25,1,0,0,0,1
2017-11-10,958.8,964.35,950.0,962.05,939.3642857142858,0.5972013006322426,59.88664987405537,4.2999999999999545,5.7999999999999545,0,0,0,1,1
2017-11-13,962.05,969.4,949.35,951.95,941.1821428571429,0.5832548044662462,54.49856733524358,0.0,3.25,0,0,1,1,1
2017-11-14,951.95,954.85,943.25,949.1,942.1678571428573,0.5822239996202931,70.08106116433312,0.0,-10.099999999999909,1,1,1,1,1
2017-11-15,945.15,953.5,944.5,951.8,942.4857142857144,0.6583959502833616,68.93649579188985,-3.9500000000000455,-6.800000000000068,1,1,1,1,1
2017-11-16,951.8,995.9,948.5,988.4,945.4892857142858,0.8019980291232813,83.48670756646219,0.0,6.649999999999977,0,0,0,0,1
2017-11-17,985.5,985.5,965.15,970.95,947.407142857143,0.8256909316465701,69.86547085201798,-2.8999999999999773,33.700000000000045,0,0,0,1,1
2017-11-20,969.0,971.0,957.25,960.55,950.1714285714286,0.7664545889561136,63.287442636629095,-1.9500000000000455,-16.5,1,1,1,1,1
2017-11-21,961.3,971.5,960.05,966.25,952.9714285714286,0.729008831408926,55.44303797468354,0.75,-7.7000000000000455,1,1,1,1,1
2017-11-22,966.6,971.05,963.3,966.3,956.0714285714286,0.6760651302674056,57.32217573221758,0.35000000000002274,5.300000000000068,1,1,1,1,1
2017-11-23,971.5,994.45,969.0,991.25,960.6857142857143,0.733625495557543,65.52598225602028,5.2000000000000455,4.899999999999977,1,1,0,0,0
2017-11-24,990.9,1019.3,990.2,1009.55,966.4607142857142,0.798284736669118,68.39659178931062,-0.35000000000002274,19.399999999999977,0,0,0,0,0
2017-11-27,1006.7,1006.7,993.3,998.75,969.55,0.8419643268269159,68.0277349768875,-2.849999999999909,15.800000000000068,0,0,0,0,0
2017-11-28,994.4,999.9,981.3,984.7,971.8642857142858,0.8019257272207225,62.62411347517732,-4.350000000000023,-12.300000000000068,0,0,0,1,0
2017-11-29,987.65,991.95,980.3,982.7,973.8785714285715,0.7531298801046621,61.01211689237351,2.949999999999932,-6.75,0,0,1,1,1
2017-11-30,989.45,989.45,968.35,976.1,974.882142857143,0.6894822054100879,44.42429737080691,6.75,1.8000000000000682,0,1,1,1,1
2017-12-01,979.4,983.2,957.05,958.8,975.3714285714286,0.48012343501027976,44.484793463458885,3.2999999999999545,-10.050000000000068,1,1,1,1,1
2017-12-04,980.0,996.8,968.55,985.35,977.9607142857143,0.39657602007330395,59.81789390340462,21.200000000000045,0.6000000000000227,0,1,1,1,1
2017-12-05,985.35,1003.0,979.0,984.35,980.2857142857144,0.2541920851399141,57.44243421052632,0.0,5.350000000000023,1,1,1,1,1
2017-12-06,985.0,994.1,984.0,990.3,980.4214285714287,0.4070535919091167,59.411764705882355,0.6499999999999773,-0.35000000000002274,1,1,1,1,1
2017-12-07,989.0,1002.9,985.6,999.8,982.4821428571429,0.44117383497572504,53.815261044176694,-1.2999999999999545,4.0,1,1,1,1,1
2017-12-08,1001.0,1007.0,995.0,1001.85,985.4321428571429,0.3790692429396739,45.98121085594993,1.2000000000000455,12.0,1,1,1,1,1
2017-12-11,994.95,1006.9,993.95,1005.3,988.2214285714286,0.3346834003261015,53.702656868287136,-6.899999999999977,-6.0499999999999545,1,0,1,1,1
2017-12-12,1002.0,1014.0,1002.0,1010.5,991.3785714285715,0.27820013829621976,66.20603015075372,-3.2999999999999545,7.0499999999999545,0,1,1,1,0
2017-12-13,1010.9,1019.0,997.65,1003.75,992.2714285714286,0.3926430399653385,62.47777119146409,0.39999999999997726,8.899999999999977,1,1,1,1,1
2017-12-14,1005.25,1015.0,999.3,1013.1,992.5250000000002,0.717870342285177,71.23995407577493,1.5,-5.649999999999977,1,1,0,1,1
2017-12-15,1013.0,1026.4,1011.85,1022.9,994.2500000000001,0.8853697039182993,90.26381909547739,-0.10000000000002274,7.75,0,0,0,0,1
2017-12-18,1011.9,1030.7,1005.8,1016.6,996.5285714285716,0.9169367623973035,76.32687447346255,-11.0,-1.1000000000000227,0,0,1,1,1
2017-12-19,1017.45,1017.95,999.55,1003.95,998.0464285714287,0.8765255544591194,63.80281690140849,0.8500000000000227,5.550000000000068,1,1,1,1,1
2017-12-20,1005.1,1018.6,1001.0,1015.85,1000.8857142857144,0.8545627761450842,66.60168940870702,1.1499999999999773,-12.350000000000023,1,1,1,1,1
2017-12-21,1014.8,1028.95,998.4,1022.05,1005.4035714285716,0.8706096931265667,65.10522742701971,-1.0500000000000682,9.699999999999932,1,1,1,1,1
2017-12-22,1016.0,1044.8,1016.0,1039.35,1009.2607142857144,0.8881566190844888,71.09111361079864,-6.0499999999999545,1.2000000000000455,0,0,0,1,0
2017-12-26,1030.0,1041.5,1023.0,1035.6,1012.9214285714287,0.8993594044091224,66.98430493273544,-9.349999999999909,14.0,0,0,1,0,0
2017-12-27,1028.0,1039.1,1027.4,1034.25,1016.0607142857144,0.8917348533769027,63.9132981839485,-7.599999999999909,-2.0,0,1,0,0,0
2017-12-28,1030.0,1040.0,1023.8,1033.25,1018.4500000000002,0.8805146276074564,68.53015075376892,-4.25,2.0,1,1,0,0,0
2017-12-29,1030.1,1048.8,1030.0,1042.05,1021.3214285714287,0.8894347099945601,68.31119544592035,-3.150000000000091,0.09999999999990905,0,0,0,0,0
2018-01-01,1037.7,1044.5,1030.0,1033.55,1023.3392857142859,0.8614847084558227,56.84887459807076,-4.349999999999909,7.600000000000136,0,0,0,0,1
2018-01-02,1037.25,1042.0,1023.0,1029.7,1024.7107142857144,0.8147080730963622,58.69853917662689,3.7000000000000455,-0.4500000000000455,0,0,0,1,1
2018-01-03,1028.5,1031.6,1018.6,1021.3,1025.9642857142858,0.6709055724359471,62.2097114707952,-1.2000000000000455,-8.75,0,0,1,1,1
2018-01-04,1021.0,1021.0,1009.6,1015.4,1026.1285714285716,0.4636782594817864,49.65411222136814,-0.2999999999999545,-7.5,0,1,1,1,1
2018-01-05,1015.3,1026.4,1006.0,1012.0,1025.3500000000001,0.3369956931580771,41.9277108433735,-0.10000000000002274,-5.7000000000000455,1,1,1,1,1
2018-01-08,1024.9,1039.0,1020.05,1036.05,1026.7392857142856,0.3196972238580798,47.608695652173935,12.900000000000091,9.600000000000136,1,1,1,1,1
2018-01-09,1040.0,1044.9,1028.9,1041.35,1029.4107142857142,0.13058679229926756,54.07512402551384,3.9500000000000455,15.099999999999909,1,1,1,1,1
2018-01-10,1046.8,1056.0,1033.05,1052.25,1032.0107142857144,0.11022617189841405,61.23595505617979,5.4500000000000455,6.7999999999999545,1,1,1,1,1
2018-01-11,1055.25,1083.4,1055.25,1075.8,1035.85,0.33005033711497045,70.72576716999514,3.0,8.450000000000045,1,1,1,1,1
2018-01-12,1085.8,1085.9,1070.55,1078.45,1038.642857142857,0.6162112112712765,68.86010362694306,10.0,30.549999999999955,1,1,1,1,1
2018-01-15,1080.0,1092.95,1065.1,1081.15,1041.8964285714285,0.7753432983212375,76.24035281146644,1.5499999999999545,-5.7999999999999545,1,1,1,1,1
2018-01-16,1081.25,1134.8,1081.25,1122.85,1048.225,0.8956047843832614,86.23103850641769,0.09999999999990905,1.25,1,1,1,1,1
2018-01-17,1124.85,1161.8,1123.0,1152.1,1056.7142857142858,0.9566482216681026,93.77510040160645,2.0,43.59999999999991,1,0,0,1,1
2018-01-18,1145.0,1164.9,1132.1,1152.7,1064.6178571428572,0.9754248047412403,97.6405274115198,-7.099999999999909,20.15000000000009,0,0,1,1,1
2018-01-19,1145.0,1147.9,1136.0,1143.45,1072.4678571428574,0.9537224848859618,93.83127709236412,-7.7000000000000455,0.0,1,1,1,1,1
2018-01-22,1132.15,1156.95,1132.0,1150.0,1081.0607142857145,0.932925400672726,93.01623254058136,-11.299999999999955,-12.849999999999909,1,1,1,1,1
2018-01-23,1155.0,1188.0,1155.0,1177.1,1092.189285714286,0.9328979927317688,94.0032414910859,5.0,22.84999999999991,1,0,1,0,0
2018-01-24,1174.8,1221.05,1167.5,1185.8,1104.3607142857147,0.931694348410706,93.91647484380138,-2.2999999999999545,19.799999999999955,0,0,0,0,0
2018-01-25,1182.0,1183.4,1162.25,1175.4,1116.032142857143,0.9150130258063954,85.85313174946013,-3.7999999999999545,7.2000000000000455,1,0,0,0,0
2018-01-29,1166.55,1196.25,1165.2,1182.9,1126.521428571429,0.8994895638618849,86.33043478260876,-8.850000000000136,-15.450000000000045,0,0,0,0,0
2018-01-30,1178.9,1183.1,1162.7,1170.65,1135.7571428571434,0.8661535102958462,79.19112850619706,-4.0,12.350000000000136,0,0,0,0,0
2018-01-31,1159.15,1166.6,1142.15,1150.25,1142.7571428571432,0.783753150688308,60.37878787878792,-11.5,-19.75,0,0,0,0,0
2018-02-01,1142.2,1157.9,1118.55,1144.6,1147.671428571429,0.6640537353352042,46.54059040590406,-8.049999999999955,-16.950000000000045,0,0,0,0,0
2018-02-02,1135.25,1162.9,1130.1,1143.25,1152.3000000000004,0.49543475478015087,45.67109482363717,-9.349999999999909,-6.9500000000000455,0,0,0,0,0
2018-02-05,1140.0,1154.85,1135.85,1138.2,1156.3750000000005,0.15979492722889965,47.498808956646016,-3.25,4.75,0,0,0,0,0
2018-02-06,1099.95,1128.35,1095.15,1107.75,1155.296428571429,-0.27658907945991373,33.60496701590996,-38.25,-40.049999999999955,1,1,1,0,0
2018-02-07,1116.0,1124.8,1103.55,1109.05,1152.2214285714292,-0.415213327321158,16.98204754973314,8.25,16.049999999999955,1,1,0,0,1
2018-02-08,1122.8,1146.4,1116.55,1134.25,1150.9035714285717,-0.49789390926215915,28.439983270598077,13.75,6.7999999999999545,0,0,0,0,0
2018-02-09,1118.0,1120.3,1106.0,1109.15,1148.4535714285719,-0.6552176665448881,25.32588454376163,-16.25,-4.7999999999999545,0,0,1,1,1
2018-02-12,1114.8,1120.6,1097.8,1102.8,1145.0821428571433,-0.7738099425638043,19.909842223891786,5.649999999999864,-3.2000000000000455,0,1,1,1,1
2018-02-14,1106.0,1117.3,1090.2,1097.75,1139.414285714286,-0.7178697561154741,21.048451151707695,3.2000000000000455,-8.799999999999955,1,1,1,1,1
2018-02-15,1103.0,1129.7,1103.0,1114.45,1134.3178571428575,-0.5697720774881598,35.35188216039283,5.25,-3.0,1,1,1,1,1
2018-02-16,1125.0,1141.65,1118.1,1128.05,1130.9357142857145,-0.38194784239932045,43.64195159431426,10.549999999999955,22.0,1,1,1,1,1
2018-02-19,1128.4,1136.0,1120.3,1131.75,1127.2821428571433,-0.12041981463482769,45.660377358490564,0.3500000000001364,3.400000000000091,1,1,1,1,1
2018-02-20,1103.75,1149.5,1103.75,1136.95,1124.8750000000005,-0.06581603978798567,49.52883528081417,-28.0,-24.65000000000009,1,1,1,1,1
2018-02-21,1147.5,1151.9,1140.0,1147.4,1124.671428571429,-0.21835163390154852,67.59875721260545,10.549999999999955,43.75,1,1,0,1,1
2018-02-22,1145.55,1164.0,1140.45,1160.75,1125.8250000000003,-0.40825364003899334,70.72975140336808,-1.8500000000001364,-1.9500000000000455,0,0,0,1,0
2018-02-23,1163.5,1166.0,1146.75,1155.65,1126.7107142857146,-0.5693878664079821,60.229445506692215,2.75,17.950000000000045,0,0,1,1,1
2018-02-26,1151.0,1155.05,1134.35,1138.6,1126.7392857142859,-0.7190911346381524,65.25116519937843,-4.650000000000091,-12.5,1,1,1,1,1
2018-02-27,1144.95,1153.65,1125.65,1150.2,1129.7714285714287,-0.7002454478788088,73.28094302554027,6.350000000000136,-6.0499999999999545,1,1,1,1,0
2018-02-28,1147.6,1189.5,1142.55,1172.6,1134.3107142857145,-0.5675892536976368,81.40998741082663,-2.6000000000001364,2.6499999999998636,0,0,0,0,0
2018-03-01,1169.6,1169.6,1156.05,1160.75,1136.2035714285716,-0.6003523953164741,70.25371828521433,-3.0,22.0,0,0,0,0,1
2018-03-05,1160.75,1170.8,1143.25,1155.9,1139.5428571428574,-0.4159785004656551,63.192799621032755,0.0,-8.849999999999909,0,0,1,1,1
2018-03-06,1162.55,1165.4,1143.6,1151.35,1143.0107142857146,-0.09950062719907425,59.21052631578942,6.649999999999864,1.7999999999999545,0,1,1,1,1
2018-03-07,1155.0,1160.0,1138.05,1144.1,1146.321428571429,0.13204010430916227,53.29644997694784,3.650000000000091,-7.5499999999999545,1,1,1,1,1
2018-03-08,1149.0,1165.8,1149.0,1156.65,1149.3357142857146,0.28402590727207505,54.183627317955676,4.900000000000091,-6.0,1,1,1,1,1
2018-03-09,1162.35,1166.0,1155.55,1163.4,1151.8607142857147,0.381693763641256,51.27465127465131,5.699999999999818,13.349999999999909,1,1,1,1,1
2018-03-12,1176.0,1191.85,1171.75,1185.75,1155.7178571428576,0.5394008656150634,62.41749174917485,12.599999999999909,13.650000000000091,0,0,0,0,0
2018-03-13,1180.2,1197.0,1175.15,1183.8,1159.0642857142861,0.6043122629840484,71.30065975494816,-5.5499999999999545,4.2000000000000455,0,0,0,0,0
2018-03-14,1180.0,1190.6,1169.1,1180.8,1161.4500000000003,0.6443566552147344,65.69230769230765,-3.7999999999999545,-0.20000000000004547,1,0,0,0,0
2018-03-15,1180.0,1188.4,1172.0,1182.5,1163.0035714285716,0.7342588273005238,56.44531250000004,-0.7999999999999545,0.0,0,0,0,0,0
2018-03-16,1182.0,1182.4,1169.25,1171.9,1164.164285714286,0.7391117853710061,57.379219060225054,-0.5,2.0,0,0,0,0,0
2018-03-19,1164.0,1180.5,1142.65,1146.75,1164.7464285714289,0.454617638417869,45.226917057902945,-7.900000000000091,-18.0,1,1,1,1,1
2018-03-20,1148.6,1170.0,1148.6,1164.55,1165.7714285714287,0.3453759814839602,56.04949587534373,1.849999999999909,-15.400000000000091,1,0,1,0,0
2018-03-21,1170.0,1175.5,1162.2,1167.5,1165.407142857143,0.46116913685716737,61.1641221374046,5.4500000000000455,21.40000000000009,0,1,0,0,0
2018-03-22,1164.5,1177.45,1155.3,1161.3,1165.446428571429,0.43944658695130767,52.36160487557129,-3.0,-5.5,1,0,0,0,0
2018-03-23,1147.0,1173.8,1142.35,1167.6,1166.282142857143,0.3955474811964124,52.142857142857046,-14.299999999999955,-17.5,0,0,0,0,0
2018-03-26,1166.9,1166.9,1144.0,1155.25,1166.5607142857145,0.19696787494552875,32.67045454545455,-0.6999999999998181,19.90000000000009,0,0,0,0,0
2018-03-27,1160.0,1161.3,1150.1,1154.0,1167.2678571428576,-0.19906590754856146,32.93241695303553,4.75,-6.900000000000091,0,0,0,0,0
2018-03-28,1150.75,1150.75,1126.25,1131.8,1165.4928571428577,-0.4598906446864262,26.995305164319248,-3.25,-9.25,1,1,0,1,0
2018-04-02,1141.0,1149.55,1121.3,1137.15,1163.6178571428577,-0.6100564809640178,29.414434861552493,9.200000000000045,-9.75,1,0,1,0,0
2018-04-03,1134.7,1143.55,1128.1,1140.45,1160.3821428571432,-0.29615197785740044,34.710743801652896,-2.4500000000000455,-6.2999999999999545,0,1,0,0,0
2018-04-04,1144.0,1144.55,1120.0,1124.2,1156.1250000000005,0.3453641235652059,37.99893560404473,3.5499999999999545,9.299999999999955,1,1,0,0,1
2018-04-05,1139.55,1151.3,1129.1,1147.55,1153.7500000000005,0.429010256055247,41.4572864321608,15.349999999999909,-4.4500000000000455,0,0,0,0,1
2018-04-06,1143.0,1146.0,1122.1,1127.0,1149.785714285715,0.6229042068554386,32.70708795900937,-4.5499999999999545,3.4500000000000455,0,0,0,1,1
2018-04-09,1125.0,1125.8,1106.55,1111.25,1145.4535714285719,0.7683833769654749,30.240821160679033,-2.0,-18.0,1,1,1,1,1
2018-04-10,1112.0,1124.5,1105.4,1113.4,1143.0714285714291,0.8213371448519506,27.877551020408234,0.75,-13.0,1,1,1,1,1
2018-04-11,1118.0,1131.5,1116.5,1124.25,1140.1928571428577,0.7991022574704915,37.1900826446281,4.599999999999909,6.0,1,1,1,1,1
2018-04-12,1129.45,1172.75,1125.0,1162.6,1139.8428571428576,0.5120390450315896,52.719797596457916,5.2000000000000455,11.450000000000045,1,0,0,0,0
2018-04-13,1174.0,1185.9,1150.25,1171.45,1140.5678571428577,0.2258115071349181,63.6960276338515,11.400000000000091,44.549999999999955,0,0,0,0,1
2018-04-16,1102.0,1140.0,1102.0,1133.2,1138.110714285715,0.13398233409596666,48.88826343934702,-69.45000000000005,-72.0,0,0,0,1,1
2018-04-17,1127.0,1127.4,1115.0,1125.2,1135.9642857142862,0.09679720355225452,45.81848094324102,-6.2000000000000455,25.0,1,1,1,1,1
2018-04-18,1122.85,1134.75,1113.85,1125.95,1133.9607142857149,0.011471188005215927,50.524423134552,-2.3500000000001364,-4.150000000000091,1,1,1,1,1
2018-04-19,1124.0,1139.8,1123.1,1132.85,1134.035714285715,0.03819869673766204,45.1130319148936,-1.9500000000000455,1.150000000000091,1,1,1,1,1
2018-04-20,1139.0,1193.7,1136.95,1178.45,1136.985714285715,-0.11632560588520138,64.66229695069822,6.150000000000091,15.0,1,0,0,0,1
2018-04-23,1168.0,1214.4,1155.25,1187.7,1140.3607142857147,-0.1844197938379885,72.62503699319326,-10.450000000000045,29.0,0,0,0,0,1
2018-04-24,1185.0,1196.4,1150.1,1154.5,1142.5250000000003,-0.0824295963367802,60.27499999999998,-2.7000000000000455,17.0,1,1,1,1,1
2018-04-25,1152.0,1171.0,1145.2,1160.35,1143.4392857142861,-0.11202173613123478,59.256410256410234,-2.5,-33.0,1,1,1,1,1
2018-04-26,1174.0,1181.65,1160.0,1176.45,1146.971428571429,0.16602559377930295,54.0086830680174,13.650000000000091,22.0,1,1,1,1,0
2018-04-27,1180.0,1191.6,1174.2,1185.2,1152.2535714285718,0.5059289523599017,53.9820445988995,3.5499999999999545,6.0,1,1,0,0,0
2018-04-30,1181.7,1207.95,1180.65,1199.5,1158.403571428572,0.7236672088855588,72.29320780094147,-3.5,1.7000000000000455,0,0,0,0,0
2018-05-02,1198.9,1201.6,1181.0,1197.05,1163.603571428572,0.7765233018859702,75.09605309116307,-0.599999999999909,17.200000000000045,0,0,0,0,0
2018-05-03,1197.25,1204.7,1176.1,1182.55,1165.028571428572,0.748203339219387,68.03696622052259,0.20000000000004547,-1.650000000000091,0,1,0,0,0
2018-05-04,1185.0,1186.0,1155.0,1173.1,1165.146428571429,0.7205496898823678,62.62151144559421,2.4500000000000455,-12.25,1,0,0,0,1
2018-05-07,1181.25,1190.0,1175.5,1183.0,1168.7035714285719,0.6966357249028324,51.83838383838382,8.150000000000091,-3.75,0,0,0,0,1
2018-05-08,1177.9,1177.9,1161.05,1165.55,1171.5857142857146,0.5650734594370408,41.60666919287607,-5.099999999999909,-3.349999999999909,1,1,1,1,1
2018-05-09,1167.5,1176.9,1163.0,1170.7,1174.782142857143,0.3859596809104353,57.79595765158806,1.9500000000000455,-10.400000000000091,0,1,1,1,1
2018-05-10,1176.0,1183.0,1162.85,1168.0,1177.2928571428577,0.0403329900796156,53.7965260545906,5.2999999999999545,8.5,1,1,1,1,1
2018-05-11,1172.3,1183.2,1166.05,1180.75,1177.4571428571433,0.0795836167610838,52.20739219712522,4.2999999999999545,-3.7000000000000455,1,1,1,1,1
2018-05-14,1184.35,1191.5,1170.0,1189.3,1177.571428571429,0.26986717797711757,52.10905349794234,3.599999999999909,12.049999999999955,1,1,0,0,0
2018-05-15,1188.1,1208.0,1188.1,1194.55,1180.4321428571432,0.155646741280001,47.19228587634712,-1.2000000000000455,3.75,0,0,0,0,0
2018-05-16,1187.25,1198.0,1184.5,1189.95,1182.546428571429,-0.05598602323502145,46.06866002214845,-7.2999999999999545,-0.849999999999909,0,0,0,1,0
2018-05-17,1196.0,1197.45,1173.55,1182.9,1183.0071428571432,-0.17569585302667104,50.21122510561263,6.0499999999999545,8.75,1,0,1,1,1
2018-05-18,1183.0,1186.55,1173.0,1183.2,1182.864285714286,-0.16105070331455654,56.85210312075993,0.09999999999990905,-13.0,0,1,1,1,1
2018-05-21,1179.55,1188.4,1170.0,1179.5,1181.4357142857148,0.0869846867629913,47.40740740740741,-3.650000000000091,-3.4500000000000455,1,1,1,1,1
2018-05-22,1175.0,1198.0,1173.9,1193.85,1181.2071428571433,0.4404423911952725,71.97204968944101,-4.5,-4.5499999999999545,0,1,1,1,1
2018-05-23,1195.0,1207.65,1181.5,1184.9,1181.3750000000005,0.5454216701239009,60.41055718475083,1.150000000000091,20.0,1,1,1,1,1
2018-05-24,1198.0,1227.55,1198.0,1221.0,1184.7964285714293,0.5847686373824548,76.08267716535447,13.099999999999909,3.0,1,0,0,0,1
2018-05-25,1230.1,1248.65,1220.8,1228.3,1188.0321428571435,0.8097891666487734,74.72698907956331,9.099999999999909,32.09999999999991,0,0,0,1,0
2018-05-28,1231.0,1232.6,1206.0,1214.4,1191.5214285714294,0.8025223253437276,62.36453201970458,2.7000000000000455,0.900000000000091,1,0,1,1,1
2018-05-29,1214.05,1226.55,1206.2,1216.7,1194.8071428571436,0.7793117143831434,61.2379502790463,-0.3500000000001364,-16.950000000000045,0,1,1,1,1
2018-05-30,1217.0,1228.75,1205.6,1211.7,1197.9285714285722,0.7182154949117882,60.99039919151093,0.2999999999999545,2.9500000000000455,1,1,1,1,1
2018-05-31,1211.7,1242.0,1210.25,1231.8,1201.5750000000007,0.7697454377005483,71.83035714285722,0.0,-5.2999999999999545,0,1,0,1,1
2018-06-01,1230.4,1246.25,1217.2,1220.8,1203.8250000000007,0.7603815737781929,65.32192339038309,-1.3999999999998636,18.700000000000045,1,1,1,1,1
2018-06-04,1221.1,1243.0,1212.0,1239.4,1207.0285714285724,0.8124098986101701,71.76598837209315,0.2999999999999545,-9.300000000000182,0,0,1,1,1
2018-06-05,1242.0,1242.0,1217.0,1220.85,1209.235714285715,0.7718149625062428,59.5204513399154,2.599999999999909,20.90000000000009,1,1,1,1,1
2018-06-06,1225.2,1241.55,1220.05,1237.45,1213.1321428571434,0.7876787125829503,67.58113081298092,4.350000000000136,-16.799999999999955,1,1,1,1,1
2018-06-07,1238.0,1258.0,1238.0,1252.45,1218.078571428572,0.8224175804769743,62.25165562913908,0.5499999999999545,12.799999999999955,1,1,1,1,0
2018-06-08,1248.0,1262.0,1246.05,1260.05,1223.8321428571435,0.853841830125005,62.33968130586863,-4.4500000000000455,10.0,1,0,1,0,1
2018-06-11,1265.55,1270.0,1255.05,1262.4,1228.7285714285722,0.8656079457567776,70.49530315969251,5.5,17.549999999999955,0,1,0,1,1
2018-06-12,1265.75,1271.25,1250.45,1258.5,1233.985714285715,0.8659551247244112,67.60741364785164,3.349999999999909,0.20000000000004547,1,0,1,1,0
2018-06-13,1266.8,1284.0,1266.8,1274.8,1237.828571428572,0.9077030542031025,74.26923076923065,8.299999999999955,1.0499999999999545,0,1,0,0,0
2018-06-14,1253.0,1253.0,1234.1,1239.7,1238.642857142858,0.855989012495496,52.724137931034505,-21.799999999999955,-13.799999999999955,1,1,1,1,1
2018-06-15,1237.0,1291.5,1235.0,1281.25,1243.4178571428579,0.8700916111467785,67.21731700370262,-2.7000000000000455,-16.0,0,0,0,0,0
2018-06-18,1284.0,1291.25,1262.35,1267.4,1247.0392857142865,0.8552884093009294,58.1967213114754,2.75,47.0,0,0,0,0,1
2018-06-19,1263.0,1263.4,1238.05,1241.6,1249.1750000000006,0.6981646192758033,55.82701488345969,-4.400000000000091,-21.0,1,1,1,1,1
2018-06-20,1248.5,1252.35,1238.0,1243.15,1249.985714285715,0.579612718601593,51.74846625766872,6.900000000000091,-14.5,1,1,1,1,1
2018-06-21,1245.95,1256.5,1236.0,1246.55,1251.8250000000007,0.4081501051212123,48.05151915455744,2.7999999999999545,-2.5499999999999545,1,1,1,1,1
2018-06-22,1243.0,1255.5,1241.2,1247.85,1252.428571428572,0.3079030469980053,45.79600275671949,-3.5499999999999545,-2.9500000000000455,1,1,1,1,1
2018-06-25,1257.15,1278.8,1254.0,1272.45,1256.1142857142863,0.14543826970765802,53.00268897520166,9.300000000000182,14.150000000000091,1,0,1,1,1
2018-06-26,1269.0,1283.9,1266.25,1277.85,1259.0000000000005,0.08275460575772593,55.72993781462835,-3.4500000000000455,11.849999999999909,0,1,1,1,1
2018-06-27,1283.95,1293.45,1265.6,1270.0,1260.2535714285718,0.08544592583589528,48.503740648379065,6.100000000000136,14.950000000000045,1,1,1,1,1
2018-06-28,1276.3,1298.0,1276.25,1289.6,1262.364285714286,0.27468948189149517,67.21877156659762,6.2999999999999545,-7.650000000000091,1,1,1,1,0
2018-06-29,1298.05,1315.0,1283.25,1307.2,1265.5642857142861,0.5004430963175233,60.727573377428705,8.450000000000045,21.75,1,1,1,0,0
2018-07-02,1314.0,1340.0,1314.0,1334.7,1271.0071428571432,0.6799150316820909,74.99999999999996,6.7999999999999545,15.950000000000045,1,1,0,0,0
2018-07-03,1331.9,1357.9,1331.75,1353.75,1276.646428571429,0.8562600639331557,93.85999217833405,-2.7999999999999545,17.90000000000009,0,0,0,0,0
2018-07-04,1352.05,1352.65,1338.85,1345.2,1284.1821428571434,0.8790510502123683,87.83833889506867,-1.7000000000000455,20.149999999999864,0,0,0,0,0
2018-07-05,1347.1,1347.25,1268.1,1284.0,1284.3785714285718,0.8119837052315763,59.71969893589413,1.8999999999998636,-4.9500000000000455,1,1,1,1,1
2018-07-06,1290.25,1301.85,1269.0,1284.25,1285.5821428571433,0.7320953102980728,59.498956158663916,6.25,-56.84999999999991,1,1,1,1,1
2018-07-09,1297.0,1303.0,1279.05,1298.85,1289.671428571429,0.6543696524954409,57.268722466960334,12.75,6.75,1,1,0,1,1
2018-07-10,1308.5,1315.45,1294.3,1301.4,1293.8321428571433,0.5628751760277676,56.587412587412636,9.650000000000091,11.5,1,0,1,1,1
2018-07-11,1317.55,1342.1,1291.35,1320.45,1299.1107142857147,0.5118881844053855,63.27981047644118,16.149999999999864,9.049999999999955,0,0,1,1,1
2018-07-12,1326.1,1327.1,1284.45,1294.35,1302.4321428571434,0.308825441849936,51.208959022652074,5.649999999999864,8.549999999999955,1,1,1,1,1
2018-07-13,1315.0,1331.6,1298.35,1317.4,1305.6428571428576,0.24252366597104028,52.526002971768214,20.65000000000009,-11.099999999999909,1,1,1,0,1
2018-07-16,1317.4,1384.4,1287.7,1332.85,1309.5714285714291,0.23179419085059308,49.51277324203315,0.0,2.400000000000091,0,0,0,1,1
2018-07-17,1329.7,1349.5,1312.7,1327.9,1313.7071428571435,0.11503424299698438,42.6458036984353,-3.1499999999998636,12.299999999999955,0,0,1,1,1
2018-07-18,1339.8,1343.4,1314.0,1322.55,1316.060714285715,0.006541048958766327,43.4366850188351,11.899999999999864,10.099999999999909,0,1,1,1,1
2018-07-19,1323.0,1331.9,1309.1,1316.7,1316.7392857142863,-0.05464553413631795,63.95051194539251,0.4500000000000455,-16.799999999999955,1,1,1,1,1
2018-07-20,1326.0,1367.15,1321.3,1348.1,1317.6964285714291,0.20424380897127573,71.5200539265251,9.299999999999955,3.0,1,1,1,1,1
2018-07-23,1352.15,1368.0,1336.25,1355.95,1317.853571428572,0.6013615619134032,70.1624293785311,4.050000000000182,26.15000000000009,1,1,1,1,0
2018-07-24,1374.4,1382.4,1356.0,1377.15,1320.1357142857148,0.84887022234113,73.63494539781591,18.450000000000045,22.25,1,0,0,0,0
2018-07-25,1379.0,1393.8,1365.45,1383.75,1327.2607142857148,0.8570229945434638,71.41407307171853,1.849999999999909,4.599999999999909,0,0,0,0,0
2018-07-26,1378.55,1390.4,1369.2,1373.25,1333.6178571428577,0.8520163653454488,79.84114977307118,-5.2000000000000455,-0.4500000000000455,1,0,0,0,0
2018-07-27,1373.2,1389.0,1368.3,1373.45,1338.9464285714294,0.8470313469136119,75.62871513488803,-0.049999999999954525,-5.349999999999909,0,0,0,0,0
2018-07-30,1370.0,1373.0,1348.0,1351.0,1342.4892857142863,0.7437512031512149,57.7997421572841,-3.4500000000000455,-3.2000000000000455,1,1,1,1,1
2018-07-31,1348.55,1370.0,1335.55,1365.1,1345.678571428572,0.7240736971520615,64.82071713147403,-2.4500000000000455,-21.450000000000045,0,0,0,0,1
2018-08-01,1363.8,1368.45,1351.0,1354.05,1349.9428571428577,0.5921025792120512,62.004573170731724,-1.2999999999999545,15.25,0,1,1,1,1
2018-08-02,1359.6,1366.75,1350.15,1353.65,1352.5321428571435,0.46205935303552237,64.69184890656068,5.5499999999999545,-4.2000000000000455,1,1,1,1,1
2018-08-03,1366.2,1366.2,1356.0,1364.1,1354.7642857142862,0.4186593689465797,57.63358778625956,12.549999999999955,6.600000000000136,0,1,0,1,1
2018-08-06,1366.05,1375.0,1347.5,1360.65,1357.103571428572,0.3245779515647234,52.34063745019924,1.9500000000000455,-0.15000000000009095,1,1,1,1,1
2018-08-07,1374.0,1379.95,1360.65,1367.95,1360.3464285714292,0.21449951426400812,44.68208092485543,13.349999999999909,7.9500000000000455,0,1,1,1,1
2018-08-08,1371.8,1372.5,1353.3,1362.75,1363.6357142857148,-0.13643311136602623,37.66157461809628,3.849999999999909,-2.2000000000000455,1,1,1,1,1
2018-08-09,1373.65,1389.45,1373.65,1379.95,1365.9107142857151,-0.18121537219315037,53.64923747276694,10.900000000000091,1.8500000000001364,1,1,1,1,1
2018-08-10,1385.8,1389.0,1373.05,1385.45,1368.017857142858,-0.14558233745101304,56.17919670442846,5.849999999999909,12.149999999999864,1,1,1,1,0
2018-08-13,1390.0,1409.85,1378.7,1408.75,1370.2750000000008,0.26894169510521465,79.4793261868302,4.5499999999999545,4.2000000000000455,0,1,1,0,0
2018-08-14,1413.95,1424.55,1404.0,1408.3,1372.0285714285721,0.600374413668215,75.62277580071192,5.2000000000000455,23.950000000000045,1,1,0,0,0
2018-08-16,1414.95,1434.9,1411.25,1429.55,1376.0500000000006,0.7732294037646159,89.94708994709013,6.650000000000091,1.0,1,0,0,0,0
2018-08-17,1430.9,1437.65,1423.0,1430.35,1380.114285714286,0.8985407545047263,90.41095890410965,1.3500000000001364,15.950000000000045,0,0,0,0,0
2018-08-20,1388.0,1407.95,1373.5,1384.25,1382.489285714286,0.8069146262394471,57.71734967445429,-42.34999999999991,-42.90000000000009,0,1,0,1,1
2018-08-21,1390.0,1396.0,1373.75,1383.95,1383.8357142857149,0.7463037592186028,59.14442700156985,5.75,2.0,1,0,1,1,1
2018-08-23,1393.0,1401.5,1385.35,1397.4,1386.9321428571436,0.6845658343402147,61.02583302134035,9.049999999999955,3.0,0,1,1,1,1
2018-08-24,1396.5,1401.9,1376.1,1378.3,1388.6928571428577,0.5027053198757381,55.272973889454036,-0.900000000000091,3.5,1,1,1,1,1
2018-08-27,1383.0,1419.95,1381.4,1415.4,1392.3571428571436,0.497099703696281,60.5915745443681,4.7000000000000455,-13.5,1,0,1,1,1
2018-08-28,1417.2,1438.4,1411.5,1424.7,1396.9321428571436,0.488259908715222,61.46654981010809,1.7999999999999545,34.200000000000045,0,0,1,1,0
2018-08-29,1433.6,1433.6,1405.15,1410.1,1399.9428571428577,0.4056527690263169,50.41551246537393,8.899999999999864,16.399999999999864,1,1,1,0,0
2018-08-30,1412.8,1421.55,1396.15,1416.2,1403.7607142857148,0.30651235419784906,52.349791790600854,2.7000000000000455,-20.799999999999955,1,1,0,0,0
2018-08-31,1425.1,1454.3,1421.1,1441.1,1408.1285714285718,0.37567212930074534,53.36244541484714,8.899999999999864,12.299999999999955,0,0,0,0,0
2018-09-03,1449.0,1467.9,1430.0,1434.25,1411.614285714286,0.3884633520584996,51.09673790776155,7.900000000000091,23.90000000000009,0,0,0,0,0
2018-09-04,722.0,748.5,716.0,737.15,1363.6428571428576,0.5578475102552424,10.961631274131278,-712.25,-727.0,0,0,0,0,0
2018-09-05,741.95,744.05,725.4,729.9,1315.185714285715,0.8200805808225256,10.870475620699978,4.800000000000068,19.950000000000045,0,1,1,1,1
2018-09-06,732.55,735.5,724.1,727.15,1265.0142857142866,0.8550465843797805,9.381249621235071,2.6499999999999773,-9.400000000000091,1,1,1,1,1
2018-09-07,734.35,735.15,723.8,732.8,1215.1892857142866,0.8485060388450615,10.232873336619022,7.2000000000000455,1.8000000000000682,0,1,1,1,0
2018-09-10,737.75,747.0,729.4,730.85,1168.517857142858,0.8359128218697148,5.917959945907654,4.9500000000000455,3.3999999999999773,1,1,1,0,0
2018-09-11,735.9,744.75,732.0,734.3,1122.1142857142863,0.8199824996172631,5.203737347521411,5.0499999999999545,-1.8500000000000227,1,0,0,0,0
2018-09-12,744.4,746.5,736.25,742.9,1075.3642857142866,0.7986955179800835,6.369343447554257,10.100000000000023,8.5,0,0,0,0,0
2018-09-14,741.9,745.0,729.05,733.7,1029.3214285714296,0.7765664939565542,5.549042594763563,-1.0,-2.5,0,0,0,0,0
