2016-10-25,141.4,142.3,138.65,140.1,137.19642857142858,-0.27708133813039887,64.49704142011831,0.15000000000000568,-1.0,0,0,0,0,1
2016-10-26,139.75,141.8,138.75,139.3,137.28928571428574,-0.38302543682108664,62.46418338108886,-0.3499999999999943,-1.6500000000000057,0,0,0,1,0
2016-10-27,139.0,139.2,136.15,138.25,137.39285714285717,-0.44099056588524543,68.12499999999997,-0.30000000000001137,-0.75,1,1,1,0,0
2016-10-28,138.5,139.95,138.1,138.95,137.5964285714286,-0.4727467876678417,68.61538461538453,0.25,-0.5,1,1,0,0,0
2016-10-30,140.0,140.2,138.5,139.0,137.86785714285716,-0.43741242959616133,74.17218543046357,1.0500000000000114,1.5,1,0,0,0,1
2016-11-01,140.0,143.5,138.6,141.55,138.33928571428572,-0.23256987222465295,70.34220532319395,1.0,0.0,0,0,0,0,1
2016-11-02,139.75,139.9,136.65,137.0,138.6642857142857,-0.0830033367651186,33.20158102766803,-1.8000000000000114,-0.25,1,0,1,1,1
2016-11-03,137.2,140.1,137.0,137.65,139.0035714285714,-0.08683937970497732,31.854838709677466,0.19999999999998863,-2.5500000000000114,0,1,1,1,1
2016-11-04,138.35,138.9,133.65,134.7,139.2178571428571,-0.5462957007029149,26.510067114094014,0.6999999999999886,1.1500000000000057,1,1,1,1,1
2016-11-07,136.3,140.45,136.2,139.05,139.42142857142852,-0.7400916044914505,44.148936170212814,1.6000000000000227,-2.049999999999983,1,0,1,0,0
2016-11-08,141.0,146.8,140.55,143.2,139.56071428571425,-0.39504773139087246,57.11009174311924,1.9499999999999886,4.699999999999989,0,0,0,0,0
2016-11-09,131.0,140.45,128.9,138.6,139.3071428571428,-0.29490387302845655,48.63281249999997,-12.199999999999989,-10.0,1,0,0,0,0
2016-11-10,141.8,143.8,139.1,140.65,139.2321428571428,-0.11584820111587824,54.51127819548873,3.200000000000017,10.800000000000011,0,0,0,0,0
2016-11-11,139.75,142.8,134.5,136.15,138.86785714285708,-0.044901921530513686,45.394736842105296,-0.9000000000000057,-2.0500000000000114,0,0,0,0,0
2016-11-15,136.15,138.15,132.1,133.75,138.41428571428565,0.0578446786630989,41.9847328244275,0.0,-3.5999999999999943,0,0,1,0,0
2016-11-16,136.0,136.6,131.05,131.75,137.87499999999994,0.2670762865944081,34.78260869565217,2.25,-0.15000000000000568,1,1,0,0,0
2016-11-17,134.0,135.55,131.6,133.3,137.52142857142852,0.4384852257687117,43.66438356164387,2.25,-2.0,1,0,0,0,0
2016-11-18,133.9,135.5,132.75,134.3,137.18928571428566,0.5793710103124037,44.331641285956024,0.5999999999999943,-0.09999999999999432,0,0,0,0,0
2016-11-21,135.0,135.25,126.35,128.9,136.4678571428571,0.7712864408235355,40.937500000000036,0.6999999999999886,1.0999999999999943,0,0,0,0,0
2016-11-22,130.3,130.35,123.6,124.4,135.2428571428571,0.9152123659787017,27.21617418351478,1.4000000000000057,-4.699999999999989,1,0,1,1,1
2016-11-23,125.2,126.35,122.5,125.1,134.39285714285708,0.9268474369380962,18.466898954703865,0.7999999999999972,-5.1000000000000085,0,1,1,1,1
2016-11-24,124.9,125.75,123.45,124.4,133.44642857142853,0.9275242386147783,21.370967741935516,-0.19999999999998863,-0.29999999999999716,1,1,1,1,1
2016-11-25,125.1,127.5,124.7,126.75,132.87857142857138,0.9147378985325197,22.310756972111534,0.6999999999999886,0.19999999999998863,1,1,1,1,1
2016-11-28,126.8,129.0,126.2,127.6,132.06071428571423,0.8696393540326973,30.069930069930038,0.04999999999999716,1.7000000000000028,1,1,1,0,1
2016-11-29,128.75,130.45,127.95,129.2,131.06071428571423,0.7937871749923804,38.98305084745759,1.1500000000000057,1.9500000000000028,1,0,0,0,0
2016-11-30,129.95,131.45,129.1,130.15,130.45714285714283,0.6811279077868541,45.91836734693879,0.75,1.1999999999999886,0,0,0,0,0
2016-12-01,130.6,131.2,128.15,128.75,129.6071428571428,0.5756908218519418,38.30334190231359,0.44999999999998863,0.6500000000000057,0,0,0,0,0
2016-12-02,128.5,129.2,126.25,126.9,128.94642857142853,0.5015496677713822,31.773399014778306,-0.25,-2.0999999999999943,1,1,1,1,1
2016-12-05,126.7,129.35,125.6,128.65,128.58214285714283,0.3661291332254172,49.24924924924925,-0.20000000000000284,-1.7999999999999972,0,0,1,1,0
2016-12-06,128.8,129.5,127.5,128.1,128.32142857142853,0.26826487025168855,64.56692913385822,0.15000000000000568,2.1000000000000085,0,1,1,0,0
2016-12-07,128.9,129.2,126.4,127.6,127.91428571428567,0.07552302903073668,60.0,0.8000000000000114,0.09999999999999432,1,1,0,0,0
2016-12-08,128.6,130.0,128.2,128.7,127.51428571428566,-0.4857209007357947,66.6666666666666,1.0,-0.30000000000001137,1,0,0,0,0
2016-12-09,129.65,130.45,128.5,129.05,127.52499999999995,-0.7393262440106554,60.55045871559634,0.950000000000017,1.0500000000000114,0,0,0,0,0
2016-12-12,128.7,128.7,125.95,127.5,127.74642857142851,-0.6128007108877689,49.5689655172414,-0.35000000000002274,-0.950000000000017,0,0,0,0,0
2016-12-13,127.05,127.2,125.15,125.45,127.77142857142852,-0.3115923857375565,34.4398340248964,-0.45000000000000284,-1.6499999999999915,0,0,0,0,0
2016-12-14,125.75,126.65,124.8,125.25,127.8321428571428,0.15016232179299682,28.31858407079652,0.29999999999999716,-1.2999999999999972,1,0,0,0,0
2016-12-15,124.0,126.7,123.9,125.35,127.73214285714279,0.41064847425593876,33.000000000000014,-1.25,-1.75,0,0,0,0,0
2016-12-16,125.7,125.85,122.5,122.8,127.38928571428565,0.5806254652131572,30.841121495327116,0.3500000000000085,1.7000000000000028,0,0,0,0,0
2016-12-19,123.0,123.4,121.05,121.55,126.84285714285707,0.6490134037372729,15.196078431372612,0.20000000000000284,-2.700000000000003,0,0,0,0,0
2016-12-20,122.0,122.5,120.65,120.9,126.1821428571428,0.7079491350372016,15.048543689320482,0.45000000000000284,-1.0,0,0,0,0,0
2016-12-21,121.2,122.2,120.55,120.8,125.61428571428564,0.7793349632454385,15.656565656565732,0.29999999999999716,-0.7999999999999972,0,0,0,0,0
2016-12-22,120.5,120.9,118.2,119.0,125.04999999999993,0.8659218666813009,4.245283018868079,-0.29999999999999716,-0.7000000000000028,0,0,1,1,0
2016-12-23,118.85,120.75,118.55,119.0,124.3607142857142,0.8677726689819153,0.9756097560975121,-0.15000000000000568,-1.6500000000000057,0,1,1,0,1
2016-12-26,119.0,119.15,116.55,117.2,123.58214285714278,0.8839711955893106,0.9523809523809064,0.0,0.15000000000000568,1,1,1,1,1
2016-12-27,117.3,119.7,116.1,119.25,122.98571428571422,0.8511804559273413,20.47619047619041,0.09999999999999432,-1.7000000000000028,1,0,1,1,1
2016-12-28,119.9,121.2,119.1,119.35,122.31785714285706,0.8342612822756964,21.6346153846153,0.6500000000000057,2.6000000000000085,0,1,1,1,1
2016-12-29,119.05,120.4,118.4,118.75,121.58214285714278,0.8474741850391141,19.72477064220179,-0.29999999999999716,-0.8500000000000085,1,1,1,1,1
2016-12-30,119.5,121.6,119.0,121.2,121.13214285714278,0.752288537394764,42.5925925925926,0.75,0.45000000000000284,1,1,1,1,1
2017-01-02,121.2,123.3,120.7,122.5,120.92142857142849,0.5603704660903244,54.377880184331815,0.0,1.7000000000000028,1,1,1,1,1
2017-01-03,122.75,126.25,122.6,124.8,120.88928571428563,0.2001879593944447,65.59999999999998,0.25,1.5499999999999972,1,1,1,1,1
2017-01-04,125.05,127.95,125.05,127.1,121.01428571428563,-0.23871989857286877,71.42857142857146,0.25,2.299999999999997,1,0,1,1,1
2017-01-05,127.25,128.55,126.15,127.95,121.38214285714278,-0.4382223837153853,82.54545454545459,0.15000000000000568,2.200000000000003,0,0,1,1,0
2017-01-06,127.4,128.5,126.1,126.4,121.72857142857137,-0.5305918326690839,74.18300653594775,-0.5499999999999972,0.15000000000000568,1,1,1,1,1
2017-01-09,127.0,128.45,126.0,127.6,122.20714285714278,-0.5515277521408614,85.37414965986397,0.5999999999999943,-0.4000000000000057,1,1,1,1,1
2017-01-10,127.7,129.2,127.7,128.25,122.73928571428564,-0.510695183340964,83.83458646616546,0.10000000000000853,0.7000000000000028,1,0,1,1,0
2017-01-11,128.7,129.8,128.2,128.65,123.42857142857136,-0.28838983473013696,84.19117647058829,0.44999999999998863,0.9999999999999858,0,1,0,0,1
2017-01-12,129.0,129.0,126.15,127.95,124.06785714285708,0.014576645323541427,83.57664233576642,0.3499999999999943,0.30000000000001137,1,1,0,1,1
2017-01-13,130.15,130.35,128.0,128.75,124.89285714285708,0.3599021250030601,81.32780082987551,2.200000000000003,1.1500000000000057,0,0,1,1,1
2017-01-16,129.0,129.15,127.75,128.5,125.55357142857136,0.5191247334372169,77.27272727272728,0.25,-1.1500000000000057,0,1,1,1,0
2017-01-17,129.0,129.5,127.6,127.95,126.16785714285709,0.5736074992067269,67.02702702702706,0.5,0.0,1,1,1,1,1
2017-01-18,128.55,134.1,128.25,132.4,127.1428571428571,0.7372351709982035,73.24561403508775,0.6000000000000085,-0.44999999999998863,0,0,0,0,0
2017-01-19,133.4,134.55,131.65,132.4,127.9428571428571,0.820067307679605,71.09004739336496,1.0,4.849999999999994,0,0,0,0,1
2017-01-20,131.8,132.95,128.5,129.05,128.41071428571425,0.7769953753760961,60.72874493927128,-0.5999999999999943,-1.5999999999999943,0,1,1,1,1
2017-01-23,128.9,129.65,127.0,128.3,128.66071428571425,0.64354825049587,52.94117647058832,-0.15000000000000568,-2.9000000000000057,1,1,1,1,1
2017-01-24,128.7,132.4,128.7,131.75,128.9928571428571,0.6763671891633045,61.90476190476192,0.39999999999997726,-0.20000000000001705,1,1,1,1,1
2017-01-25,132.45,133.0,129.85,131.9,129.27499999999995,0.723870206608965,61.24567474048444,0.6999999999999886,3.75,1,1,1,1,1
2017-01-27,132.75,142.2,132.75,139.6,130.2178571428571,0.6795602667080847,77.15617715617716,0.8499999999999943,0.30000000000001137,0,0,1,0,1
2017-01-30,139.0,139.8,137.45,138.0,130.96071428571423,0.7375539539366832,70.78651685393261,-0.5999999999999943,6.25,0,1,1,1,1
2017-01-31,138.0,141.1,136.2,137.05,131.58928571428567,0.7862074127434034,68.62745098039221,0.0,-1.0,1,1,1,1,1
2017-02-01,137.7,140.7,135.7,139.9,132.39285714285708,0.8434014530234311,73.66336633663371,0.6499999999999773,-0.30000000000001137,0,1,1,1,1
2017-02-02,140.05,141.0,137.7,139.0,133.1821428571428,0.8613438557909753,65.20737327188941,0.15000000000000568,2.3500000000000227,1,1,1,1,1
2017-02-03,140.0,142.95,139.5,142.7,134.1785714285714,0.8945718705525583,70.27559055118111,1.0,-0.05000000000001137,1,1,1,1,1
2017-02-06,143.95,145.6,142.2,144.05,135.28928571428565,0.9122749940525389,82.05128205128209,1.25,3.9499999999999886,1,1,1,1,1
2017-02-07,145.2,155.0,140.3,152.1,137.01428571428565,0.9294295710890803,88.76221498371338,1.1499999999999773,1.25,1,1,1,1,1
2017-02-08,151.4,157.15,150.0,156.25,138.71785714285707,0.9613696720647605,89.01273885350321,-0.6999999999999886,6.200000000000017,1,1,0,1,0
2017-02-09,156.3,158.85,152.7,157.2,140.48928571428561,0.9738815038803984,89.2857142857143,0.05000000000001137,4.900000000000006,1,0,1,0,0
2017-02-10,157.6,159.6,156.35,158.0,142.55714285714276,0.97010284772268,86.3636363636364,0.4000000000000057,1.299999999999983,0,0,0,0,0
2017-02-13,158.0,158.0,152.1,155.15,144.47499999999988,0.9458459319671279,82.29755178907725,0.0,0.4000000000000057,1,0,0,0,0
2017-02-14,154.9,157.95,153.7,157.4,146.30714285714274,0.9309477380631418,86.53500897666068,-0.25,-3.0999999999999943,0,0,0,0,0
2017-02-15,157.0,157.0,151.25,152.1,147.74999999999986,0.8666248941616742,70.1320132013201,-0.4000000000000057,2.0999999999999943,1,1,1,1,1
2017-02-16,152.0,154.05,148.65,153.35,148.73214285714272,0.8249639142659654,73.40946166394778,-0.09999999999999432,-5.0,0,1,1,1,1
2017-02-17,150.0,154.4,149.55,153.35,149.82857142857128,0.7705603193697341,69.75881261595546,-3.3499999999999943,-2.0,1,1,1,1,0
2017-02-20,153.0,154.85,152.1,153.45,150.99999999999983,0.6988279930734681,68.28793774319062,-0.3499999999999943,3.0,1,1,0,0,1
2017-02-21,154.0,156.7,153.1,154.6,152.0499999999998,0.622250607499184,56.648936170212764,0.5500000000000114,1.0,0,0,0,1,1
2017-02-22,155.9,157.9,153.9,154.3,153.14285714285697,0.48720115296192457,43.478260869565254,1.3000000000000114,1.9000000000000057,0,0,1,1,1
2017-02-23,154.25,155.75,152.5,153.45,153.91071428571414,0.24088586971126605,37.373737373737384,-0.05000000000001137,-1.6500000000000057,0,1,1,1,1
2017-02-27,153.0,154.9,151.85,152.8,154.53571428571414,-0.401391018571955,32.31292517006804,-0.44999999999998863,-1.25,1,1,1,1,1
2017-02-28,152.3,163.8,152.3,162.45,155.27499999999984,-0.17483936073258627,66.97674418604649,-0.5,-0.6999999999999886,0,0,0,0,0
2017-03-01,163.0,164.3,159.6,160.25,155.5607142857141,0.032586902064477445,56.64335664335665,0.5500000000000114,10.699999999999989,0,0,1,0,0
2017-03-02,162.0,164.25,157.65,158.2,155.6321428571427,0.2066613240379585,66.75824175824178,1.75,-1.0,0,1,1,1,0
2017-03-03,156.95,160.4,155.8,158.15,155.64285714285697,0.44189693354808046,64.11764705882361,-1.25,-5.050000000000011,1,1,1,0,0
2017-03-06,158.65,162.2,158.5,161.05,156.06428571428555,0.5620210213968218,69.3467336683418,0.5,1.700000000000017,0,0,0,0,1
2017-03-07,162.0,164.35,159.45,160.15,156.26071428571413,0.770855673029937,66.18357487922712,0.9499999999999886,3.3499999999999943,0,0,0,1,1
2017-03-08,160.0,160.75,157.0,158.25,156.69999999999985,0.7425291291619293,58.50815850815854,-0.15000000000000568,-2.0,0,0,1,1,1
2017-03-09,157.05,159.65,156.4,157.5,156.99642857142842,0.7133442280552401,57.30593607305934,-1.1999999999999886,-2.9499999999999886,1,1,1,1,1
2017-03-10,158.95,160.4,157.05,158.1,157.33571428571415,0.6677238179793201,60.73903002309473,1.4499999999999886,1.8999999999999773,1,1,1,1,1
2017-03-14,162.95,164.5,160.1,161.35,157.89999999999986,0.6575979760755252,67.62886597938143,4.849999999999994,4.0,1,1,1,1,1
2017-03-15,162.0,167.85,161.4,166.9,158.7785714285713,0.7422067549617339,61.04218362282882,0.6500000000000057,-0.9499999999999886,1,1,1,1,0
2017-03-16,167.85,169.4,167.4,168.85,159.817857142857,0.8092201636712111,71.608040201005,0.9499999999999886,5.849999999999994,0,1,1,0,0
2017-03-17,169.9,171.75,166.0,168.65,160.9035714285713,0.8269084387425487,78.9473684210527,1.0500000000000114,2.0500000000000114,1,1,0,0,0
2017-03-20,168.6,171.65,167.75,170.9,162.19642857142844,0.8600775694610239,81.48148148148148,-0.05000000000001137,-1.3000000000000114,0,0,0,0,0
2017-03-21,171.5,172.1,168.3,168.95,162.66071428571416,0.9059185537597416,70.46632124352325,0.5999999999999943,2.9000000000000057,0,0,0,0,0
2017-03-22,167.25,167.55,164.65,165.85,163.06071428571414,0.8673403969072659,63.25581395348835,-1.6999999999999886,-4.25,1,1,1,1,1
2017-03-23,166.5,168.85,164.8,167.95,163.75714285714272,0.8482681411788535,72.35023041474653,0.6500000000000057,-0.75,0,1,1,0,0
2017-03-24,168.0,169.75,166.55,167.05,164.39285714285703,0.8049609653206892,71.8535469107552,0.05000000000001137,1.5,1,1,1,0,0
2017-03-27,167.05,169.3,165.65,168.0,164.88928571428556,0.7933883062833569,72.29729729729735,0.0,-0.9499999999999886,1,0,0,0,0
2017-03-28,167.85,169.9,167.65,168.55,165.4892857142856,0.7698950156988618,68.46153846153854,-0.15000000000000568,0.799999999999983,0,0,0,0,1
2017-03-29,168.7,170.45,167.0,167.85,166.17499999999987,0.7004809428964699,53.242320819112585,0.14999999999997726,0.8499999999999943,0,0,0,1,1
2017-03-30,168.2,168.65,163.8,164.45,166.6714285714284,0.47359568122221446,36.33540372670806,0.3499999999999943,-0.5,0,1,1,1,1
2017-03-31,164.0,165.95,162.4,162.85,167.01071428571413,-0.00777076012492389,33.4285714285714,-0.44999999999998863,-4.199999999999989,1,1,1,1,1
2017-04-03,163.5,167.8,163.25,166.95,167.41071428571414,-0.48385568923258826,39.793281653746725,0.6500000000000057,-0.5,1,1,1,1,1
2017-04-05,167.55,171.9,165.5,171.25,167.7214285714284,-0.3397382571249995,55.29953917050694,0.6000000000000227,4.050000000000011,1,1,1,1,1
2017-04-06,171.15,179.95,170.6,179.1,168.45357142857125,0.17474913187918384,75.04725897920606,-0.09999999999999432,3.5999999999999943,0,0,0,0,0
2017-04-07,178.95,180.8,174.1,174.8,168.89285714285697,0.35152958207541396,61.95462478184996,-0.15000000000000568,7.799999999999983,0,1,1,0,0
2017-04-10,174.9,177.65,173.55,174.7,169.16428571428554,0.5466036701838805,63.73429084380605,0.09999999999999432,-4.049999999999983,1,1,0,0,0
2017-04-11,174.4,178.4,174.05,176.45,169.69999999999982,0.6767476744433215,64.74694589877832,-0.29999999999998295,-0.5,0,0,0,0,0
2017-04-12,176.45,177.75,172.05,174.9,170.3464285714284,0.6930809542902182,60.70826306913995,0.0,2.049999999999983,0,0,0,0,0
2017-04-13,174.9,176.7,172.7,173.3,170.72857142857129,0.7045196174417413,58.919803600654696,0.0,-1.549999999999983,0,0,1,1,1
2017-04-17,172.85,174.8,172.1,172.7,171.1321428571427,0.6664625433265854,64.86486486486487,-0.45000000000001705,-2.0500000000000114,0,1,1,1,1
2017-04-18,173.9,178.25,169.2,169.75,171.2571428571427,0.5698617419920327,61.8556701030928,1.200000000000017,1.0500000000000114,1,1,1,1,1
2017-04-19,171.0,174.8,167.6,174.05,171.64999999999984,0.570108539739697,62.11604095563143,1.25,-2.9000000000000057,1,1,1,1,1
2017-04-20,174.5,176.9,173.6,174.4,172.117857142857,0.5405951364904141,56.2130177514793,0.44999999999998863,3.5,1,1,1,1,1
2017-04-21,175.05,177.75,172.3,175.2,172.88571428571413,0.4408725314035354,39.34426229508193,0.6500000000000057,0.5500000000000114,1,1,1,1,1
2017-04-24,175.6,177.9,175.5,176.2,173.83928571428555,0.2807437335706295,54.666666666666586,0.4000000000000057,0.549999999999983,1,0,0,0,0
2017-04-25,177.0,182.75,176.1,177.9,174.62142857142842,0.18949516923219875,59.63855421686752,0.8000000000000114,1.4000000000000057,0,0,0,0,0
2017-04-26,179.35,179.95,173.4,176.05,174.96428571428558,0.07951541636019727,48.80239520958091,1.4499999999999886,2.3499999999999943,1,0,0,0,0
2017-04-27,175.65,177.8,174.1,176.2,174.75714285714272,0.42294018463275135,54.248366013071845,-0.4000000000000057,-3.6999999999999886,0,0,0,0,0
2017-04-28,176.5,177.8,174.4,175.7,174.8214285714284,0.47777677019707143,58.45070422535204,0.30000000000001137,0.8499999999999943,0,0,0,0,0
2017-05-02,176.65,177.5,174.15,175.5,174.8785714285713,0.5227867331036834,60.144927536231954,0.950000000000017,0.15000000000000568,0,0,0,1,1
2017-05-03,176.4,177.4,173.1,173.8,174.6892857142856,0.6506439373637052,66.13545816733078,0.9000000000000057,-0.25,1,0,1,1,1
2017-05-04,175.0,175.8,172.45,174.65,174.67142857142844,0.71806898932772,53.296703296703285,1.1999999999999886,-1.4000000000000057,0,1,1,1,0
2017-05-05,174.85,175.45,171.4,172.8,174.63571428571416,0.6295887888646227,42.452830188679236,0.19999999999998863,-0.15000000000000568,1,1,1,1,0
2017-05-08,172.8,177.2,170.85,175.65,174.84642857142848,0.5964116426630198,51.778656126482296,0.0,-2.049999999999983,1,1,0,0,0
2017-05-09,176.0,178.4,175.5,176.85,175.3535714285713,0.3701348115233315,52.529182879377466,0.3499999999999943,3.1999999999999886,1,0,0,0,0
2017-05-10,177.1,179.0,175.85,177.1,175.57142857142844,0.33879614382166373,46.491228070175374,0.25,1.0999999999999943,0,0,0,0,0
2017-05-11,177.5,178.45,173.75,174.15,175.5535714285713,0.10770774010138133,42.39999999999993,0.4000000000000057,0.4000000000000057,0,0,0,0,0
2017-05-12,174.3,174.8,170.4,170.9,175.24642857142845,-0.0985416626017268,33.0128205128205,0.15000000000000568,-3.1999999999999886,1,0,0,0,0
2017-05-15,171.45,173.85,171.25,171.75,174.92857142857133,0.0170061098419695,37.61755485893415,0.549999999999983,-2.8500000000000227,0,0,0,0,0
2017-05-16,171.95,172.1,168.5,170.45,174.39642857142846,0.3612761301448887,35.190615835777066,0.19999999999998863,0.5,1,0,0,0,0
2017-05-17,170.65,173.0,170.0,170.6,174.00714285714272,0.515244409325731,39.67741935483864,0.20000000000001705,-1.299999999999983,0,0,0,0,0
2017-05-18,169.3,169.9,163.5,164.4,173.1642857142856,0.7995347872452421,25.419664268585095,-1.299999999999983,-1.3499999999999943,0,0,0,0,0
2017-05-19,166.8,168.0,162.1,164.05,172.33214285714277,0.8796010441798072,27.390180878552925,2.4000000000000057,-2.5,0,0,0,0,0
2017-05-22,165.3,166.25,160.55,161.35,171.32142857142847,0.9232264933182105,12.760416666666615,1.25,-1.5,0,0,0,0,0
2017-05-23,161.85,161.9,154.6,155.9,170.04285714285703,0.9563332429254001,5.330490405117274,0.5,-3.450000000000017,0,0,1,0,0
2017-05-24,156.2,157.7,148.6,149.9,168.2749999999999,0.9770185201781514,3.4246575342465633,0.29999999999998295,-5.650000000000006,1,1,1,0,0
2017-05-25,151.35,153.6,149.65,152.05,166.79285714285703,0.9666607391621476,11.091549295774655,1.4499999999999886,-4.849999999999994,1,1,0,0,0
2017-05-26,152.9,160.85,152.15,158.45,165.5642857142856,0.9063958473591017,30.269413629160013,0.8499999999999943,1.5500000000000114,0,0,0,0,0
2017-05-29,159.8,160.4,152.8,153.35,163.88571428571416,0.8962580432568907,24.301675977653616,1.3500000000000227,6.900000000000006,0,0,0,0,0
2017-05-30,147.0,147.5,133.6,140.4,161.2642857142856,0.9284475098776049,18.335089567966264,-6.349999999999994,-12.800000000000011,0,0,1,0,0
2017-05-31,140.2,142.0,137.65,138.2,158.69642857142844,0.9441274011218197,17.272727272727252,-0.20000000000001705,-6.800000000000011,1,1,1,1,0
2017-06-01,138.2,139.55,136.7,138.5,156.38214285714272,0.9457215495289742,20.29816513761466,0.0,-2.0,1,1,1,0,0
2017-06-02,139.6,142.45,138.4,140.5,154.14999999999986,0.9305076483476773,23.977900552486176,1.0999999999999943,1.4000000000000057,0,0,0,0,0
2017-06-05,141.15,141.9,139.05,139.85,151.96428571428558,0.9145518945662442,25.115740740740733,0.6500000000000057,1.5500000000000114,0,0,0,0,0
2017-06-06,139.8,140.5,138.05,138.7,149.68571428571414,0.9037057709126642,27.89203084832903,-0.04999999999998295,-1.3499999999999943,0,0,1,1,1
2017-06-07,138.9,139.8,136.65,137.3,147.74999999999986,0.8904863456693176,31.632653061224488,0.20000000000001705,-0.9000000000000057,1,1,1,1,1
2017-06-08,138.0,139.3,137.5,138.5,145.92499999999987,0.8645548514530558,29.68515742128932,0.6999999999999886,-0.9000000000000057,1,1,1,0,1
2017-06-09,138.2,139.7,137.8,138.75,144.31071428571414,0.8281625938163176,13.786764705882362,-0.30000000000001137,0.19999999999998863,1,1,0,1,0
2017-06-12,137.0,140.25,136.65,139.05,143.10714285714272,0.7789214761613431,18.080357142857196,-1.75,-1.1999999999999886,1,0,1,0,0
2017-06-13,139.45,141.2,139.25,140.25,142.417857142857,0.7345922154328807,49.2957746478873,0.39999999999997726,2.4499999999999886,0,0,0,0,0
2017-06-14,140.0,140.55,137.55,138.45,141.4464285714284,0.6744636195420285,51.21951219512195,-0.25,0.5500000000000114,1,0,0,0,0
2017-06-15,138.25,140.55,137.4,139.1,140.06428571428557,0.5349165905834075,52.83018867924525,-0.19999999999998863,-1.75,0,0,0,0,0
2017-06-16,139.35,140.7,137.9,138.3,138.9892857142856,0.2524123286732999,38.29787234042556,0.25,1.0999999999999943,0,0,0,0,0
2017-06-19,138.6,139.4,137.85,138.1,138.82499999999985,0.11638091693419829,40.223463687150826,0.29999999999998295,-0.75,0,0,0,0,0
2017-06-20,138.5,138.8,137.4,137.8,138.79642857142844,0.34343164955319244,44.444444444444564,0.4000000000000057,-0.09999999999999432,0,0,0,0,0
2017-06-21,137.1,138.75,135.75,136.65,138.66428571428557,0.5396697316501226,45.85987261146493,-0.700000000000017,-1.4000000000000057,1,0,0,0,0
2017-06-22,136.75,138.65,136.45,137.15,138.42499999999987,0.4293599166268058,40.55944055944062,0.09999999999999432,-0.3499999999999943,0,0,0,0,0
2017-06-23,136.6,137.5,132.15,135.0,138.07857142857128,0.3773438241619106,29.28176795580113,-0.5500000000000114,-0.15000000000000568,0,1,1,1,1
2017-06-27,135.05,135.55,130.8,134.4,137.77142857142843,0.45849142167832047,25.133689839572156,0.05000000000001137,-1.549999999999983,1,1,1,1,0
2017-06-28,134.1,136.8,132.5,136.3,137.69999999999987,0.666838230589303,30.348258706467732,-0.30000000000001137,-0.950000000000017,0,0,0,0,0
2017-06-29,136.4,139.0,135.0,135.6,137.49285714285702,0.7623993326496741,34.07821229050286,0.09999999999999432,2.3000000000000114,0,0,0,0,1
2017-06-30,135.9,137.15,134.4,135.3,137.24642857142845,0.829693137406924,27.90697674418614,0.30000000000001137,-0.5,1,0,0,1,0
2017-07-03,135.65,136.8,134.7,135.5,136.99285714285705,0.8636260917890635,32.49999999999993,0.3499999999999943,-0.25,0,0,1,0,1
2017-07-04,136.0,136.45,133.5,133.9,136.5392857142856,0.8384459906207672,27.65957446808511,0.5,0.3499999999999943,1,1,1,1,1
2017-07-05,134.5,134.7,133.15,134.05,136.22499999999988,0.9061081111797934,29.729729729729726,0.5999999999999943,-1.5,1,1,1,1,1
2017-07-06,134.85,137.9,134.3,135.8,135.9892857142856,0.7785571136232698,45.68527918781728,0.799999999999983,0.3499999999999943,0,1,1,1,1
2017-07-07,135.35,135.85,134.4,135.0,135.75357142857132,0.7191340961481104,39.40886699507387,-0.45000000000001705,0.5,1,1,1,1,1
2017-07-10,137.85,138.6,135.55,137.65,135.72142857142848,0.35969115461248624,62.44131455399063,2.8499999999999943,2.5,1,1,1,1,1
2017-07-11,138.0,142.3,137.9,139.75,135.86071428571418,-0.10221148762008521,72.01646090534976,0.3499999999999943,0.15000000000000568,1,1,1,1,1
2017-07-12,140.4,141.4,139.7,140.55,136.1392857142856,-0.28377589731802855,69.23076923076921,0.6500000000000057,2.4000000000000057,1,1,1,1,1
2017-07-13,141.2,143.25,140.9,142.5,136.52142857142846,-0.3532949032960675,78.04878048780495,0.6499999999999773,0.799999999999983,0,0,1,1,1
2017-07-14,143.15,143.15,140.05,140.75,136.93214285714274,-0.24264307202401572,69.81818181818178,0.6500000000000057,1.950000000000017,1,1,1,1,1
2017-07-17,140.65,141.9,140.0,141.15,137.4142857142856,-0.0033849614370509533,70.25089605734766,-0.09999999999999432,-2.5,1,1,1,1,1
2017-07-18,141.5,144.5,140.65,143.25,137.91071428571416,0.28258575903103517,82.35294117647052,0.3499999999999943,0.8499999999999943,1,1,1,1,1
2017-07-19,144.75,145.8,143.55,145.2,138.59642857142848,0.5784514143679527,84.30769230769224,1.5,3.25,1,0,1,1,0
2017-07-20,145.05,147.4,144.75,146.45,139.39285714285703,0.7533216466947146,83.80952380952374,-0.14999999999997726,0.30000000000001137,0,0,0,0,0
2017-07-21,146.9,147.0,143.1,145.0,140.07142857142844,0.7960336864673202,80.48780487804882,0.45000000000001705,1.8499999999999943,1,1,0,0,0
2017-07-24,145.0,147.5,144.55,146.25,140.95357142857128,0.8413372753407461,78.66666666666671,0.0,-1.9000000000000057,0,0,0,0,0
2017-07-25,146.25,146.95,145.2,145.65,141.78214285714273,0.8534344135532037,71.85185185185192,0.0,1.25,0,0,0,0,0
2017-07-26,145.5,147.2,143.5,143.9,142.36071428571415,0.7966016226650162,61.59169550173011,-0.15000000000000568,-0.75,0,0,1,1,0
2017-07-27,144.25,145.4,141.65,142.3,142.88214285714272,0.682571504298012,49.29078014184401,0.3499999999999943,-1.25,1,1,1,0,0
2017-07-28,142.0,144.35,141.0,143.8,143.32142857142844,0.5891931479592374,61.01083032490982,-0.30000000000001137,-2.25,1,1,0,0,0
2017-07-31,144.5,145.5,144.0,145.1,143.70357142857128,0.5329876542412408,63.389830508474596,0.6999999999999886,2.5,0,0,0,0,0
2017-08-01,145.9,146.55,143.9,144.6,143.992857142857,0.43233564775612937,55.13307984790874,0.8000000000000114,1.4000000000000057,0,0,0,0,0
2017-08-02,144.55,145.0,140.15,141.2,143.89999999999986,0.18880502576889457,36.30136986301366,-0.04999999999998295,-1.3499999999999943,0,0,0,0,0
2017-08-03,141.2,141.2,138.0,138.65,143.74999999999986,-0.20926988269773864,25.471698113207523,0.0,-3.3500000000000227,0,1,0,0,0
2017-08-04,138.7,139.25,136.0,137.25,143.47142857142845,-0.4791016869926595,25.55205047318607,0.04999999999998295,-2.5,1,0,0,0,0
2017-08-07,137.95,140.2,137.2,138.9,143.16071428571416,-0.5871996074460232,27.384615384615373,0.6999999999999886,-0.75,0,0,0,0,0
2017-08-08,139.2,139.65,134.05,134.65,142.40714285714273,-0.46270983286041545,22.36180904522611,0.29999999999998295,1.25,0,0,0,0,0
2017-08-09,133.6,134.4,131.2,133.0,141.4464285714284,-0.12068423613525611,22.47474747474743,-1.0500000000000114,-5.599999999999994,0,0,0,0,0
2017-08-10,133.05,135.2,124.0,126.75,140.14285714285703,0.4318764777845885,18.20040899795498,0.05000000000001137,-0.549999999999983,0,0,1,1,1
2017-08-11,124.2,125.75,121.3,125.0,138.62499999999986,0.7853136831072752,11.943319838056638,-2.549999999999997,-8.850000000000009,1,1,1,1,0
2017-08-14,127.8,127.8,125.5,126.45,137.2535714285713,0.8756402478482311,12.474849094567432,2.799999999999997,3.5999999999999943,1,1,1,0,0
2017-08-16,127.0,130.65,125.1,129.95,136.2571428571427,0.8517448100657667,23.69838420107719,0.5499999999999972,-0.7999999999999972,0,0,0,0,0
2017-08-17,130.0,131.75,128.5,129.25,135.32499999999985,0.828667948231763,26.242544731610337,0.05000000000001137,3.0,1,0,0,0,0
2017-08-18,128.75,130.4,126.65,129.9,134.3321428571427,0.795638615265294,31.182795698924735,-0.5,-1.25,0,0,0,0,0
2017-08-21,130.45,131.0,124.1,124.6,132.867857142857,0.8199651079695486,26.70349907918967,0.549999999999983,1.6999999999999886,1,1,1,1,1
2017-08-22,125.0,126.7,123.75,125.65,131.51428571428556,0.8215175228347094,25.047080979284388,0.4000000000000057,-5.449999999999989,1,1,1,1,1
2017-08-23,126.25,128.1,125.6,127.55,130.53928571428557,0.7772694416805631,35.330578512396684,0.5999999999999943,1.25,0,1,0,1,1
2017-08-24,127.95,128.45,125.8,126.95,129.70357142857128,0.7286283214746422,36.933045356371494,0.4000000000000057,1.7000000000000028,1,0,1,1,1
2017-08-28,127.05,128.8,127.0,127.95,129.03928571428557,0.6397123800154757,53.35195530726258,0.09999999999999432,-0.9000000000000057,0,0,1,1,1
2017-08-29,127.45,128.7,126.35,126.85,128.17857142857127,0.5249004682440477,55.3623188405797,-0.5,0.4000000000000057,1,1,1,1,1
2017-08-30,127.35,128.35,127.3,127.75,127.68571428571411,0.3072543232659392,53.89221556886227,0.5,-0.10000000000000853,1,1,1,1,1
2017-08-31,128.0,129.25,127.35,128.9,127.39285714285698,-0.1277059286611185,46.34146341463421,0.25,0.6500000000000057,1,1,1,1,1
2017-09-01,129.0,130.5,128.45,129.9,127.61785714285699,-0.189782459505538,52.2184300341297,0.09999999999999432,1.0,1,1,1,1,0
2017-09-04,131.0,132.85,129.6,131.15,128.0571428571427,-0.10113657734976093,54.09836065573769,1.0999999999999943,2.0,1,0,0,0,0
2017-09-05,131.95,132.25,130.1,131.3,128.40357142857127,-0.05639722653790579,83.16831683168317,0.799999999999983,0.9499999999999886,0,0,0,0,1
2017-09-06,130.8,131.85,129.85,130.75,128.46071428571412,-0.2541870290255418,76.56249999999991,-0.5,-1.1499999999999773,0,0,0,1,1
2017-09-07,131.95,131.95,129.6,129.95,128.51071428571413,-0.41413535151205805,64.11764705882341,1.1999999999999886,1.1499999999999773,0,1,1,1,1
2017-09-08,129.2,130.75,127.05,127.6,128.3464285714284,-0.7146807745721934,53.170731707317024,-0.75,-2.75,1,1,1,1,1
2017-09-11,129.5,131.65,128.85,130.55,128.7714285714284,-0.5459596594945667,60.65573770491802,1.9000000000000057,0.30000000000001137,1,1,1,1,1
2017-09-12,131.4,132.7,131.1,131.9,129.21785714285699,-0.18864267102570179,70.28112449799194,0.8499999999999943,1.9000000000000057,1,1,0,1,1
2017-09-13,132.5,134.15,131.75,132.35,129.5607142857141,0.17804765608021997,69.1666666666666,0.5999999999999943,1.0999999999999943,1,0,1,1,1
2017-09-14,132.4,145.85,132.4,136.85,130.26785714285697,0.7127741768025563,75.89576547231263,0.05000000000001137,-0.09999999999999432,0,0,0,0,0
2017-09-15,134.85,134.85,131.2,131.9,130.5499999999998,0.7362629688196166,55.181347150259064,-2.0,2.4499999999999886,1,1,1,1,0
2017-09-18,135.0,135.05,132.6,133.2,131.00357142857126,0.7551043491388147,55.29715762273898,3.0999999999999943,0.15000000000000568,1,1,0,0,0
2017-09-19,133.7,135.8,132.3,134.4,131.47857142857126,0.7669697775823652,57.59803921568626,0.5,-1.3000000000000114,0,0,0,0,0
2017-09-20,135.0,135.5,133.05,133.45,131.80357142857127,0.7280506130468832,56.49038461538459,0.5999999999999943,1.3000000000000114,0,0,0,0,0
2017-09-21,133.8,134.6,131.25,132.45,131.98571428571412,0.656644770217226,55.95238095238095,0.35000000000002274,-1.1999999999999886,0,0,0,0,0
2017-09-22,131.8,131.95,129.15,129.6,131.87499999999983,0.4797045621631763,54.651162790697676,-0.6499999999999773,-2.0,0,0,0,0,0
2017-09-25,129.5,130.0,126.1,127.25,131.58571428571412,0.2733501697785329,42.1052631578947,-0.09999999999999432,-2.3000000000000114,1,0,0,0,0
2017-09-26,129.0,129.45,127.35,127.75,131.3714285714284,0.15964370297066546,39.65087281795508,1.75,-0.5,0,0,0,0,0
2017-09-27,129.4,129.4,124.0,124.65,130.99285714285696,0.04239987606961458,33.03964757709252,1.6500000000000057,0.4000000000000057,0,0,0,0,0
2017-09-28,82.8,85.0,82.1,82.65,127.7821428571427,0.5759723702815079,4.983388704318941,-41.85000000000001,-46.60000000000001,1,1,1,1,1
2017-09-29,84.0,84.9,83.05,83.95,124.45357142857128,0.8226446890432227,7.603890362511038,1.3499999999999943,1.2000000000000028,0,0,0,1,1
2017-10-03,85.25,85.25,82.7,83.1,120.96785714285697,0.8675643326508364,5.34759358288774,1.2999999999999972,1.25,1,1,1,1,1
2017-10-04,83.25,83.75,82.5,83.2,117.4571428571427,0.8665077953854962,3.4545454545454675,0.15000000000000568,-2.0,1,1,1,1,1
2017-10-05,83.5,84.0,83.15,83.65,113.65714285714272,0.8528950292660088,4.31192660550461,0.29999999999999716,0.25,1,1,1,1,1
2017-10-06,84.0,85.35,83.75,85.1,110.31428571428556,0.8289779026021671,6.915377616014553,0.3499999999999943,0.5,1,1,0,0,0
2017-10-09,85.0,86.95,84.3,86.3,106.96428571428555,0.7998422971530618,9.380863039399628,-0.09999999999999432,1.0,1,0,0,0,0
2017-10-10,86.8,87.2,85.7,86.75,103.56071428571411,0.7656381912800363,10.60311284046692,0.5,1.7999999999999972,0,0,0,0,0
2017-10-11,87.1,87.25,83.95,85.0,100.09999999999982,0.7320098936819914,9.401709401709411,0.3499999999999943,0.29999999999999716,0,0,0,0,0
2017-10-12,85.2,85.25,83.7,84.4,96.66785714285697,0.689760833985687,9.870388833499504,0.20000000000000284,-1.8999999999999915,0,0,0,1,1
2017-10-13,85.5,85.5,84.05,84.25,93.42857142857126,0.6322477198562156,59.63855421686742,1.0999999999999943,0.29999999999999716,0,0,1,1,1
2017-10-16,84.5,84.85,83.7,84.05,90.34285714285697,0.5496789295555755,50.6944444444444,0.25,-1.0,1,1,1,1,1
2017-10-17,84.4,84.8,83.5,84.25,87.23571428571412,0.405122811485574,58.778625954198496,0.3500000000000085,-0.09999999999999432,1,1,1,1,1
2017-10-18,84.5,85.4,83.65,84.75,84.38571428571412,-0.4127182152020705,61.151079136690626,0.25,0.09999999999999432,0,1,1,1,1
2017-10-19,85.0,85.5,84.15,84.6,84.52499999999982,-0.25672237337017617,57.14285714285705,0.25,0.5,1,1,1,1,1
2017-10-23,85.25,88.9,83.9,86.75,84.72499999999981,-0.3366527515492529,61.224489795918366,0.6500000000000057,0.25,1,1,1,1,1
2017-10-24,87.25,88.7,85.8,88.2,85.08928571428554,-0.3203357937782963,62.5,0.5,2.0,1,1,1,1,1
2017-10-25,89.05,91.75,88.35,90.7,85.62499999999982,-0.2893351148934308,70.46632124352328,0.8499999999999943,1.7999999999999972,1,1,1,1,1
2017-10-26,91.4,101.3,91.35,96.55,86.54642857142838,-0.2560826991262834,91.99999999999994,0.7000000000000028,2.3500000000000085,0,0,1,1,1
2017-10-27,97.0,98.2,94.3,95.15,87.26428571428553,-0.2691824026119328,86.94158075601372,0.45000000000000284,5.599999999999994,1,1,1,1,1
2017-10-30,95.5,97.4,94.1,95.85,87.9464285714284,-0.28968223736275267,88.41059602649007,0.3499999999999943,-1.5,1,1,1,1,1
2017-10-31,96.35,99.0,95.5,98.0,88.74999999999982,-0.273917909952148,90.90909090909092,0.5,0.8499999999999943,1,0,1,1,0
2017-11-01,98.6,99.9,98.0,98.9,89.74285714285698,-0.10722497287044169,91.26760563380283,0.5999999999999943,2.25,0,1,1,0,0
2017-11-02,98.5,99.05,95.5,97.65,90.68928571428555,0.20422378628010557,84.86486486486488,-0.4000000000000057,-0.09999999999999432,1,1,0,0,0
2017-11-03,96.7,101.5,96.65,100.0,91.81428571428555,0.6112238335359351,87.19806763285028,-0.9500000000000028,-1.7999999999999972,0,0,0,0,0
2017-11-06,100.5,100.85,98.1,99.0,92.88214285714268,0.8263929724310446,81.32992327365731,0.5,3.799999999999997,0,0,0,0,0
2017-11-07,100.05,100.7,92.3,93.2,93.5214285714284,0.7662414523194229,60.46025104602512,1.0499999999999972,-0.45000000000000284,0,0,0,0,0
2017-11-08,90.6,92.5,89.55,90.0,93.8964285714284,0.5420077750611791,48.57723577235772,-2.6000000000000085,-9.450000000000003,1,1,0,1,0
2017-11-09,90.3,92.85,90.0,92.1,94.4321428571427,0.33060035775749835,39.328537170263765,0.29999999999999716,-0.29999999999999716,1,0,0,0,0
2017-11-10,92.0,93.2,91.1,92.5,94.84285714285697,0.07275501554579025,43.3249370277078,-0.09999999999999432,1.7000000000000028,0,0,0,0,0
2017-11-13,92.7,92.95,89.0,89.4,94.92857142857126,-0.3165483823745471,35.50561797752812,0.20000000000000284,0.7000000000000028,1,0,0,0,0
2017-11-14,89.1,91.55,88.55,91.15,94.96071428571413,-0.6111728375282927,34.32494279176203,-0.30000000000001137,-3.6000000000000085,0,0,0,0,0
2017-11-15,89.25,90.55,87.45,88.3,94.37142857142841,-0.6520571996962075,27.731092436974762,-1.9000000000000057,0.15000000000000568,0,0,0,0,1
2017-11-16,88.25,89.1,86.65,87.75,93.84285714285697,-0.7140925355840569,28.571428571428555,-0.04999999999999716,-1.0,1,0,0,1,1
2017-11-17,89.9,89.9,87.35,87.85,93.2714285714284,-0.7426965410812669,20.86330935251796,2.1500000000000057,1.6500000000000057,0,0,1,1,1
2017-11-20,87.7,87.9,86.75,87.25,92.50357142857126,-0.6476488163586772,21.27139364303177,-0.14999999999999147,-2.200000000000003,1,1,1,1,1
2017-11-21,87.6,88.7,87.2,87.45,91.68571428571411,-0.39230052586906256,30.63973063973063,0.3499999999999943,-0.10000000000000853,1,1,1,1,1
2017-11-22,87.8,89.15,85.85,88.65,91.04285714285697,-0.09163707866244451,44.74708171206227,0.3499999999999943,0.20000000000000284,1,1,1,1,1
2017-11-23,89.6,94.2,88.4,92.85,90.53214285714269,0.038295552593298574,52.50836120401338,0.9499999999999886,1.7999999999999972,0,0,1,1,0
2017-11-24,93.55,93.95,92.0,92.3,90.05357142857125,-0.02011476396175121,49.33774834437085,0.7000000000000028,3.950000000000003,0,1,1,0,0
2017-11-27,91.95,93.0,91.05,92.1,89.97499999999981,-0.17223402477089944,61.06557377049177,-0.3499999999999943,-1.5999999999999943,1,1,0,0,0
2017-11-28,92.5,94.6,92.0,94.1,90.26785714285695,-0.3037076639629096,61.847389558232905,0.4000000000000057,0.5499999999999972,0,0,0,0,0
2017-11-29,94.5,95.0,92.75,93.6,90.3749999999998,-0.4472354576029209,76.23762376237627,0.4000000000000057,2.0,0,0,0,0,0
2017-11-30,93.0,93.4,91.5,92.0,90.33928571428552,-0.6113713651644416,69.0582959641256,-0.5999999999999943,-1.5,0,0,0,0,0
2017-12-01,92.5,93.3,90.6,91.1,90.46071428571408,-0.6312040013098972,63.59832635983265,0.5,-0.5,0,0,0,1,1
2017-12-04,91.5,91.75,89.5,90.75,90.43214285714264,-0.7939420808429404,64.95726495726498,0.4000000000000057,-1.0,0,0,1,1,1
2017-12-05,90.0,90.5,88.5,90.15,90.5642857142855,-0.8073477475821255,61.15702479338845,-0.75,-1.5,1,1,1,1,1
2017-12-06,89.9,92.1,89.7,90.3,90.74642857142837,-0.810758806154531,57.46606334841627,-0.25,-0.09999999999999432,1,1,1,1,0
2017-12-07,91.0,91.95,90.75,91.55,91.01071428571409,-0.8236015656847375,41.9753086419753,0.7000000000000028,1.0999999999999943,1,1,1,0,0
2017-12-08,92.45,93.9,91.75,92.1,91.35714285714265,-0.6458806001679628,48.76543209876541,0.9000000000000057,1.4500000000000028,0,0,0,0,0
2017-12-11,92.7,92.7,91.5,91.75,91.6642857142855,-0.3238701719250557,47.878787878787904,0.6000000000000085,0.25,0,0,0,0,0
2017-12-12,91.7,92.5,91.2,91.7,91.88214285714264,-0.21042026506592426,30.95238095238092,-0.04999999999999716,-1.0,0,0,0,0,0
2017-12-13,91.2,92.15,89.1,89.6,91.64999999999978,-0.3493244272097393,24.683544303797404,-0.5,-0.5,0,1,0,1,1
2017-12-14,90.0,90.3,88.2,89.6,91.45714285714264,-0.3919133306967568,30.952380952380864,0.4000000000000057,-1.2000000000000028,1,0,1,1,1
2017-12-15,91.0,91.75,89.3,89.9,91.2999999999998,-0.399146874017914,39.473684210526386,1.4000000000000057,1.0,0,1,1,1,1
2017-12-18,89.4,90.35,86.75,89.25,90.95357142857122,-0.22319610491310735,37.5,-0.5,-1.5999999999999943,1,1,1,1,1
2017-12-19,89.9,90.75,89.7,90.05,90.6999999999998,0.019852861604653244,49.19354838709671,0.6500000000000057,0.5,1,1,1,1,1
2017-12-20,90.35,91.15,89.9,90.15,90.56785714285695,0.2239146783145821,48.78048780487812,0.29999999999999716,0.44999999999998863,1,1,1,1,1
2017-12-21,90.2,92.45,90.1,91.4,90.58928571428554,0.21238144889661678,48.78048780487812,0.04999999999999716,-0.14999999999999147,1,1,1,1,1
2017-12-22,92.05,93.4,91.7,92.2,90.69285714285697,0.11800092046726239,50.781250000000064,0.6499999999999915,1.8499999999999943,1,1,0,1,1
2017-12-26,93.8,94.05,92.7,93.0,90.89642857142839,-0.006230814398331471,59.124087591240844,1.5999999999999943,1.75,0,0,0,1,1
2017-12-27,93.0,94.5,92.15,92.65,91.06428571428555,-0.0541066381598569,56.64335664335665,0.0,-0.7999999999999972,0,0,1,1,1
2017-12-28,93.0,93.3,91.8,92.15,91.10714285714269,-0.04884928179979559,72.97297297297303,0.3499999999999943,0.0,1,1,1,1,1
2017-12-29,92.5,93.6,92.25,92.5,91.13571428571413,-0.07776742378630781,74.5762711864407,0.3499999999999943,-0.5,1,1,1,1,1
2018-01-01,92.65,96.4,92.6,95.15,91.37857142857128,0.024224771676486286,81.81818181818181,0.15000000000000568,0.15000000000000568,1,1,1,1,1
2018-01-02,96.75,98.7,94.2,98.2,91.842857142857,0.3946067970901165,92.01877934272305,1.5999999999999943,4.099999999999994,1,1,1,1,1
2018-01-03,99.2,99.7,97.8,98.55,92.4821428571427,0.7405570407593312,91.66666666666671,1.0,2.450000000000003,1,1,1,1,1
2018-01-04,98.85,101.0,98.15,100.75,93.27857142857128,0.8911439281794256,93.08943089430898,0.29999999999999716,-0.3500000000000085,1,1,1,1,1
2018-01-05,101.05,103.5,101.05,102.35,94.16785714285699,0.9409298839682949,93.28063241106723,0.29999999999999716,2.200000000000003,0,0,1,1,1
2018-01-08,103.15,103.35,101.5,101.95,95.07499999999985,0.9408021495548397,89.79591836734703,0.8000000000000114,2.1000000000000085,0,1,1,1,0
2018-01-09,102.25,102.45,99.3,101.1,95.86428571428556,0.9121551110580803,82.9268292682927,0.29999999999999716,-0.9000000000000057,1,1,1,1,0
2018-01-10,101.1,104.95,100.6,103.8,96.83928571428555,0.9204683567616307,88.05460750853241,0.0,-1.1500000000000057,0,0,0,0,0
2018-01-11,103.7,104.1,102.55,103.5,97.70357142857127,0.9116354805763823,89.27335640138409,-0.09999999999999432,2.6000000000000085,0,0,0,0,0
2018-01-12,104.0,105.6,101.6,102.7,98.45357142857127,0.8860960450684862,84.22818791946311,0.5,0.29999999999999716,0,0,0,0,0
2018-01-15,103.0,104.2,101.05,101.45,99.0571428571427,0.8362974918016788,73.33333333333334,0.29999999999999716,-1.0,0,0,0,0,1
2018-01-16,101.6,102.2,97.7,99.0,99.51071428571412,0.7191869513540509,53.10077519379844,0.14999999999999147,-1.4000000000000057,1,0,0,1,1
2018-01-17,98.3,100.3,95.6,99.9,100.06428571428555,0.6062003900777759,55.01858736059482,-0.7000000000000028,-3.299999999999997,0,0,1,1,1
2018-01-18,100.3,101.05,95.85,97.45,100.41785714285697,0.30064716741746844,37.95620437956205,0.3999999999999915,2.0,1,1,1,1,1
2018-01-19,97.0,98.4,96.2,97.55,100.58928571428554,-0.10039247910288852,30.327868852459034,-0.45000000000000284,-3.299999999999997,1,1,1,1,1
2018-01-22,98.1,105.6,97.4,104.55,101.04285714285696,-0.09210996653635613,56.91489361702126,0.5499999999999972,1.0999999999999943,0,0,0,0,0
2018-01-23,106.7,107.95,103.4,104.45,101.46428571428554,-0.12894966248268094,59.279778393351826,2.1500000000000057,8.600000000000009,0,0,0,0,0
2018-01-24,104.0,106.95,102.15,104.15,101.70714285714268,-0.08184808484321211,51.11821086261983,-0.45000000000000284,-2.700000000000003,0,0,0,0,0
2018-01-25,104.0,106.5,102.3,103.0,101.75357142857126,0.002490132053791586,48.48484848484849,-0.15000000000000568,0.0,0,0,0,0,0
2018-01-29,103.45,104.15,100.65,101.9,101.74999999999984,0.022652319921496664,47.619047619047635,0.45000000000000284,-0.5499999999999972,0,0,0,0,0
2018-01-30,102.2,103.1,100.15,101.6,101.78571428571412,-0.03183370078313214,50.47318611987379,0.29999999999999716,-1.25,0,0,0,0,0
2018-01-31,101.35,103.6,99.1,100.2,101.52857142857127,0.0956179496571263,54.054054054054056,-0.25,-0.8500000000000085,1,0,0,0,0
2018-02-01,100.5,102.05,97.15,100.35,101.30357142857126,0.278102067609563,51.601423487544444,0.29999999999999716,-0.8499999999999943,0,0,0,0,0
2018-02-02,99.15,99.25,91.55,93.5,100.6464285714284,0.41421581594827533,39.295392953929515,-1.1999999999999886,-1.3499999999999943,1,0,1,1,1
2018-02-05,92.0,95.5,89.4,94.85,100.17499999999983,0.6276031650324316,43.1472081218274,-1.5,-7.150000000000006,0,0,1,0,1
2018-02-06,90.5,93.5,88.2,92.5,99.7107142857141,0.7784875930559415,9.96677740863781,-4.349999999999994,-1.5,1,1,1,1,1
2018-02-07,94.15,95.0,93.05,94.25,99.30714285714268,0.8453371043220117,19.46107784431132,1.6500000000000057,3.6500000000000057,1,1,1,1,1
2018-02-08,95.4,98.75,94.25,95.15,99.14285714285697,0.8305727675408752,23.988439306358345,1.1500000000000057,1.25,0,1,1,0,0
2018-02-09,92.25,95.25,92.0,94.4,98.91785714285697,0.8333234534456974,24.55621301775146,-2.9000000000000057,-3.1500000000000057,1,1,1,0,0
2018-02-12,95.1,98.25,95.0,97.5,98.41428571428555,0.777767553672231,38.35978835978833,0.6999999999999886,2.8499999999999943,1,0,0,0,0
2018-02-14,98.3,99.25,97.4,97.85,97.94285714285697,0.6778623597875975,40.105540897097605,0.7999999999999972,3.200000000000003,0,0,0,0,0
2018-02-15,98.15,98.35,94.1,94.65,97.26428571428553,0.6455247441519016,36.62650602409637,0.30000000000001137,-0.14999999999999147,0,0,0,0,0
2018-02-16,95.6,96.35,93.75,94.3,96.64285714285697,0.6013027590823771,35.56085918854414,0.9499999999999886,-2.5500000000000114,0,0,0,0,0
2018-02-19,94.85,95.1,92.25,93.2,96.02142857142839,0.5723991054431132,49.01315789473685,0.5499999999999972,-0.75,0,0,0,0,1
2018-02-20,93.15,94.7,92.55,93.05,95.4107142857141,0.5131918931144441,43.57142857142858,-0.04999999999999716,-1.6999999999999886,0,0,0,1,0
2018-02-21,93.5,93.95,90.9,91.7,94.80357142857125,0.4915039434837494,46.923076923076934,0.45000000000000284,0.3499999999999943,0,1,1,0,0
2018-02-22,91.45,92.5,90.9,91.25,94.15357142857125,0.44803335613479234,37.17948717948716,-0.25,-2.049999999999997,1,1,1,0,0
2018-02-23,92.0,93.85,91.5,92.9,94.11071428571412,0.5534990773395333,40.963855421686745,0.75,0.5499999999999972,1,0,0,0,0
2018-02-26,93.4,94.5,93.0,93.35,94.00357142857126,0.5498781802924818,45.679012345678956,0.5,1.4000000000000057,0,0,0,0,0
2018-02-27,93.5,94.15,91.0,91.35,93.9214285714284,0.7499752121638378,22.171945701357387,0.15000000000000568,0.09999999999999432,0,0,0,0,0
2018-02-28,90.9,91.45,89.5,89.9,93.61071428571412,0.8239006779198618,17.283950617283935,-0.44999999999998863,-2.5999999999999943,1,1,0,0,0
2018-03-01,90.85,91.8,90.2,90.7,93.29285714285697,0.8565102729291592,29.74358974358971,0.9499999999999886,-0.05000000000001137,0,0,0,0,0
2018-03-05,90.6,91.3,89.7,90.4,93.00714285714268,0.9249757384779964,29.89690721649484,-0.10000000000000853,-0.25,0,0,0,0,0
2018-03-06,91.0,91.75,87.8,88.2,92.34285714285697,0.9138080310510259,26.85185185185182,0.5999999999999943,0.4000000000000057,0,0,0,0,0
2018-03-07,88.2,89.2,85.2,85.45,91.4571428571427,0.8958244052929847,21.641791044776085,0.0,-2.799999999999997,1,1,1,1,1
2018-03-08,85.8,86.75,83.65,86.1,90.8464285714284,0.918030137417252,27.952755905511737,0.3499999999999943,-2.4000000000000057,1,1,1,1,1
2018-03-09,86.5,88.55,85.3,86.15,90.26428571428555,0.9244583789955809,29.268292682926827,0.4000000000000057,0.7000000000000028,1,1,1,1,1
2018-03-12,87.0,87.05,84.9,86.95,89.81785714285698,0.9114574343930784,24.017467248908233,0.8499999999999943,0.5,0,0,1,0,0
2018-03-13,86.9,87.8,86.3,86.9,89.37857142857128,0.8856932824723655,20.814479638009047,-0.04999999999999716,-0.09999999999999432,0,1,0,0,0
2018-03-14,86.5,87.8,85.55,86.5,89.00714285714271,0.87635765051043,24.338624338624342,-0.4000000000000057,-0.4000000000000057,1,0,0,0,0
2018-03-15,86.5,87.75,86.5,87.05,88.7071428571427,0.8491384858367528,33.33333333333327,0.0,0.0,0,0,0,0,0
2018-03-16,87.0,88.65,85.6,86.4,88.24285714285699,0.8244117162889406,24.404761904761898,-0.04999999999999716,0.5,0,0,0,0,0
2018-03-19,86.9,86.9,83.4,83.75,87.55714285714271,0.8476997252958653,19.069767441860435,0.5,-0.09999999999999432,1,0,0,0,0
2018-03-20,83.5,84.65,83.1,84.1,87.03928571428557,0.8439331366851193,26.96629213483139,-0.25,-3.4000000000000057,0,0,0,0,0
2018-03-21,84.45,84.85,82.45,83.05,86.54999999999984,0.8504896784606042,33.33333333333327,0.3500000000000085,0.9500000000000028,0,0,0,0,0
2018-03-22,83.4,83.45,81.2,81.4,85.88571428571413,0.848439563901809,21.341463414634177,0.3500000000000085,-1.0499999999999972,0,1,1,0,1
2018-03-23,80.05,82.0,79.85,81.4,85.24285714285699,0.8423447657132075,20.85889570552139,-1.3500000000000085,-3.3500000000000085,1,1,0,1,1
2018-03-26,81.9,82.55,80.65,82.25,84.81785714285698,0.8345054641223817,21.341463414634035,0.5,1.8500000000000085,1,0,1,1,1
2018-03-27,83.0,83.25,81.75,82.8,84.62857142857126,0.8872620224809276,26.43678160919528,0.75,1.0999999999999943,0,0,1,1,1
2018-03-28,82.4,82.65,80.9,81.35,84.28928571428555,0.9215994998401115,23.58974358974349,-0.3999999999999915,-0.5999999999999943,1,1,1,1,1
2018-04-02,82.1,82.85,81.55,82.45,84.02499999999984,0.9195733620943273,27.669902912621353,0.75,-0.30000000000001137,1,1,1,1,1
2018-04-03,82.5,86.15,82.3,85.7,83.93571428571411,0.7376731360607366,47.28682170542634,0.04999999999999716,0.4000000000000057,0,1,1,1,1
2018-04-04,85.65,87.6,84.7,85.15,83.81071428571411,0.5681622140398571,56.48148148148152,-0.04999999999999716,3.1500000000000057,1,1,1,1,1
2018-04-05,86.5,87.6,86.3,87.2,83.86071428571412,0.2715998936083093,62.40000000000004,1.3499999999999943,0.8499999999999943,1,1,1,1,1
2018-04-06,87.35,88.0,86.2,87.6,83.89999999999984,-0.07680434050475686,69.19831223628694,0.14999999999999147,0.8499999999999943,1,1,1,1,1
2018-04-09,87.55,89.3,87.35,88.5,84.04999999999983,-0.388623935123068,81.98198198198197,-0.04999999999999716,0.20000000000000284,1,1,1,0,0
2018-04-10,88.6,89.1,87.65,88.95,84.4214285714284,-0.43798903028925873,82.68398268398268,0.09999999999999432,1.0499999999999972,1,1,0,0,0
2018-04-11,88.8,91.0,88.4,90.6,84.88571428571412,-0.40413701464837615,83.80566801619432,-0.15000000000000568,0.20000000000000284,0,0,0,0,0
2018-04-12,90.85,91.15,88.9,89.25,85.32857142857127,-0.23133364238866344,74.52471482889737,0.25,2.049999999999997,0,0,0,0,0
2018-04-13,89.5,89.8,87.95,88.2,85.81428571428555,0.10015118844969838,76.86274509803928,0.25,-1.3499999999999943,1,0,0,1,1
2018-04-16,88.0,88.7,86.85,88.45,86.31785714285697,0.3312197494057563,75.2100840336135,-0.20000000000000284,-1.5,0,0,0,1,1
2018-04-17,88.9,89.25,87.65,88.15,86.73928571428554,0.40121092390906066,63.68715083798889,0.45000000000000284,0.9000000000000057,0,1,1,1,1
2018-04-18,88.45,88.95,87.4,87.85,87.09999999999982,0.4016220305451825,65.51724137931029,0.29999999999999716,-0.45000000000000284,1,1,1,1,0
2018-04-19,88.1,88.95,87.05,88.45,87.60714285714269,0.40275734806227637,58.62068965517242,0.25,-0.3500000000000085,1,1,0,0,0
2018-04-20,88.0,90.2,88.0,89.35,88.09999999999982,0.42052312698721983,61.29032258064516,-0.45000000000000284,-0.09999999999999432,0,0,0,0,0
2018-04-23,89.65,90.45,89.05,89.3,88.35714285714268,0.39254772745175576,55.79710144927535,0.30000000000001137,1.6500000000000057,0,0,0,0,0
2018-04-24,89.0,90.1,88.0,88.35,88.58571428571409,0.17245540304713017,45.94594594594589,-0.29999999999999716,-0.6500000000000057,0,0,0,0,0
2018-04-25,88.3,88.7,85.05,85.8,88.48571428571408,-0.2519535386342379,21.0843373493976,-0.04999999999999716,-0.7000000000000028,1,1,1,1,0
2018-04-26,85.2,87.25,84.5,86.35,88.39642857142837,-0.47898274310061617,30.66666666666663,-0.5999999999999943,-3.0999999999999943,1,1,1,0,0
2018-04-27,86.45,87.25,86.2,86.85,88.27857142857123,-0.5679667678829847,40.287769784172596,0.10000000000000853,1.25,1,1,0,0,0
2018-04-30,87.1,88.6,87.1,87.8,88.19642857142836,-0.5823060137379165,45.75163398692807,0.25,0.6499999999999915,1,0,0,0,0
2018-05-02,89.2,89.5,87.35,87.85,87.99999999999979,-0.4066294900718576,47.9729729729729,1.4000000000000057,2.1000000000000085,0,0,0,0,0
2018-05-03,87.0,88.3,85.25,85.55,87.73571428571407,-0.23808720383399573,37.765957446808514,-0.8499999999999943,-2.200000000000003,0,0,0,0,0
2018-05-04,85.55,85.75,83.85,84.25,87.45357142857121,-0.0755796042244408,29.207920792079165,0.0,-1.4500000000000028,1,0,0,0,0
2018-05-07,84.5,84.95,83.4,84.35,87.16071428571406,0.21682260507896312,23.118279569892422,0.25,-1.0499999999999972,0,0,0,0,0
2018-05-08,84.55,84.9,82.65,83.3,86.81428571428548,0.5560847611253639,20.873786407766943,0.20000000000000284,0.04999999999999716,1,0,0,0,0
2018-05-09,83.6,84.65,83.25,83.6,86.51071428571404,0.7386836044609848,25.388601036269378,0.29999999999999716,-0.9500000000000028,0,0,0,0,0
2018-05-10,83.8,84.35,80.05,80.6,85.94999999999975,0.8744607972635935,24.2574257425742,0.20000000000000284,0.20000000000000284,1,0,0,0,0
2018-05-11,81.15,82.15,80.3,80.65,85.3285714285712,0.9222155099142662,20.312500000000043,0.5500000000000114,-2.6499999999999915,0,0,0,0,0
2018-05-14,80.65,81.25,77.55,77.75,84.50357142857119,0.959751747651599,12.083333333333343,0.0,-0.5,1,1,1,0,0
2018-05-15,78.4,81.4,77.75,78.1,83.77142857142834,0.9612964954433716,7.456140350877135,0.6500000000000057,-2.25,1,1,0,0,0
2018-05-16,77.5,79.85,76.6,79.3,83.30714285714262,0.9470825152752503,15.936254980079696,-0.5999999999999943,-0.9000000000000057,0,0,0,0,0
2018-05-17,79.85,80.9,78.9,79.25,82.79999999999977,0.9261189048931299,19.417475728155352,0.5499999999999972,2.3499999999999943,0,0,0,0,0
2018-05-18,79.45,79.65,76.0,76.4,82.05357142857122,0.9329352232378416,16.877637130801702,0.20000000000000284,-0.3999999999999915,0,0,0,0,0
2018-05-21,76.45,76.8,74.65,75.05,81.14285714285693,0.9429187455206974,14.503816793893165,0.04999999999999716,-3.0,1,1,0,0,1
2018-05-22,75.1,76.75,75.1,76.05,80.2999999999998,0.9431092192247452,22.222222222222243,0.04999999999999716,-1.3500000000000085,0,0,0,1,1
2018-05-23,76.1,76.6,75.1,75.3,79.56785714285694,0.9388574940504558,19.259259259259295,0.04999999999999716,1.0,0,0,1,1,1
2018-05-24,75.7,75.95,73.7,74.85,78.89642857142836,0.9330664648230347,23.744292237442963,0.4000000000000057,-0.3999999999999915,1,1,1,1,1
2018-05-25,75.2,75.65,74.55,75.05,78.23214285714265,0.9216322512630576,24.774774774774755,0.3500000000000085,-0.5,1,1,1,1,1
2018-05-28,75.3,79.6,75.3,79.25,77.94285714285694,0.7546292123628484,56.048387096774185,0.25,0.09999999999999432,1,1,1,1,0
2018-05-29,79.85,86.85,79.55,83.45,77.93214285714267,0.2817657254251615,66.46153846153848,0.5999999999999943,4.549999999999997,0,1,0,0,0
2018-05-30,81.7,86.1,80.2,83.0,78.10357142857124,-0.00989478966643547,61.935483870967744,-1.75,1.8500000000000085,1,0,0,0,0
2018-05-31,83.4,84.95,82.35,83.65,78.31785714285695,-0.25564258846777155,63.66459627329193,0.4000000000000057,1.7000000000000028,0,0,0,0,0
2018-06-01,83.55,83.55,80.0,80.35,78.50357142857123,-0.28879161063486963,61.93353474320236,-0.10000000000000853,0.14999999999999147,0,0,0,0,0
2018-06-04,80.5,80.9,74.7,75.25,78.29999999999981,-0.2401650389475699,50.492610837438434,0.15000000000000568,-3.049999999999997,0,0,1,1,1
2018-06-05,75.25,75.3,72.65,73.15,77.86071428571411,-0.21551235807408844,43.22429906542059,0.0,-5.25,1,1,1,1,1
2018-06-06,73.0,75.1,73.0,74.6,77.52857142857124,-0.2698324377845818,48.41628959276017,-0.15000000000000568,-2.25,1,1,1,1,1
2018-06-07,75.05,76.5,75.0,76.35,77.52499999999979,-0.24389492464847165,53.205128205128204,0.45000000000000284,2.049999999999997,1,1,1,1,0
2018-06-08,76.1,77.9,75.25,77.55,77.70357142857122,-0.14714289729730812,55.12295081967213,-0.25,1.0499999999999972,0,1,1,0,0
2018-06-11,78.1,78.75,77.1,77.45,77.80357142857123,-0.0687887254301791,45.56650246305419,0.5499999999999972,2.0,1,1,0,0,0
2018-06-12,77.3,78.7,76.5,78.3,78.01785714285695,0.11696734369966859,34.80825958702063,-0.15000000000000568,-0.7999999999999972,0,0,0,0,0
2018-06-13,78.85,79.5,77.8,78.05,78.24642857142838,0.36984908992505067,35.22388059701491,0.5499999999999972,1.5499999999999972,0,0,0,0,0
2018-06-14,78.0,78.0,75.65,76.0,78.31428571428553,0.3719064269901112,28.9256198347107,-0.04999999999999716,-0.8499999999999943,0,0,0,0,0
2018-06-15,75.95,76.8,74.5,75.15,78.02142857142839,0.36541495527310724,33.43949044585986,-0.04999999999999716,-2.049999999999997,1,0,0,1,0
2018-06-18,75.0,76.45,73.85,75.95,77.48571428571411,0.4665421963119679,53.07017543859651,-0.15000000000000568,-0.9500000000000028,0,0,0,0,0
2018-06-19,75.6,76.45,74.05,74.4,76.8714285714284,0.5251990323489314,55.76036866359449,-0.3500000000000085,0.5999999999999943,1,1,1,0,0
2018-06-20,74.75,75.5,74.1,74.9,76.2464285714284,0.4830292485435963,51.51515151515158,0.3499999999999943,-0.8499999999999943,1,1,0,0,0
2018-06-21,75.65,76.65,75.0,75.45,75.8964285714284,0.3258295998776273,44.82758620689658,0.75,0.9000000000000057,0,0,0,0,0
2018-06-22,75.1,75.5,74.2,75.0,75.87857142857126,0.4070402026150904,33.962264150943355,-0.3500000000000085,-0.5500000000000114,0,0,0,0,0
2018-06-25,75.0,75.4,73.05,73.35,75.89285714285697,0.669940467939601,28.421052631578874,0.0,-0.09999999999999432,0,0,0,0,0
2018-06-26,73.35,73.9,72.7,73.25,75.7964285714284,0.7658634677702266,21.14285714285711,0.0,-1.6500000000000057,0,0,0,0,0
2018-06-27,73.4,73.75,70.45,71.0,75.41428571428555,0.8029615821415734,17.209302325581362,0.15000000000000568,0.05000000000001137,0,1,1,0,0
2018-06-28,70.9,71.95,69.1,69.75,74.85714285714269,0.8417844253254753,18.59296482412057,-0.09999999999999432,-2.5,1,1,1,0,0
2018-06-29,71.05,72.35,70.55,71.75,74.44999999999983,0.8445864888835314,34.684684684684655,1.2999999999999972,0.14999999999999147,0,0,0,0,0
2018-07-02,72.0,72.4,70.2,71.2,73.94285714285698,0.8444891840740945,28.110599078340996,0.25,0.9500000000000028,0,0,0,0,0
2018-07-03,70.95,70.95,69.45,70.0,73.36785714285699,0.8477364302618666,29.047619047619023,-0.25,-1.0499999999999972,0,0,1,1,1
2018-07-04,70.0,70.4,68.55,69.2,72.88214285714271,0.866985856728892,23.611111111111086,0.0,-0.9500000000000028,0,1,1,1,1
2018-07-05,69.1,69.25,67.6,67.8,72.3571428571427,0.9056398982804484,17.16738197424891,-0.10000000000000853,-0.9000000000000057,1,1,1,1,1
2018-07-06,68.0,71.15,67.9,70.35,71.9571428571427,0.8476225175059824,33.09090909090908,0.20000000000000284,-1.0999999999999943,0,1,1,0,0
2018-07-09,70.95,71.3,69.65,70.1,71.64999999999984,0.8107488667208194,36.84210526315789,0.6000000000000085,2.950000000000003,1,1,0,0,0
2018-07-10,70.4,71.9,70.25,71.55,71.41071428571414,0.6970373779436527,43.795620437956195,0.30000000000001137,-0.5499999999999972,0,0,0,0,0
2018-07-11,71.4,72.5,70.35,70.85,71.0821428571427,0.6102868182418375,49.382716049382694,-0.14999999999999147,1.0,0,0,0,0,0
2018-07-12,71.3,71.75,68.75,69.25,70.67142857142842,0.5719897014107865,47.99999999999999,0.45000000000000284,-0.10000000000000853,0,0,0,0,0
2018-07-13,69.55,69.6,66.85,67.15,70.22857142857127,0.580581419128971,31.74603174603176,0.29999999999999716,-1.75,0,1,0,0,1
2018-07-16,67.15,67.25,64.6,65.0,69.63928571428558,0.5942683163096346,28.16901408450704,0.0,-2.3999999999999915,1,1,1,1,1
2018-07-17,65.5,68.3,64.45,68.05,69.42857142857129,0.599460783363069,43.9252336448598,0.5,-1.6500000000000057,0,0,0,1,1
2018-07-18,68.1,68.55,65.25,66.55,69.19999999999985,0.708151300502226,42.08955223880596,0.04999999999999716,2.5999999999999943,0,1,1,1,1
2018-07-19,66.95,67.75,65.45,66.15,68.79999999999986,0.7074838899420924,44.76190476190479,0.4000000000000057,-1.1499999999999915,1,1,1,1,1
2018-07-20,66.3,68.2,65.9,67.5,68.53571428571414,0.6564492416110527,40.206185567010316,0.14999999999999147,-0.6500000000000057,1,1,1,1,1
2018-07-23,67.75,69.9,67.05,69.5,68.49999999999986,0.5317801093550418,48.159509202454004,0.25,1.4500000000000028,1,1,1,1,1
2018-07-24,69.55,73.9,69.3,73.45,68.80357142857129,0.26608457920005485,55.053191489361716,0.04999999999999716,1.7999999999999972,0,0,0,0,1
2018-07-25,73.95,78.35,70.8,71.65,69.0785714285713,0.28359496692534414,52.01005025125632,0.5,4.400000000000006,0,0,1,1,1
2018-07-26,71.95,72.4,70.3,70.7,69.1035714285713,0.20516855732144146,53.766233766233775,0.29999999999999716,-2.0,1,1,1,1,1
2018-07-27,71.0,72.1,70.5,71.15,69.17857142857129,0.13892678965484515,61.36363636363637,0.29999999999999716,-0.9500000000000028,1,1,1,1,1
2018-07-30,71.4,73.6,71.25,73.3,69.3035714285713,-0.034727850355837656,73.57954545454547,0.25,0.4000000000000057,1,1,1,1,1
2018-07-31,73.5,74.5,72.55,74.05,69.53214285714272,-0.11017786825171773,69.60784313725492,0.20000000000000284,2.0999999999999943,0,0,0,1,0
2018-08-01,74.3,74.65,72.8,73.55,69.83928571428558,0.01685637606955002,74.47552447552451,0.25,0.7999999999999972,1,1,1,0,0
2018-08-02,73.45,74.7,72.75,73.7,70.30714285714274,0.34702139744975863,76.86832740213522,-0.09999999999999432,-0.8499999999999943,1,1,0,0,1
2018-08-03,74.0,74.6,73.65,74.0,70.94999999999989,0.5797703795780804,75.0,0.29999999999999716,0.5499999999999972,1,0,0,1,0
2018-08-06,74.3,75.85,74.25,75.05,71.44999999999989,0.6676765531793414,73.02904564315352,0.29999999999999716,0.29999999999999716,0,0,0,0,0
2018-08-07,75.45,75.45,72.7,73.45,71.94285714285704,0.6619170899755099,50.0,0.4000000000000057,1.1500000000000057,1,1,0,0,0
2018-08-08,73.45,74.3,72.8,73.55,72.47142857142846,0.6423356102474097,61.874999999999964,0.0,-2.0,1,0,0,0,0
2018-08-09,73.55,75.1,73.2,74.5,72.97142857142846,0.6514488795496046,73.75000000000003,0.0,0.09999999999999432,0,0,0,0,0
2018-08-10,74.5,74.9,72.55,73.2,73.23571428571418,0.5164975590477183,61.58192090395481,0.0,0.9500000000000028,0,0,0,1,1
2018-08-13,72.8,73.75,72.0,72.6,73.17499999999988,0.45790023264378,45.205479452054774,-0.4000000000000057,-1.7000000000000028,0,0,1,1,1
2018-08-14,72.9,73.15,71.95,72.25,73.21785714285703,0.2711155347198213,36.95652173913044,0.30000000000001137,0.10000000000000853,1,1,1,1,1
2018-08-16,72.0,73.7,71.7,72.6,73.3535714285713,-0.010552865986602997,42.96296296296292,-0.25,-0.9000000000000057,1,1,1,1,1
2018-08-17,73.0,74.6,72.7,73.85,73.54642857142844,-0.33657299520910855,50.9554140127388,0.4000000000000057,1.0,1,1,1,1,1
2018-08-20,74.6,75.4,74.4,75.0,73.667857142857,-0.22534920364956307,55.74712643678162,0.75,1.5999999999999943,1,0,1,1,1
2018-08-21,75.5,76.5,75.1,75.5,73.77142857142844,-0.0006378570167849613,52.760736196319044,0.5,0.9000000000000057,0,1,1,1,1
2018-08-23,75.3,75.9,73.3,73.9,73.79642857142845,-0.035708526910728094,52.760736196319044,-0.20000000000000284,-0.20000000000000284,1,1,1,1,1
2018-08-24,73.9,80.8,73.15,80.2,74.26071428571416,0.30347600791022616,73.1707317073171,0.0,-1.3999999999999915,0,0,1,1,1
2018-08-27,80.95,81.25,79.05,79.95,74.68571428571417,0.5401993146169303,69.96336996336998,0.75,7.049999999999997,0,1,1,1,1
2018-08-28,80.1,80.75,76.55,77.7,74.87499999999989,0.7409628846984718,65.4109589041096,0.14999999999999147,-0.8500000000000085,1,1,1,1,1
2018-08-29,77.65,82.65,77.0,80.65,75.3892857142856,0.8566471349984957,73.74631268436583,-0.04999999999999716,-2.4499999999999886,1,0,1,0,0
2018-08-30,80.6,81.9,80.0,80.85,75.91071428571418,0.8970818768119839,75.5952380952381,-0.05000000000001137,2.9499999999999886,0,1,0,0,1
2018-08-31,81.2,82.2,79.1,80.6,76.34642857142845,0.9006025476517935,73.95209580838325,0.3500000000000085,0.6000000000000085,1,0,0,1,0
2018-09-03,81.0,82.9,80.8,81.75,76.95714285714273,0.8949352815477607,73.79518072289159,0.4000000000000057,-0.20000000000000284,0,0,0,0,0
2018-09-04,81.85,81.9,77.3,78.7,77.39285714285703,0.7997961565636683,60.000000000000014,0.09999999999999432,0.8499999999999943,1,1,1,0,0
2018-09-05,78.5,80.3,75.35,78.95,77.87142857142847,0.7109440873251054,59.45205479452057,-0.20000000000000284,-3.3499999999999943,1,1,0,0,0
2018-09-06,80.15,82.35,78.7,81.4,78.4999999999999,0.6981079773048501,69.63350785340315,1.2000000000000028,1.6500000000000057,0,0,0,0,0
2018-09-07,81.4,83.3,78.3,79.35,78.89285714285704,0.5955166173645982,47.138047138047106,0.0,1.25,0,0,0,0,0
2018-09-10,79.0,79.95,77.3,77.75,79.08928571428562,0.3905354137092869,43.20987654320987,-0.3499999999999943,-2.4000000000000057,0,0,0,0,0
2018-09-11,77.35,78.4,76.05,77.1,79.20357142857132,0.11836357322452722,47.94520547945202,-0.4000000000000057,-1.6500000000000057,0,0,0,0,0
2018-09-12,77.1,77.7,74.8,75.1,79.2892857142856,-0.4620410141813345,29.670329670329636,0.0,-0.25,1,0,0,0,0
2018-09-14,75.55,78.2,75.55,77.05,79.06428571428559,-0.4970629027122326,37.66233766233769,0.45000000000000284,-1.5499999999999972,0,0,0,0,0
