2016-10-25,2366.9,2398.75,2362.05,2374.15,2444.5607142857143,-0.9306873539903096,27.932232841007874,-1.5499999999997272,-33.04999999999973,0,0,0,0,0
2016-10-26,2374.0,2386.9,2320.55,2328.35,2428.867857142857,-0.8487174571436066,23.903345724907084,-0.15000000000009095,7.099999999999909,0,0,0,0,0
2016-10-27,2326.0,2343.25,2260.1,2271.75,2408.399999999999,-0.5082711942064406,20.685217950780157,-2.349999999999909,-48.0,0,0,0,0,0
2016-10-28,2280.0,2309.9,2240.1,2250.25,2389.303571428571,0.0008643569888043361,21.84845395854576,8.25,-46.0,1,0,0,0,0
2016-10-30,2269.9,2284.0,2245.0,2266.8,2374.378571428571,0.39635650672149697,28.66513029604687,19.65000000000009,-10.099999999999909,0,0,0,0,0
2016-11-01,2287.0,2287.0,2219.1,2223.65,2356.871428571428,0.7022325730449797,8.345836459114935,20.199999999999818,17.09999999999991,0,0,0,0,0
2016-11-02,2214.95,2248.4,2185.0,2192.6,2338.2,0.8638270966040649,8.068902991840574,-8.700000000000273,-72.05000000000018,0,0,0,0,0
2016-11-03,2192.8,2225.95,2121.7,2132.5,2317.953571428571,0.9310014009866354,7.161248793048088,0.20000000000027285,-22.149999999999636,0,0,0,0,0
2016-11-04,2121.15,2142.0,2034.9,2047.3,2293.678571428571,0.9567893933117795,5.785231409256468,-11.349999999999909,-71.65000000000009,0,0,0,0,0
2016-11-07,2056.6,2075.0,2002.0,2016.15,2262.992857142857,0.9822247070436837,5.6073588709678575,9.299999999999955,-64.55000000000018,1,1,1,0,0
2016-11-08,2028.4,2087.9,1976.1,2040.05,2235.578571428571,0.9816049871282048,9.746987951807228,12.25,-28.199999999999818,0,0,0,0,0
2016-11-09,1930.0,2044.0,1800.0,2021.9,2208.6642857142856,0.9756118439063086,10.442752033045068,-110.04999999999995,-98.40000000000009,1,0,0,0,0
2016-11-10,2052.0,2072.7,2011.4,2028.85,2183.0535714285716,0.9604522659433015,14.036126739709772,30.09999999999991,122.0,0,0,0,0,0
2016-11-11,2013.9,2035.0,1970.0,1981.55,2155.417857142857,0.9553502490661943,13.039889958734506,-14.949999999999818,-38.09999999999991,0,0,0,0,0
2016-11-15,1988.8,1988.8,1872.35,1893.0,2121.0499999999997,0.9612378784212957,7.08381171067731,7.25,-25.100000000000136,0,0,0,0,0
2016-11-16,1910.8,1920.0,1851.1,1872.25,2088.4714285714285,0.9639212685446437,7.467925441781574,17.799999999999955,-78.0,1,0,0,1,1
2016-11-17,1868.0,1914.95,1861.3,1888.15,2061.0714285714284,0.958334575847617,11.747706998366596,-4.25,-42.799999999999955,0,0,0,1,0
2016-11-18,1900.0,1908.9,1860.0,1869.3,2033.8607142857143,0.9528286413301187,13.10625175217264,11.849999999999909,32.0,0,1,1,0,1
2016-11-21,1870.0,1870.2,1780.0,1788.3,1999.6821428571427,0.9608950836317931,13.262411347517684,0.7000000000000455,-30.0,1,1,1,1,1
2016-11-22,1806.0,1899.9,1773.45,1881.85,1975.2678571428569,0.9369494388920345,33.8153771993251,17.700000000000045,-64.0,1,0,0,1,1
2016-11-23,1900.0,1925.5,1862.15,1897.75,1954.2071428571428,0.8999929326608188,32.51413123617597,18.15000000000009,94.0,0,0,1,0,1
2016-11-24,1898.65,1898.65,1840.1,1851.15,1934.1107142857143,0.8813433995769039,30.389341908809,0.900000000000091,-1.349999999999909,1,1,1,1,1
2016-11-25,1870.0,1882.35,1852.0,1869.6,1921.417857142857,0.8490734578945038,32.180821304688365,18.84999999999991,-28.65000000000009,1,1,1,1,1
2016-11-28,1862.35,1944.0,1860.2,1917.6,1914.3785714285711,0.7660896173939699,42.85554686627192,-7.25,-7.650000000000091,0,1,0,0,1
2016-11-29,1918.8,1945.95,1881.05,1894.9,1904.0107142857141,0.6675321508994537,50.24888656012577,1.2000000000000455,56.450000000000045,1,1,1,1,1
2016-11-30,1930.0,1958.6,1912.25,1918.45,1896.6214285714284,0.4854096125212773,56.00780234070222,35.09999999999991,11.200000000000045,0,0,1,1,1
2016-12-01,1934.9,1934.9,1890.0,1900.85,1887.4785714285713,0.18162148396046668,51.64422578974622,16.450000000000045,4.900000000000091,0,1,1,1,1
2016-12-02,1898.0,1928.4,1876.8,1898.55,1881.5499999999997,-0.2846801784730988,53.95644528608143,-2.849999999999909,-36.90000000000009,1,1,1,1,1
2016-12-05,1903.95,1944.9,1895.0,1933.45,1884.4392857142855,-0.47345060094815744,72.43084530984395,5.400000000000091,5.9500000000000455,0,1,1,0,0
2016-12-06,1937.0,1949.8,1912.0,1920.5,1887.8857142857141,-0.5405009147676675,57.954311586746265,3.5499999999999545,33.049999999999955,1,1,0,0,1
2016-12-07,1928.9,1944.0,1920.0,1933.8,1891.1464285714283,-0.6965225664040414,57.49947992510922,8.400000000000091,-8.099999999999909,1,0,0,1,1
2016-12-08,1945.0,1974.9,1932.8,1953.9,1897.1892857142855,-0.7738947329238446,74.0238484919336,11.200000000000045,16.09999999999991,0,0,0,0,0
2016-12-09,1954.0,1954.0,1891.1,1914.05,1906.1714285714284,-0.5670367288667361,59.447396386822525,0.09999999999990905,9.0,1,1,1,1,1
2016-12-12,1916.0,1943.9,1911.2,1919.3,1908.8464285714285,-0.5407190141088976,50.44155844155845,1.9500000000000455,-38.0,1,1,1,1,1
2016-12-13,1927.0,1953.0,1910.3,1943.9,1912.142857142857,-0.5244853691882837,62.60288065843617,7.7000000000000455,11.0,0,0,0,0,0
2016-12-14,1941.0,1981.8,1927.05,1937.0,1918.2749999999999,-0.11307383155325856,55.21800281293948,-2.900000000000091,14.0,0,0,0,0,0
2016-12-15,1932.0,1953.05,1906.0,1924.95,1922.2285714285715,0.24074615834462657,56.99767711962836,-5.0,-9.0,1,1,0,0,0
2016-12-16,1925.0,1946.0,1910.0,1933.15,1923.339285714286,0.3165420935736152,59.713644020213366,0.049999999999954525,-7.0,1,0,0,0,0
2016-12-19,1942.85,1942.85,1921.65,1934.3,1926.1535714285715,0.41016971434871313,50.29442327675785,9.699999999999818,17.84999999999991,0,0,0,0,0
2016-12-20,1944.8,1944.8,1908.05,1913.55,1925.8035714285713,0.2839218615678469,47.71606966809069,10.5,1.9500000000000455,0,0,0,0,0
2016-12-21,1913.0,1936.0,1882.25,1899.75,1925.7250000000001,-0.003033380104252483,38.84703570258766,-0.5499999999999545,-31.799999999999955,0,0,0,0,0
2016-12-22,1890.0,1899.9,1866.0,1885.45,1924.7892857142858,-0.38482698873640236,26.693905345590736,-9.75,-23.0,0,0,0,0,1
2016-12-23,1885.0,1895.15,1846.35,1852.55,1919.0107142857144,-0.3351814761267415,28.020014295925677,-0.4500000000000455,-5.0,0,1,1,1,1
2016-12-26,1847.8,1852.2,1825.1,1827.85,1912.392857142857,-0.23507806080401017,21.30530279259493,-4.75,-37.200000000000045,1,1,1,1,1
2016-12-27,1839.0,1869.0,1819.95,1858.3,1907.0,-0.037504918761165386,24.092009685229996,11.150000000000091,-8.799999999999955,1,1,1,1,1
2016-12-28,1873.0,1893.0,1855.0,1877.65,1901.5535714285713,0.2995268962280834,33.29580636082187,14.700000000000045,34.0,1,1,1,1,1
2016-12-29,1865.0,1926.45,1865.0,1913.5,1901.5142857142857,0.2705122244090297,47.158103747828235,-12.650000000000091,-8.0,1,1,0,1,1
2016-12-30,1925.8,1955.0,1919.4,1942.8,1903.1928571428573,0.16038743230974,52.168052123118365,12.299999999999955,60.799999999999955,0,0,1,0,0
2017-01-02,1949.65,1957.9,1923.9,1932.35,1902.367857142857,0.10189978486991276,49.579469484580535,6.850000000000136,23.850000000000136,0,1,1,0,0
2017-01-03,1944.8,1944.8,1905.0,1912.35,1900.6071428571427,0.04188250690744199,49.74037213327563,12.450000000000045,-4.850000000000136,1,1,1,0,0
2017-01-04,1920.0,1954.95,1913.0,1950.15,1902.4071428571426,-0.10039847379648338,59.87847902783223,7.650000000000091,-24.799999999999955,0,0,0,0,0
2017-01-05,1965.0,1967.15,1926.25,1941.3,1902.9892857142854,-0.2317585011204595,61.18565992389342,14.849999999999909,45.0,0,0,0,0,0
2017-01-06,1942.0,1945.55,1915.0,1919.1,1901.903571428571,-0.3858122469994108,63.925507428332246,0.7000000000000455,-23.0,0,0,0,0,0
2017-01-09,1900.0,1935.0,1894.95,1908.75,1901.5607142857139,-0.48822549305984025,68.00979519145146,-19.09999999999991,-42.0,1,1,0,1,1
2017-01-10,1912.0,1921.75,1900.05,1909.4,1902.2499999999998,-0.5880285260287728,63.116016427104725,3.25,12.0,1,0,1,1,1
2017-01-11,1918.0,1928.35,1907.5,1917.95,1904.5714285714282,-0.7177718384478443,60.951086956521706,8.599999999999909,6.0,0,0,1,1,1
2017-01-12,1925.0,1936.2,1895.65,1908.55,1908.5714285714282,-0.6598169610236664,48.4290701364646,7.0499999999999545,7.0,1,1,1,1,1
2017-01-13,1915.0,1920.0,1895.2,1917.65,1914.9857142857143,-0.14762193159073145,40.84455769930843,6.4500000000000455,-10.0,1,1,1,1,1
2017-01-16,1920.0,1970.0,1910.0,1957.3,1922.0571428571427,0.38810417378907713,57.49024317021915,2.349999999999909,5.0,1,1,1,1,1
2017-01-17,1961.0,2109.9,1951.1,2085.15,1936.8785714285714,0.8342072859274641,81.48688046647227,3.7000000000000455,41.0,1,0,0,1,1
2017-01-18,2110.0,2232.8,2074.4,2104.6,1950.5285714285712,0.9168678994836423,80.16012497559065,24.84999999999991,149.0,0,0,1,1,1
2017-01-19,2110.0,2145.0,2025.0,2044.8,1957.8142857142855,0.8973028661638106,66.85667752442997,5.400000000000091,0.0,1,1,1,1,1
2017-01-20,2053.0,2088.6,2041.3,2077.9,1968.2107142857144,0.9067667765912787,74.97640767536964,8.200000000000045,-57.0,1,1,1,1,1
2017-01-23,2134.0,2220.0,2126.15,2203.85,1989.0321428571428,0.9405361055756476,84.03690888119952,56.09999999999991,81.0,1,0,1,1,0
2017-01-24,2230.0,2235.95,2181.0,2208.6,2007.492857142857,0.9582847442384372,84.18647166361973,26.15000000000009,96.0,0,1,1,0,1
2017-01-25,2206.0,2225.0,2185.0,2194.15,2025.5535714285713,0.9515294581854729,81.13866967305526,-2.599999999999909,-24.0,1,1,0,1,1
2017-01-27,2195.8,2328.1,2195.5,2270.55,2050.657142857143,0.9567493550093351,85.45543584720866,1.650000000000091,-10.199999999999818,0,0,1,1,0
2017-01-30,2277.0,2277.8,2232.25,2241.9,2074.4535714285716,0.9382563254728157,80.58673710027358,6.449999999999818,81.19999999999982,0,1,1,1,1
2017-01-31,2248.0,2248.0,2169.2,2178.5,2093.675,0.8778691451859102,69.97110870350308,6.099999999999909,-29.0,1,1,1,1,1
2017-02-01,2170.0,2302.7,2130.8,2292.0,2120.3928571428573,0.8788000715803493,69.17230512559088,-8.5,-78.0,0,0,0,0,0
2017-02-02,2291.9,2316.3,2267.0,2278.6,2146.825,0.8660259922579142,66.31046119235094,-0.09999999999990905,121.90000000000009,0,0,0,0,0
2017-02-03,2282.0,2297.0,2248.05,2265.45,2171.667857142857,0.8473533322757704,72.66563944530044,3.400000000000091,-9.900000000000091,0,1,1,0,1
2017-02-06,2288.7,2289.75,2239.3,2255.35,2192.9571428571426,0.8212044068663129,69.13207547169809,23.25,6.699999999999818,1,1,1,1,1
2017-02-07,2286.2,2330.8,2251.55,2274.95,2206.5142857142855,0.797123139703087,59.94683827644095,30.84999999999991,-2.5,0,0,1,1,1
2017-02-08,2275.1,2290.0,2227.5,2267.7,2218.1642857142856,0.7610504880839083,58.21061405946095,0.15000000000009095,-11.099999999999909,0,1,1,1,1
2017-02-09,2270.1,2288.95,2235.1,2256.4,2233.2785714285715,0.6970867352125162,58.724597056762434,2.400000000000091,-5.0,1,1,1,1,1
2017-02-10,2258.8,2364.0,2246.7,2352.75,2252.9107142857138,0.7029976712474204,60.91053889036367,2.400000000000091,-11.299999999999727,0,1,0,0,1
2017-02-13,2377.0,2383.95,2306.9,2345.3,2263.0142857142855,0.7229830448038731,64.5428973277075,24.25,118.19999999999982,1,0,0,1,0
2017-02-14,2349.8,2373.7,2321.55,2359.6,2273.7999999999997,0.7376690352380817,79.55287206266325,4.5,-27.199999999999818,0,0,1,0,1
2017-02-15,2353.8,2359.55,2308.6,2315.1,2282.4392857142852,0.6807608940496547,54.86520640269587,-5.799999999999727,4.0,1,1,1,1,1
2017-02-16,2323.9,2344.6,2305.05,2316.6,2285.728571428571,0.7528204682693053,58.425720620842604,8.800000000000182,-29.90000000000009,1,1,1,1,1
2017-02-17,2330.0,2375.85,2312.0,2363.7,2294.428571428571,0.7822650910606637,68.93428406243986,13.400000000000091,6.099999999999909,0,1,1,0,0
2017-02-20,2361.0,2394.0,2330.05,2339.3,2305.9142857142856,0.6924376570769011,65.33333333333346,-2.699999999999818,31.0,1,1,0,0,1
2017-02-21,2344.9,2426.95,2325.55,2415.5,2314.735714285714,0.7999037474060331,71.27289238686254,5.599999999999909,-16.09999999999991,0,0,0,0,0
2017-02-22,2415.0,2427.7,2389.25,2397.35,2323.2178571428567,0.862774817278447,68.99633699633708,-0.5,70.09999999999991,0,0,0,0,0
2017-02-23,2399.0,2400.0,2325.1,2331.35,2327.9249999999997,0.8053366015170397,59.4645788609673,1.650000000000091,-16.0,0,1,0,0,0
2017-02-27,2337.7,2357.0,2306.0,2319.15,2332.482142857142,0.669883783420493,44.611930724823594,6.349999999999909,-61.30000000000018,1,1,0,0,0
2017-02-28,2320.0,2372.45,2320.0,2345.1,2337.4928571428563,0.580357944072496,49.96972449288521,0.849999999999909,-17.699999999999818,0,0,0,0,0
2017-03-01,2345.0,2365.0,2319.0,2328.1,2341.8071428571425,0.36702905675835185,45.27027027027026,-0.09999999999990905,25.0,0,0,0,0,0
2017-03-02,2344.7,2377.2,2293.55,2304.25,2345.2249999999995,-0.11959608676773258,48.26316631983353,16.59999999999991,-0.3000000000001819,0,1,0,0,0
2017-03-03,2304.5,2305.0,2280.0,2285.45,2340.4178571428565,-0.21654047561100637,45.275291976338515,0.25,-40.19999999999982,1,0,0,0,0
2017-03-06,2290.0,2319.0,2288.05,2304.65,2337.514285714285,-0.2752549520713487,40.21541010770508,4.550000000000182,-14.5,0,0,0,0,0
2017-03-07,2310.0,2310.0,2261.0,2270.8,2331.1714285714284,-0.2531400092361108,38.99421593830333,5.349999999999909,20.0,0,0,0,0,1
2017-03-08,2275.0,2285.7,2226.0,2240.8,2325.8642857142854,-0.3270131809631082,17.037735849056645,4.199999999999818,-35.0,0,0,1,1,0
2017-03-09,2239.0,2257.7,2210.65,2217.6,2318.792857142857,-0.2990806724623903,16.719126087761538,-1.800000000000182,-36.0,0,1,1,0,0
2017-03-10,2222.0,2246.0,2204.1,2210.55,2307.8535714285713,0.059058687309954644,21.387967787778365,4.400000000000091,-17.0,1,1,1,0,0
2017-03-14,2244.9,2274.3,2219.95,2241.35,2300.857142857143,0.28439732863766704,33.06486721811052,34.34999999999991,22.90000000000009,1,0,0,0,0
2017-03-15,2246.0,2317.45,2223.0,2271.7,2290.5857142857144,0.47834381600886855,34.32293891499357,4.650000000000091,1.099999999999909,0,0,0,0,0
2017-03-16,2259.0,2259.0,2210.0,2217.45,2277.7357142857145,0.6855549694861509,29.611203243044017,-12.699999999999818,13.0,0,0,0,0,0
2017-03-17,2223.7,2238.55,2180.35,2205.55,2268.7500000000005,0.7529051691131535,30.975327679259834,6.25,-35.30000000000018,0,0,0,0,1
2017-03-20,2200.0,2214.0,2180.0,2189.65,2259.5000000000005,0.7962129829707444,31.32553606237819,-5.550000000000182,-23.699999999999818,0,0,1,1,1
2017-03-21,2195.0,2201.7,2155.1,2161.8,2246.4071428571438,0.8548446282327203,23.062417499528507,5.349999999999909,-5.0,0,1,1,1,1
2017-03-22,2140.0,2152.5,2114.2,2134.75,2232.5964285714294,0.8903081888821871,23.669440681246286,-21.800000000000182,-55.0,1,1,1,1,1
2017-03-23,2150.0,2214.55,2136.0,2204.7,2225.485714285715,0.8212895262070131,43.94904458598719,15.25,10.0,1,0,0,1,0
2017-03-24,2193.0,2238.8,2193.0,2226.9,2221.303571428572,0.6998967394875631,51.56407669021195,-11.699999999999818,43.0,0,0,0,0,0
2017-03-27,2220.0,2220.0,2182.6,2192.05,2213.260714285715,0.6304492832016263,47.15472162411566,-6.900000000000091,27.0,0,1,1,0,0
2017-03-28,2204.9,2211.15,2182.45,2187.25,2207.292857142858,0.5632817345140569,40.9562019391508,12.849999999999909,-15.099999999999909,1,1,0,0,0
2017-03-29,2195.0,2222.0,2187.25,2213.95,2205.375000000001,0.4459024947237575,40.226772719580296,7.75,-9.900000000000091,0,0,0,0,0
2017-03-30,2211.0,2237.3,2185.0,2194.1,2203.69642857143,0.4505231595116888,45.527676690289226,-2.949999999999818,16.0,0,0,0,0,0
2017-03-31,2187.0,2193.9,2162.5,2174.7,2201.135714285715,0.5153004035912376,44.25619065350953,-7.099999999999909,-24.0,0,0,0,0,0
2017-04-03,2065.0,2079.5,2003.0,2046.85,2187.242857142858,0.5502513823329073,31.2352168199737,-109.69999999999982,-122.0,0,0,0,0,0
2017-04-05,2045.0,2056.35,2012.15,2030.65,2170.025000000001,0.5851999640455164,32.22177036735799,-1.849999999999909,-20.0,1,0,0,0,0
2017-04-06,2025.0,2043.3,2016.0,2032.6,2156.82142857143,0.6798111427683692,35.14181818181815,-5.650000000000091,-20.0,0,0,0,0,0
2017-04-07,2037.0,2046.75,2017.2,2024.05,2143.857142857144,0.756387916915379,18.009562599610405,4.400000000000091,12.0,0,0,0,0,0
2017-04-10,2030.0,2035.0,1871.8,1889.1,2122.3892857142864,0.8624482764128485,7.251328777524591,5.9500000000000455,-7.0,0,1,1,1,0
2017-04-11,1860.1,1904.75,1838.0,1881.6,2102.375000000001,0.9307228120615809,7.790618626784408,-29.0,-169.9000000000001,1,1,1,1,1
2017-04-12,1855.0,1920.0,1840.65,1906.65,2086.082142857144,0.9563758341848179,13.840206185566984,-26.59999999999991,-5.099999999999909,0,1,0,0,0
2017-04-13,1910.0,1922.75,1880.0,1901.85,2064.4500000000007,0.939690678250989,7.3750341436765865,3.349999999999909,55.0,1,0,1,0,1
2017-04-17,1900.0,1938.05,1895.0,1924.85,2042.8750000000005,0.901172527838512,13.540961408259989,-1.849999999999909,-10.0,0,0,0,0,1
2017-04-18,1929.95,1929.95,1830.35,1885.1,2020.9500000000005,0.883461505169885,12.833675564681727,5.100000000000136,29.950000000000045,1,1,1,1,1
2017-04-19,1907.0,1917.95,1892.0,1906.35,2000.8857142857146,0.8473889601072854,25.176678445229683,21.90000000000009,-22.950000000000045,0,0,1,1,0
2017-04-20,1901.0,1922.65,1878.05,1888.3,1977.6250000000002,0.8220458999891705,25.013164823591353,-5.349999999999909,-6.0,1,1,1,1,0
2017-04-21,1898.8,1914.2,1888.55,1903.65,1956.8785714285718,0.7766239544615092,28.382229673093107,10.5,-2.2000000000000455,1,1,0,0,0
2017-04-24,1911.0,1944.0,1902.05,1931.05,1939.4750000000004,0.6881380287360165,35.33585619678337,7.349999999999909,12.200000000000045,0,0,0,0,1
2017-04-25,1941.9,1944.8,1912.4,1921.6,1930.5285714285717,0.5735941810264112,58.481210855949875,10.850000000000136,30.90000000000009,0,0,0,1,1
2017-04-26,1922.1,1938.8,1880.0,1889.55,1920.4500000000003,0.4879920595319939,51.83900069396253,0.5,-19.800000000000182,0,0,1,1,1
2017-04-27,1899.0,1899.0,1837.7,1851.0,1907.4785714285717,0.4068729944491102,37.88373612018287,9.450000000000045,-23.09999999999991,1,1,1,1,1
2017-04-28,1855.0,1914.95,1846.25,1875.95,1896.9000000000003,0.127944860314638,44.81585268214574,4.0,-44.0,1,1,1,1,1
2017-05-02,1888.8,1940.4,1876.0,1935.8,1900.2357142857147,0.028568055522882507,51.90999476713763,12.849999999999909,33.799999999999955,1,0,0,0,0
2017-05-03,1945.0,1955.2,1925.15,1936.85,1904.1821428571434,0.03837648086356595,60.435571687840294,9.200000000000045,56.200000000000045,0,0,0,0,1
2017-05-04,1927.1,1957.25,1915.0,1925.9,1905.5571428571434,-0.03132269246111667,54.11319166841999,-9.75,-17.90000000000009,0,0,0,1,1
2017-05-05,1922.85,1925.15,1888.05,1898.7,1905.3321428571435,0.00729710960811963,52.10696920583471,-3.050000000000182,-4.25,1,0,1,1,1
2017-05-08,1902.0,1918.0,1893.05,1903.0,1903.7714285714294,-0.14839194892397953,49.86214209968185,3.2999999999999545,-20.84999999999991,0,1,1,1,1
2017-05-09,1898.0,1911.0,1883.25,1897.05,1904.6250000000007,-0.0019652533872217704,42.06719552029864,-5.0,-4.0,1,1,1,1,1
2017-05-10,1900.0,1985.5,1900.0,1962.6,1908.642857142858,-0.08227928573810857,57.58136094674557,2.9500000000000455,2.0,1,1,1,1,1
2017-05-11,1970.0,2203.95,1970.0,2136.25,1926.3535714285722,0.2060156073212641,79.93932038834953,7.400000000000091,70.0,1,1,0,0,0
2017-05-12,2108.0,2216.45,2106.4,2176.8,1945.8642857142863,0.6339471424639073,89.34782608695654,-28.25,138.0,0,0,0,0,0
2017-05-15,2180.0,2215.0,2141.0,2152.45,1961.6785714285722,0.8118817219825288,83.44218674407348,3.199999999999818,72.0,0,0,0,0,0
2017-05-16,2149.0,2167.15,2111.45,2121.5,1975.9571428571437,0.8414663132963566,74.14824447334199,-3.449999999999818,-31.0,0,0,0,0,0
2017-05-17,2129.4,2182.0,2111.7,2121.2,1992.5035714285725,0.8371313643316122,74.01954397394132,7.900000000000091,-19.59999999999991,0,0,0,0,0
2017-05-18,2114.0,2115.0,2036.1,2045.2,2006.3750000000011,0.7479720339726156,63.29099821746879,-7.199999999999818,-15.400000000000091,0,1,0,0,0
2017-05-19,2070.0,2072.05,1911.7,1920.8,2009.5785714285723,0.5051899946450036,52.023809523809504,24.799999999999955,-44.0,1,1,1,1,1
2017-05-22,1935.0,2089.8,1935.0,2061.45,2018.5535714285725,0.4767027204259012,61.61061039056201,14.200000000000045,-135.0,0,0,0,0,0
2017-05-23,2045.0,2060.0,1932.0,2014.4,2024.0928571428583,0.39382069140923376,58.110443016103396,-16.449999999999818,110.0,0,0,1,1,1
2017-05-24,2029.0,2044.7,1967.7,2011.55,2030.2107142857153,0.2932159201875077,53.70412410139992,14.599999999999909,-16.0,0,1,1,1,1
2017-05-25,2015.0,2028.75,1983.5,1999.05,2037.3785714285725,0.1296362138480837,36.26901521216974,3.4500000000000455,-14.0,1,1,1,1,1
2017-05-26,1990.15,2090.95,1990.15,2056.6,2048.350000000001,-0.033587000635138815,38.366240805265164,-8.899999999999864,-24.84999999999991,0,1,1,1,1
2017-05-29,2055.0,2060.95,1990.0,2017.85,2056.978571428572,-0.3867493022263832,37.325800376647834,-1.599999999999909,64.84999999999991,1,1,1,1,1
2017-05-30,2020.0,2103.3,2000.0,2092.45,2066.2535714285723,-0.6349962575432379,47.47237448881926,2.150000000000091,-35.0,1,1,1,1,1
2017-05-31,2170.0,2327.0,2161.0,2265.35,2075.475000000001,-0.15458431763569946,59.64536634325862,77.55000000000018,150.0,1,1,1,1,1
2017-06-01,2200.0,2353.45,2200.0,2313.95,2085.2714285714296,0.3012320412099443,68.66708342015697,-65.34999999999991,30.0,1,1,1,1,1
2017-06-02,2325.0,2369.0,2302.6,2343.95,2098.950000000001,0.6143965372778856,83.82764409625071,11.050000000000182,125.0,1,1,1,1,1
2017-06-05,2344.4,2518.9,2326.0,2484.95,2124.910714285715,0.8298445908506483,83.83668903803134,0.45000000000027285,19.40000000000009,0,0,0,0,0
2017-06-06,2470.3,2489.1,2408.05,2430.7,2147.0178571428582,0.922004266694711,82.88309636650867,-14.649999999999636,125.90000000000009,0,0,0,0,0
2017-06-07,2437.7,2439.95,2341.35,2350.7,2168.8392857142867,0.8975772490158941,73.87875800887136,7.0,-32.600000000000364,1,1,1,1,1
2017-06-08,2367.0,2433.6,2350.45,2372.4,2201.09642857143,0.8466050567320221,75.95051087787586,16.300000000000182,-70.69999999999982,1,0,0,0,0
2017-06-09,2414.0,2414.0,2357.05,2376.1,2223.57142857143,0.8128513205004609,74.0045078888054,41.59999999999991,47.0,0,0,0,0,0
2017-06-12,2370.0,2393.0,2330.0,2370.5,2249.0071428571437,0.7608242808593507,77.88408318178226,-6.099999999999909,-44.0,0,0,0,0,0
2017-06-13,2384.0,2411.55,2360.55,2368.55,2274.507142857144,0.6985451461236342,74.66499910666433,13.5,14.0,0,0,0,0,0
2017-06-14,2380.0,2385.0,2351.75,2360.9,2300.3535714285726,0.6166315931510226,62.11180124223605,11.449999999999818,-4.0,0,0,0,0,0
2017-06-15,2362.0,2384.0,2289.8,2305.75,2318.150000000001,0.4692316955382063,48.97755610972571,1.099999999999909,-18.0,0,0,0,1,0
2017-06-16,2323.0,2323.0,2272.7,2282.6,2337.060714285715,0.20989778633924303,42.21742991246988,17.25,-39.0,1,1,1,1,0
2017-06-19,2293.95,2325.75,2282.9,2299.9,2351.8785714285727,-0.23770172241630208,15.788500647069796,11.349999999999909,-29.050000000000182,0,1,0,0,0
2017-06-20,2308.0,2319.0,2273.4,2283.1,2353.1464285714296,-0.562952995058213,18.326180257510813,8.099999999999909,14.050000000000182,1,1,0,0,1
2017-06-21,2285.0,2350.35,2257.6,2321.15,2353.660714285716,-0.744461756106375,42.266422402512525,1.900000000000091,-23.0,0,0,0,1,1
2017-06-22,2315.25,2347.7,2281.7,2294.5,2350.128571428573,-0.8878063336485331,30.127551020408177,-5.900000000000091,30.25,0,0,1,1,1
2017-06-23,2305.0,2317.25,2241.3,2248.7,2333.2535714285727,-0.8316111928240517,23.246535069298687,10.5,-10.25,1,1,1,1,1
2017-06-27,2310.0,2325.0,2255.55,2278.9,2322.4107142857156,-0.7571485120251297,32.5656642558052,61.30000000000018,5.0,1,1,1,1,1
2017-06-28,2288.0,2408.95,2278.0,2367.95,2323.6428571428582,-0.7467576475145201,49.914236706689486,9.099999999999909,-22.0,0,1,1,1,1
2017-06-29,2403.9,2403.9,2340.0,2350.1,2322.0500000000015,-0.7103841602012674,48.49999999999998,35.95000000000027,115.90000000000009,1,1,1,1,1
2017-06-30,2354.95,2410.0,2342.0,2398.35,2323.639285714287,-0.5834156337442846,63.11243273860092,4.849999999999909,-48.95000000000027,1,1,1,1,1
2017-07-03,2410.0,2465.95,2402.05,2431.75,2328.014285714287,-0.44958506861221703,70.52428787670287,11.650000000000091,55.05000000000018,1,1,1,1,1
2017-07-04,2439.0,2542.4,2436.0,2524.15,2339.1285714285727,-0.20466406201639184,75.57304139582617,7.25,29.0,1,1,1,1,1
2017-07-05,2566.0,2604.0,2535.2,2595.15,2355.8607142857154,0.14325119756197982,81.67055719070332,41.84999999999991,127.0,0,1,1,1,1
2017-07-06,2604.95,2630.0,2545.0,2554.95,2373.660714285715,0.3445491298937111,73.62570735650763,9.799999999999727,38.94999999999982,1,1,1,1,1
2017-07-07,2540.05,2651.9,2540.05,2622.5,2397.939285714287,0.5627410934384808,80.61414971065891,-14.899999999999636,-64.89999999999964,1,1,1,1,1
2017-07-10,2648.0,2648.0,2360.5,2637.95,2422.0857142857153,0.6978977120733661,88.51291184327691,25.5,107.94999999999982,1,1,1,1,1
2017-07-11,2660.05,2679.95,2617.05,2639.8,2447.564285714287,0.767313058380322,87.83018867924525,22.100000000000364,12.050000000000182,1,1,1,1,1
2017-07-12,2680.0,2687.35,2653.0,2673.85,2472.7571428571437,0.8101889311301357,86.24407582938386,40.19999999999982,19.949999999999818,0,0,1,1,1
2017-07-13,2685.0,2688.0,2638.15,2654.25,2498.4535714285726,0.8241509964165477,85.88790560471973,11.150000000000091,5.0,1,1,1,1,1
2017-07-14,2655.0,2701.0,2651.55,2670.3,2528.5678571428584,0.8403747066097632,84.72736559826329,0.75,-30.0,1,1,1,1,1
2017-07-17,2670.0,2769.9,2669.95,2755.25,2562.5928571428585,0.8814712532699637,86.50417512976752,-0.3000000000001819,15.0,0,0,0,0,0
2017-07-18,2739.0,2753.95,2719.2,2731.6,2588.5678571428584,0.8819325195760617,77.70802724722849,-16.25,69.0,1,0,0,0,0
2017-07-19,2738.0,2774.0,2722.2,2734.5,2616.0250000000015,0.8946373617896319,72.75102040816321,6.400000000000091,-1.0,0,0,0,0,0
2017-07-20,2731.0,2754.9,2686.7,2697.9,2637.42142857143,0.878742632717565,73.61638856765245,-3.5,-7.0,1,0,0,0,0
2017-07-21,2704.4,2740.0,2653.0,2704.7,2656.917857142859,0.8844472764224754,66.99049193881768,6.5,-26.59999999999991,0,0,0,0,0
2017-07-24,2705.0,2727.95,2619.0,2641.65,2665.3107142857157,0.740805796772884,50.63903281519866,0.3000000000001819,0.599999999999909,0,0,0,0,0
2017-07-25,2633.0,2657.4,2566.2,2596.25,2665.389285714287,0.48320089059712007,43.46194265125352,-8.650000000000091,-72.0,0,0,0,0,1
2017-07-26,2599.7,2602.95,2566.0,2572.45,2666.639285714287,0.08925799217759338,34.29368029739774,3.449999999999818,-33.30000000000018,0,0,0,1,1
2017-07-27,2587.6,2611.5,2530.0,2545.8,2661.160714285716,-0.16773663025303892,33.56070941336972,15.150000000000091,-12.099999999999909,1,0,1,1,1
2017-07-28,2550.05,2598.0,2540.05,2560.1,2655.6000000000017,-0.32164459080558405,33.206339530630814,4.25,-37.54999999999973,0,1,1,1,1
2017-07-31,2572.8,2577.95,2525.0,2535.7,2648.164285714287,-0.4505696553712549,8.970285927863813,12.700000000000273,22.75,1,1,1,1,1
2017-08-01,2540.0,2651.0,2525.0,2643.55,2646.0000000000014,-0.48226217379263325,37.48400852878468,4.300000000000182,-32.80000000000018,0,0,0,0,0
2017-08-02,2650.0,2659.8,2587.2,2598.3,2642.003571428573,-0.6022909275347237,32.72012179649835,6.449999999999818,110.0,1,0,0,0,0
2017-08-03,2603.6,2657.9,2593.55,2611.7,2637.8178571428584,-0.7309881960865107,38.37961714747905,5.299999999999727,-46.40000000000009,0,0,0,0,0
2017-08-04,2612.0,2648.55,2574.0,2596.1,2626.450000000001,-0.6039623013522254,35.69923623913614,0.3000000000001819,8.400000000000091,0,0,0,0,0
2017-08-07,2599.0,2624.9,2562.0,2573.2,2615.1357142857155,-0.2867807967818927,39.92048299219551,2.900000000000091,-13.0,0,0,0,0,0
2017-08-08,2576.4,2601.95,2540.0,2548.2,2601.8285714285726,0.16508532055863115,42.47219175936076,3.200000000000273,-22.59999999999991,0,0,0,0,1
2017-08-09,2546.95,2569.65,2525.0,2535.95,2590.260714285715,0.3900092433352661,44.066970091027294,-1.25,-29.450000000000273,0,0,0,1,1
2017-08-10,2535.95,2550.0,2448.0,2490.8,2574.982142857144,0.5776492643071858,41.5670039865072,0.0,-11.0,0,0,1,1,1
2017-08-11,2451.1,2513.0,2415.0,2418.8,2559.064285714287,0.7103631303368878,31.591974986972403,-39.70000000000027,-84.84999999999991,1,1,1,1,1
2017-08-14,2454.0,2501.85,2427.6,2474.95,2550.400000000001,0.7458094422524945,42.690410299602924,35.19999999999982,2.900000000000091,1,1,1,1,1
2017-08-16,2491.0,2556.95,2484.2,2548.45,2548.685714285715,0.6808352047258326,37.52623294858334,16.050000000000182,37.0,1,1,0,0,0
2017-08-17,2550.1,2634.8,2543.75,2601.4,2552.6571428571438,0.5808481818673605,50.398560041141664,1.650000000000091,59.09999999999991,1,0,0,0,0
2017-08-18,2592.0,2620.0,2565.05,2601.9,2555.6428571428582,0.5054632629914831,48.696808510638334,-9.400000000000091,41.90000000000009,0,0,0,0,0
2017-08-21,2606.85,2644.8,2513.3,2532.6,2555.4214285714297,0.5913142620561794,42.61112404002793,4.949999999999818,14.849999999999909,0,0,1,1,1
2017-08-22,2539.0,2551.8,2482.0,2492.6,2544.6392857142864,0.5419901854163354,40.98030438675023,6.400000000000091,-67.84999999999991,0,1,1,1,1
2017-08-23,2504.0,2509.7,2452.05,2469.45,2535.4357142857148,0.5456741459409757,41.15069108888638,11.400000000000091,-35.0,1,1,1,1,1
2017-08-24,2525.0,2608.0,2525.0,2567.15,2532.2535714285723,0.34730021507565434,52.94117647058827,55.55000000000018,21.0,1,0,0,0,0
2017-08-28,2583.7,2596.9,2552.0,2571.8,2530.5178571428582,0.11570745519322422,58.2669932639314,16.549999999999727,58.69999999999982,0,0,0,0,0
2017-08-29,2564.0,2579.0,2525.0,2563.55,2529.828571428573,-0.08578740229187282,66.98345652939105,-7.800000000000182,-19.699999999999818,0,0,0,1,0
2017-08-30,2575.1,2584.0,2546.1,2555.55,2530.353571428573,-0.22120135914862482,60.66137566137568,11.549999999999727,11.099999999999909,0,0,1,1,0
2017-08-31,2558.7,2575.0,2534.15,2542.9,2530.850000000002,-0.3260231772271326,49.1250197067634,3.149999999999636,-16.40000000000009,1,1,1,0,0
2017-09-01,2551.0,2565.45,2541.2,2550.3,2535.100000000002,-0.26229989896531175,40.59278350515468,8.099999999999909,-7.699999999999818,1,1,0,0,0
2017-09-04,2546.0,2655.0,2545.95,2570.85,2545.960714285716,0.04214643733318251,44.67683867649578,-4.300000000000182,-5.0,0,0,0,0,1
2017-09-05,2600.0,2640.0,2552.2,2559.5,2552.0000000000023,0.21079378685084524,55.75524176294396,29.15000000000009,54.0,0,0,0,1,1
2017-09-06,2551.5,2560.0,2528.25,2539.35,2551.350000000002,0.1864657848435692,60.93055880289921,-8.0,-48.5,0,0,1,1,1
2017-09-07,2540.35,2604.95,2525.45,2538.7,2546.8714285714304,0.061472531508810185,68.09511366605693,1.0,-11.150000000000091,0,1,1,1,1
2017-09-08,2548.8,2558.95,2521.1,2536.15,2542.175000000002,-0.17215469871654945,33.88773388773386,10.100000000000364,8.450000000000273,1,1,1,1,1
2017-09-11,2551.0,2612.45,2551.0,2581.1,2545.639285714288,-0.06370330601133893,53.406593406593316,14.849999999999909,2.199999999999818,1,1,1,1,1
2017-09-12,2590.0,2625.0,2558.25,2604.1,2553.603571428573,0.22735248696447835,63.404958677685904,8.900000000000091,39.0,1,1,1,1,1
2017-09-13,2604.0,2699.9,2603.0,2656.2,2566.942857142859,0.585253764747409,75.76145380087021,-0.09999999999990905,14.0,0,0,1,1,0
2017-09-14,2676.0,2692.3,2621.0,2627.9,2571.2821428571447,0.7026821262578732,70.14218009478682,19.800000000000182,72.0,1,1,1,1,0
2017-09-15,2622.8,2675.0,2611.0,2649.05,2576.800000000002,0.8118606291953715,71.96885428253624,-5.099999999999909,-53.19999999999982,1,1,0,0,0
2017-09-18,2655.8,2700.0,2638.5,2668.8,2584.317857142859,0.8819361736552119,71.86872069658418,6.75,33.0,1,0,0,0,0
2017-09-19,2672.8,2722.95,2663.55,2672.0,2592.635714285716,0.9125911045930486,76.0658016682114,4.0,17.0,0,0,0,0,0
2017-09-20,2688.0,2690.0,2618.7,2631.6,2598.97142857143,0.8560001617996954,69.54035162041946,16.0,15.199999999999818,0,0,0,0,0
2017-09-21,2619.0,2633.4,2555.0,2563.75,2599.9321428571443,0.6389129874567694,54.13025556471562,-12.599999999999909,-69.0,0,0,0,0,0
2017-09-22,2540.0,2560.8,2455.1,2465.6,2592.414285714287,0.29648601114606715,41.15582299109937,-23.75,-79.0,0,1,0,0,0
2017-09-25,2477.95,2498.35,2420.0,2445.6,2584.2785714285724,0.12999601440608252,31.880181866809295,12.349999999999909,-62.05000000000018,1,0,0,0,1
2017-09-26,2454.0,2484.4,2417.65,2466.4,2579.0678571428584,0.046303313232641766,31.47699757869252,8.400000000000091,-23.949999999999818,0,0,0,0,0
2017-09-27,2480.0,2485.05,2400.0,2404.9,2569.510714285716,0.03832091185855691,17.02965101023355,13.599999999999909,26.0,0,0,1,0,0
2017-09-28,2414.7,2425.0,2390.0,2402.05,2559.9321428571448,0.11454506554617483,18.24827780120907,9.799999999999727,-65.30000000000018,0,1,0,0,0
2017-09-29,2410.0,2447.9,2390.0,2397.65,2546.8285714285735,0.341757390582176,12.909412806137496,7.949999999999818,-4.699999999999818,1,1,0,0,0
2017-10-03,2434.4,2467.4,2402.3,2452.15,2535.975000000002,0.47779612675529537,21.00896560952762,36.75,24.40000000000009,0,0,0,0,0
2017-10-04,2453.0,2470.0,2390.6,2398.95,2517.600000000002,0.5991862912497866,17.774105983713,0.849999999999909,18.59999999999991,0,0,0,0,1
2017-10-05,2390.0,2419.9,2387.05,2395.75,2501.017857142859,0.6448855616052614,19.485056281537098,-8.949999999999818,-63.0,0,0,0,1,1
2017-10-06,2408.8,2411.6,2355.0,2361.2,2480.4571428571444,0.6948478241640653,21.322384255981902,13.050000000000182,18.800000000000182,0,1,1,1,1
2017-10-09,2370.0,2373.05,2340.05,2352.4,2457.8571428571445,0.7301210072337093,28.544351781652807,8.800000000000182,-38.80000000000018,1,1,1,1,1
2017-10-10,2380.0,2402.0,2354.1,2369.2,2436.2285714285726,0.7462721346531608,35.34151957022253,27.59999999999991,10.0,1,1,1,1,1
2017-10-11,2389.4,2415.95,2380.0,2402.1,2419.8357142857158,0.7170378326054431,38.21048771543816,20.200000000000273,9.400000000000091,1,1,1,1,1
2017-10-12,2418.7,2478.0,2413.9,2441.55,2411.1071428571445,0.5217622018799201,57.31099142230203,16.59999999999991,29.299999999999727,0,0,1,1,1
2017-10-13,2463.0,2464.65,2418.5,2437.55,2409.103571428573,0.29437746673188453,57.04924543288323,21.449999999999818,44.30000000000018,0,1,1,1,1
2017-10-16,2456.4,2456.8,2402.8,2419.25,2407.2214285714304,0.15428656715289862,54.064734663153914,18.84999999999991,-6.599999999999909,1,1,1,1,1
2017-10-17,2424.0,2503.0,2414.8,2490.7,2408.9571428571444,-0.2449629751217871,56.81938793560936,4.75,-32.40000000000009,1,0,1,1,1
2017-10-18,2513.45,2538.0,2490.35,2503.15,2415.9750000000017,-0.34361228448291015,71.53782554774705,22.75,89.44999999999982,0,0,1,1,1
2017-10-19,2515.0,2516.9,2449.8,2469.1,2420.764285714287,-0.3790470289659686,63.44637946837759,11.849999999999909,1.550000000000182,1,1,1,1,1
2017-10-23,2456.0,2514.1,2456.0,2501.5,2428.1821428571443,-0.37487174815942037,75.92387287509239,-13.099999999999909,-59.0,1,1,1,1,1
2017-10-24,2514.0,2543.9,2481.2,2513.25,2432.5464285714297,-0.5312027539597248,79.40047523304689,12.5,58.0,1,1,1,1,1
2017-10-25,2538.0,2563.45,2476.05,2538.7,2442.5285714285724,-0.44783578398067236,80.0318922749822,24.75,24.0,1,1,1,1,1
2017-10-26,2545.0,2600.0,2500.0,2574.65,2455.3071428571443,-0.1808165189941178,80.24539877300607,6.300000000000182,7.0,1,1,1,1,1
2017-10-27,2724.0,3176.7,2710.1,3025.75,2502.7750000000015,0.7398181186082776,91.91419141914187,149.3499999999999,179.0,1,1,1,1,1
2017-10-30,3060.0,3124.0,2969.1,3075.7,2554.439285714287,0.9349486056060348,92.95281685400816,34.25,336.0,0,0,1,1,1
2017-10-31,3079.0,3094.3,3027.3,3051.35,2603.164285714287,0.9424929382654996,92.20189611430096,3.300000000000182,19.0,1,1,1,1,1
2017-11-01,3055.0,3094.0,3040.0,3055.75,2649.8535714285726,0.9266255425463343,91.43506636356969,3.650000000000091,-24.0,1,1,1,1,0
2017-11-02,3055.75,3160.0,3049.65,3105.35,2697.2678571428582,0.9173554550953744,91.87760778859526,0.0,0.75,0,0,0,0,1
2017-11-03,3122.1,3124.4,3085.85,3100.75,2744.6392857142864,0.9007807980326196,95.80160974548622,16.75,66.34999999999991,1,0,0,1,0
2017-11-06,3103.0,3180.6,3071.0,3101.0,2793.3357142857153,0.8798617393644877,95.59628840888351,2.25,-19.09999999999991,0,0,1,0,0
2017-11-07,3114.8,3156.0,3020.8,3058.8,2833.914285714287,0.8443664476529306,89.65617503816243,13.800000000000182,11.800000000000182,0,1,0,0,0
2017-11-08,3069.85,3109.9,3035.1,3053.1,2873.19642857143,0.804460890522163,88.4972309534501,11.049999999999727,-44.95000000000027,1,0,0,0,0
2017-11-09,3089.0,3139.3,3006.35,3116.85,2919.4642857142867,0.7761430668233631,88.95674665900273,35.90000000000009,19.15000000000009,0,0,0,0,1
2017-11-10,3112.0,3121.05,3010.05,3031.6,2957.3285714285726,0.7029126342415378,50.88622935918799,-4.849999999999909,23.0,0,0,0,1,1
2017-11-13,3044.8,3053.0,2980.3,2996.85,2991.8714285714295,0.5807930111752391,37.47816420517709,13.200000000000273,-67.19999999999982,1,0,1,1,1
2017-11-14,2990.0,3045.0,2975.1,3018.6,3026.150000000001,0.3950302199631651,44.755804643714974,-6.849999999999909,-54.80000000000018,0,1,1,1,1
2017-11-15,2990.0,3033.9,2970.8,2979.3,3055.0535714285725,-0.39483569063553875,38.98890969321621,-28.59999999999991,0.0,1,1,1,1,1
2017-11-16,2980.2,3134.0,2980.2,3117.35,3061.5964285714294,-0.3559185936192083,51.37741046831956,0.8999999999996362,-9.800000000000182,1,1,1,1,1
2017-11-17,3160.0,3225.0,3134.0,3185.55,3069.4428571428584,-0.0563940443667955,58.493589743589766,42.65000000000009,179.80000000000018,1,1,1,1,1
2017-11-20,3187.0,3263.0,3170.0,3244.8,3083.260714285716,0.1314047109114552,62.88068792547476,1.449999999999818,27.0,0,1,1,1,1
2017-11-21,3269.0,3275.05,3191.2,3201.75,3093.6892857142875,0.20545182282061747,62.78508183525622,24.199999999999818,82.0,1,1,1,1,1
2017-11-22,3236.0,3330.0,3201.05,3299.6,3107.5642857142875,0.39445141865496874,68.92659705159706,34.25,-33.0,0,0,1,1,1
2017-11-23,3309.0,3311.75,3230.0,3267.25,3119.4571428571444,0.5266324017703597,62.13294611164893,9.400000000000091,73.0,0,1,1,1,1
2017-11-24,3275.0,3295.65,3242.5,3261.65,3130.9321428571448,0.6440142917888311,71.29501064519118,7.75,-34.0,1,1,1,1,0
2017-11-27,3250.0,3333.5,3250.0,3313.35,3149.1142857142872,0.7153644496363741,78.4060312331718,-11.650000000000091,-25.0,1,1,0,0,0
2017-11-28,3315.4,3396.7,3287.0,3375.3,3172.128571428573,0.7887726275578332,79.85936715218487,2.050000000000182,65.40000000000009,0,0,0,0,1
2017-11-29,3388.5,3403.2,3347.35,3368.75,3190.1214285714304,0.9052914034792676,84.49207333274286,13.199999999999818,73.09999999999991,0,0,0,1,0
2017-11-30,3359.0,3362.95,3272.55,3284.65,3208.1964285714307,0.8771715717804023,66.38268703486095,-9.75,-29.5,0,1,1,1,1
2017-12-01,3308.0,3333.5,3180.0,3211.4,3223.521428571431,0.7209014124052856,52.50654513720546,23.34999999999991,-51.0,1,1,1,1,1
2017-12-04,3224.0,3344.45,3171.0,3310.4,3244.364285714288,0.639041764481348,55.90565358300323,12.599999999999909,-84.0,1,1,1,1,1
2017-12-05,3344.55,3420.75,3261.0,3396.75,3274.182142857145,0.6758478927848497,66.28528478369802,34.15000000000009,120.55000000000018,0,0,1,1,0
2017-12-06,3396.0,3432.95,3338.15,3359.65,3291.489285714288,0.6456856029324226,55.581373733618385,-0.75,51.44999999999982,1,1,1,1,0
2017-12-07,3352.0,3405.5,3320.1,3363.65,3304.2107142857167,0.6128147534768175,59.45839874411304,-7.650000000000091,-44.0,1,1,1,0,0
2017-12-08,3394.0,3466.9,3366.05,3420.9,3316.789285714288,0.6542977463735419,64.18708240534521,30.34999999999991,42.0,1,0,0,0,0
2017-12-11,3439.0,3469.9,3401.5,3458.7,3335.142857142859,0.664239199762284,63.27761030419292,18.09999999999991,45.0,0,0,0,0,0
2017-12-12,3456.0,3473.8,3376.0,3392.15,3341.7535714285737,0.6840071483877991,51.52640637738925,-2.699999999999818,17.0,0,0,0,1,1
2017-12-13,3402.15,3433.0,3339.95,3355.75,3348.075000000002,0.60741884084782,48.882777586799584,10.0,-53.84999999999991,0,1,1,1,1
2017-12-14,3374.95,3390.0,3308.3,3352.15,3354.539285714288,0.48735931037115515,56.73249551166967,19.199999999999818,-27.200000000000273,1,1,1,1,1
2017-12-15,3390.0,3425.0,3345.7,3359.7,3357.850000000002,0.4352036130511832,67.0224977043159,37.84999999999991,15.050000000000182,1,1,1,1,1
2017-12-18,3347.0,3429.1,3281.05,3405.85,3360.0321428571447,0.5775174528410167,62.46897452645331,-12.699999999999818,-43.0,1,1,1,1,1
2017-12-19,3429.0,3495.0,3420.55,3485.05,3368.3392857142876,0.7350838700847067,61.75452609158684,23.15000000000009,82.0,1,1,1,1,1
2017-12-20,3489.0,3529.0,3429.5,3509.5,3384.400000000002,0.7444261658440698,70.64333930293432,3.949999999999818,60.0,1,1,1,1,1
2017-12-21,3527.05,3568.55,3505.0,3543.95,3408.1535714285733,0.6945813244994584,72.91560752414847,17.550000000000182,38.05000000000018,1,1,1,1,1
2017-12-22,3553.0,3589.0,3530.1,3554.4,3425.5821428571444,0.7175306143188886,69.25851125216391,9.050000000000182,25.949999999999818,1,1,1,1,1
2017-12-26,3590.0,3590.0,3543.0,3574.8,3438.300000000002,0.824995346317076,67.63365735115437,35.59999999999991,37.0,1,1,1,1,1
2017-12-27,3585.0,3619.9,3553.0,3579.85,3454.0285714285733,0.8510815725812856,85.05790063503922,10.199999999999818,-5.0,1,1,1,1,1
2017-12-28,3605.0,3652.4,3591.05,3624.3,3472.6464285714305,0.8759643462778502,98.69446962828653,25.15000000000009,20.0,1,1,0,0,1
2017-12-29,3654.0,3688.0,3630.8,3668.85,3490.3571428571445,0.9221471733363082,100.0,29.699999999999818,49.0,0,0,0,1,1
2018-01-01,3692.0,3692.0,3634.15,3643.8,3503.5785714285735,0.9498998542258703,92.50448833034119,23.15000000000009,38.0,0,0,1,1,1
2018-01-02,3664.0,3676.1,3544.8,3592.0,3517.853571428573,0.9110463674131549,77.38708253641315,20.199999999999818,-28.0,1,1,1,1,1
2018-01-03,3630.0,3630.0,3571.15,3598.15,3535.1678571428592,0.8679712974956061,71.19565217391305,38.0,-34.0,1,1,1,1,1
2018-01-04,3634.0,3700.0,3604.2,3688.85,3559.217857142859,0.878856356709802,76.92538657859181,35.84999999999991,4.0,1,1,1,1,1
2018-01-05,3739.0,4005.15,3711.25,3953.25,3601.6142857142877,0.8709023603567515,86.3499111900533,50.15000000000009,105.0,0,0,0,0,0
2018-01-08,3983.0,3983.0,3896.1,3923.5,3638.5892857142876,0.8924795922777661,81.69328524815387,29.75,244.0,0,0,0,0,0
2018-01-09,3943.15,3943.15,3828.75,3844.55,3664.267857142859,0.8901930352583514,71.04626667706954,19.65000000000009,-39.84999999999991,0,0,0,0,0
2018-01-10,3859.7,3918.2,3812.05,3830.4,3687.189285714288,0.8734422438257938,69.27455958150628,15.149999999999636,-83.45000000000027,0,0,0,0,0
2018-01-11,3840.0,3864.95,3785.1,3827.65,3707.453571428574,0.8522649911294486,66.7159884915742,9.599999999999909,-19.699999999999818,0,0,0,0,0
2018-01-12,3857.0,3857.0,3757.0,3809.25,3725.657142857145,0.8134309827872976,62.059783542346686,29.34999999999991,17.0,0,0,0,0,0
2018-01-15,3824.4,3855.0,3775.5,3790.5,3741.064285714288,0.7569156937117704,62.738798193817274,15.150000000000091,-32.59999999999991,0,0,0,0,0
2018-01-16,3795.0,3810.0,3681.1,3693.5,3749.182142857145,0.6018493476542721,58.17230273752012,4.5,-29.40000000000009,0,0,1,1,1
2018-01-17,3707.4,3709.0,3559.0,3684.6,3753.4892857142877,0.4475544005070984,56.929859719438866,13.900000000000091,-87.59999999999991,0,1,1,1,0
2018-01-18,3717.8,3767.2,3616.05,3683.5,3754.5357142857165,0.3226141546773603,49.499204343349255,33.20000000000027,10.400000000000091,1,1,1,0,0
2018-01-19,3690.0,3731.0,3633.9,3713.95,3759.54642857143,0.18266199578744874,10.143237841438989,6.5,-27.800000000000182,1,1,0,0,0
2018-01-22,3759.0,3896.7,3720.3,3787.15,3773.485714285716,-0.03381507150506815,30.161501527717178,45.05000000000018,69.0,0,0,0,0,0
2018-01-23,3817.0,3825.0,3732.0,3750.6,3784.3750000000014,-0.4546306419453423,34.406639004149355,29.84999999999991,58.0,0,0,0,0,0
2018-01-24,3597.0,3627.65,3416.1,3487.85,3770.0178571428587,-0.7806656036739219,18.850595616986467,-153.5999999999999,-220.0,0,0,0,0,0
2018-01-25,3450.0,3479.95,3355.8,3367.55,3728.1821428571448,-0.4905259470080876,15.53041654180403,-37.84999999999991,-147.0,0,0,0,0,0
2018-01-29,3390.0,3404.85,3273.3,3284.75,3682.5571428571448,0.017734999373493095,14.16370593058214,22.449999999999818,-60.0,0,1,1,0,0
2018-01-30,3273.0,3344.7,3249.4,3281.15,3642.3142857142875,0.46588709627492125,14.463127049466266,-11.75,-117.0,1,1,0,0,0
2018-01-31,3285.0,3309.7,3265.0,3285.6,3603.4000000000015,0.6943912335343576,17.32094215670564,3.849999999999909,12.0,1,0,0,0,0
2018-02-01,3295.9,3387.6,3150.5,3302.8,3565.910714285716,0.7750019788558653,19.813409234661634,10.300000000000182,10.900000000000091,0,0,0,0,0
2018-02-02,3300.0,3300.05,3154.0,3182.3,3521.128571428573,0.8387813305277759,16.6666666666667,-2.800000000000182,4.099999999999909,1,0,0,0,1
2018-02-05,3110.0,3228.0,3060.05,3189.7,3478.214285714287,0.8584388421957725,14.030874785591777,-72.30000000000018,-190.0,0,0,0,1,1
2018-02-06,3097.0,3180.2,2960.0,3121.1,3437.328571428573,0.8712593146595139,4.0115998066698495,-92.69999999999982,-13.0,1,1,1,1,1
2018-02-07,3180.0,3203.6,3088.2,3127.15,3397.510714285716,0.869743854387677,5.060188856051312,58.90000000000009,83.0,1,1,1,1,1
2018-02-08,3144.0,3194.9,3110.0,3154.5,3359.7250000000017,0.8531214806602789,13.627932351336582,16.84999999999991,-36.0,1,1,1,1,1
2018-02-09,3110.0,3217.85,3070.0,3194.0,3322.585714285716,0.8180724075879402,27.010200026493536,-44.5,-34.0,1,1,1,1,1
2018-02-12,3241.25,3303.5,3217.05,3268.2,3285.5178571428587,0.7468182078145531,47.75654059915952,47.25,131.25,0,1,0,0,0
2018-02-14,3300.0,3302.95,3200.0,3214.7,3247.2392857142872,0.7197924080652061,42.065671641791006,31.800000000000182,58.75,1,1,1,1,0
2018-02-15,3240.0,3335.0,3221.05,3313.2,3234.764285714287,0.4294814057290134,52.691107644305774,25.300000000000182,-60.0,0,0,0,0,0
2018-02-16,3349.0,3376.7,3212.0,3245.3,3226.032142857144,0.20561326484061132,44.89795918367346,35.80000000000018,109.0,0,0,0,0,0
2018-02-19,3283.0,3288.0,3215.1,3243.35,3223.075000000001,0.06294811514036011,56.8603213844252,37.69999999999982,-66.0,0,0,0,0,1
2018-02-20,3243.9,3310.0,3203.5,3215.15,3218.3607142857154,-0.0663645459084121,52.7321524422974,0.5500000000001819,-39.09999999999991,0,0,1,1,1
2018-02-21,3239.0,3251.95,3170.0,3177.7,3210.6535714285724,-0.21047813780335992,56.51173492867003,23.84999999999991,-4.900000000000091,0,1,1,1,1
2018-02-22,3180.0,3203.95,3148.65,3157.3,3200.2607142857155,-0.4868110802813292,53.35783494821251,2.300000000000182,-59.0,1,1,1,1,1
2018-02-23,3208.0,3250.0,3172.0,3238.85,3204.3000000000006,-0.5441741837177354,58.38219218920799,50.69999999999982,28.0,1,1,1,1,0
2018-02-26,3266.0,3277.6,3231.0,3248.0,3208.4642857142867,-0.6324665915629383,55.710659898477175,27.15000000000009,58.0,1,1,0,0,0
2018-02-27,3278.0,3306.75,3257.55,3279.85,3219.8035714285725,-0.5231192867512963,51.3532349866419,30.0,12.0,1,0,0,0,0
2018-02-28,3277.0,3315.2,3244.05,3291.95,3231.5750000000007,-0.297744451171191,59.928029816219016,-2.849999999999909,-1.0,0,0,0,0,0
2018-03-01,3299.9,3329.0,3225.1,3244.85,3238.028571428572,0.042316565008055994,39.87857248630237,7.950000000000273,22.90000000000009,0,0,0,0,0
2018-03-05,3248.9,3248.9,3160.0,3191.35,3237.8392857142862,0.36487943959132096,41.65506573859237,4.050000000000182,-51.0,0,0,0,0,0
2018-03-06,3185.0,3200.0,2991.65,3029.25,3220.771428571429,0.24185636295400031,27.854778651220485,-6.349999999999909,-63.90000000000009,1,0,0,1,1
2018-03-07,3020.0,3082.6,2977.05,3069.9,3210.4285714285725,0.3630517253441613,35.35343349803367,-9.25,-165.0,0,0,1,1,1
2018-03-08,3089.95,3113.3,2960.55,3001.7,3188.1785714285725,0.5185753325577845,33.289023927079356,20.049999999999727,69.94999999999982,0,1,1,1,1
2018-03-09,3010.0,3047.95,2960.0,2978.25,3169.103571428572,0.6656467321494793,33.09732842443121,8.300000000000182,-79.94999999999982,1,1,1,1,1
2018-03-12,3065.0,3163.0,3065.0,3134.1,3161.3000000000006,0.5727721914439717,41.32792449706101,86.75,55.0,0,0,1,0,0
2018-03-13,3150.0,3165.45,3053.05,3081.4,3151.7464285714295,0.569570758237862,37.13513513513514,15.900000000000091,85.0,1,1,1,0,0
2018-03-14,3051.0,3151.5,3036.85,3113.65,3147.1714285714297,0.5393803959337001,37.17394659669702,-30.40000000000009,-99.0,1,1,0,0,0
2018-03-15,3122.0,3205.05,3122.0,3189.35,3149.4607142857153,0.4506272560781918,42.789880534082926,8.349999999999909,71.0,0,0,0,0,0
2018-03-16,3193.5,3207.0,3103.3,3121.55,3141.082142857144,0.43223252162970904,41.580169352635906,4.150000000000091,71.5,0,0,0,0,0
2018-03-19,3164.95,3164.95,3025.1,3038.25,3126.1000000000013,0.46897266395093673,39.95406824146981,43.399999999999636,-28.550000000000182,1,1,1,1,1
2018-03-20,3028.2,3065.35,3013.95,3043.9,3109.24642857143,0.45281699795689445,51.20964412517547,-10.050000000000182,-136.75,1,1,1,1,1
2018-03-21,3068.0,3107.0,3035.4,3072.85,3093.59642857143,0.3226826268291051,50.24837922034182,24.09999999999991,39.80000000000018,0,1,1,1,1
2018-03-22,3070.0,3086.4,3040.5,3054.6,3080.007142857144,0.1392097175166602,54.863026291597734,-2.849999999999909,2.0,1,1,1,1,1
2018-03-23,3051.0,3094.0,2996.0,3078.95,3071.9785714285726,-0.1522321960541355,59.24192364170337,-3.599999999999909,-19.0,1,1,1,1,1
2018-03-26,3103.95,3120.0,3051.0,3107.45,3077.564285714287,-0.10718723627663858,46.80800095819857,25.0,52.94999999999982,1,1,1,1,1
2018-03-27,3136.6,3228.9,3110.0,3194.25,3086.44642857143,-0.22767622942785293,62.49584763592071,29.15000000000009,32.65000000000009,0,1,1,0,1
2018-03-28,3186.0,3186.0,3120.0,3129.65,3095.5857142857158,-0.08460710144915258,51.65323413928497,-8.25,49.40000000000009,1,1,1,1,1
2018-04-02,3135.0,3280.0,3135.0,3266.5,3116.1750000000015,0.16701096741972885,57.07733235482984,5.349999999999909,-51.0,0,0,0,1,1
2018-04-03,3256.9,3263.35,3191.0,3248.8,3124.3678571428586,0.18781246133822105,62.85483382159815,-9.599999999999909,121.90000000000009,0,1,1,1,1
2018-04-04,3250.5,3305.0,3141.1,3154.7,3129.6035714285726,0.2952816242991509,61.51260504201679,1.699999999999818,-6.400000000000091,1,1,1,1,1
2018-04-05,3206.0,3260.0,3190.85,3251.95,3139.482142857144,0.43447685018967713,67.41441366033311,51.30000000000018,-44.5,1,1,1,1,1
2018-04-06,3275.0,3347.0,3268.95,3322.2,3148.9714285714294,0.5386564486386906,69.52164722461441,23.050000000000182,69.0,1,1,1,1,1
2018-04-09,3326.0,3351.95,3306.0,3327.65,3163.692857142858,0.6993512857375295,71.81433250778942,3.800000000000182,51.0,1,1,1,1,1
2018-04-10,3341.0,3380.4,3313.6,3350.15,3185.9714285714294,0.8456669947685425,71.73076923076924,13.349999999999909,15.0,1,1,1,1,1
2018-04-11,3355.0,3474.9,3355.0,3459.9,3215.685714285715,0.928963673744197,74.98759305210919,4.849999999999909,14.0,0,1,1,1,0
2018-04-12,3441.0,3460.0,3391.0,3436.55,3241.664285714287,0.9369411243219121,68.87659707073855,-18.90000000000009,86.0,1,1,1,0,1
2018-04-13,3466.4,3525.0,3432.75,3484.85,3272.3964285714296,0.9459633434651749,78.39328537170262,29.84999999999991,25.40000000000009,1,1,0,0,0
2018-04-16,3474.0,3523.1,3466.35,3503.1,3302.6928571428584,0.9438209612928852,73.33793647662259,-10.849999999999909,7.599999999999909,0,0,0,0,0
2018-04-17,3510.0,3510.0,3452.25,3487.8,3329.860714285716,0.9282708009651683,73.68681863230921,6.900000000000091,36.0,0,0,0,1,1
2018-04-18,3512.0,3512.0,3411.05,3422.95,3346.1964285714303,0.8752010433903993,78.2219884271436,24.199999999999818,2.0,1,1,1,1,1
2018-04-19,3446.0,3500.0,3417.05,3478.65,3371.1250000000014,0.8582338029508189,76.13557758819462,23.050000000000182,-66.0,0,1,1,1,1
2018-04-20,3482.7,3513.4,3430.1,3451.3,3384.3250000000016,0.8254202513602072,66.51740020470834,4.049999999999727,36.69999999999982,1,1,1,1,1
2018-04-23,3445.0,3516.0,3425.5,3488.5,3401.4464285714303,0.8055339031600858,69.03325050289907,-6.300000000000182,-37.69999999999982,1,1,1,1,1
2018-04-24,3497.4,3580.0,3496.2,3566.7,3430.8750000000014,0.8406123405600898,72.63983272347099,8.900000000000091,52.40000000000009,0,0,1,1,1
2018-04-25,3573.1,3592.5,3511.0,3542.05,3451.5964285714304,0.8390208756780412,60.44766628513293,6.400000000000091,75.69999999999982,0,1,1,1,0
2018-04-26,3539.9,3558.7,3501.0,3515.55,3465.407142857145,0.7979418280599663,59.96719656825639,-2.150000000000091,-33.19999999999982,1,1,1,0,0
2018-04-27,3534.7,3609.0,3525.0,3573.95,3483.0000000000023,0.7774468002808373,60.962106299212614,19.149999999999636,-5.200000000000273,1,1,0,0,0
2018-04-30,3597.7,3634.9,3558.65,3622.2,3502.4321428571448,0.7515997039615115,63.64573785517875,23.75,63.0,0,0,0,0,0
2018-05-02,3640.0,3657.2,3557.65,3586.0,3511.4392857142875,0.7933233957506681,60.736934178876005,17.800000000000182,42.30000000000018,0,0,0,0,0
2018-05-03,3586.05,3593.7,3464.1,3490.95,3515.325000000001,0.6519147692222507,56.974358974358985,0.0500000000001819,-53.94999999999982,0,0,0,0,0
2018-05-04,3489.0,3507.95,3465.0,3478.35,3514.8607142857154,0.5579620279738252,49.966246624662446,-1.949999999999818,-97.05000000000018,0,0,0,0,0
2018-05-07,3482.0,3505.0,3463.6,3477.8,3513.053571428573,0.5195895696402999,53.17289272030652,3.650000000000091,-7.0,0,0,0,0,0
2018-05-08,3478.0,3478.0,3340.3,3359.95,3503.9214285714297,0.28072103189580055,37.099849473156006,0.1999999999998181,-4.0,0,0,0,0,0
2018-05-09,3354.05,3358.35,3276.45,3297.75,3494.9785714285726,-0.0037298279901721606,22.11508553654741,-5.899999999999636,-123.94999999999982,0,0,0,0,0
2018-05-10,3297.0,3361.9,3233.0,3245.45,3478.32142857143,-0.04420915361944465,20.915865856050146,-0.75,-57.05000000000018,0,0,0,0,0
2018-05-11,3266.0,3276.0,3211.1,3239.8,3463.2142857142867,-0.020160492012732716,21.80758613638683,20.550000000000182,-31.0,0,0,0,0,0
2018-05-14,3249.6,3272.0,3170.0,3197.1,3442.400000000001,0.2187747906194348,10.193303052709425,9.799999999999727,-16.40000000000009,0,1,1,0,0
2018-05-15,3209.0,3293.1,3159.15,3196.7,3415.9714285714294,0.5564890486399694,0.0,11.900000000000091,-40.59999999999991,1,1,0,0,1
2018-05-16,3194.6,3251.3,3170.05,3215.25,3392.6285714285723,0.6943138484765978,4.548240774794692,-2.099999999999909,-14.400000000000091,0,0,0,1,0
2018-05-17,3230.0,3260.0,3183.7,3206.8,3370.5750000000007,0.739288117932799,5.774319066147925,14.75,35.40000000000009,0,0,1,1,0
2018-05-18,3206.0,3228.1,3135.0,3156.7,3340.771428571429,0.7824251825693167,5.170731707317103,-0.8000000000001819,-24.0,0,1,1,0,1
2018-05-21,3162.0,3178.5,3042.15,3120.0,3304.900000000001,0.8235553110428339,4.697391744745545,5.300000000000182,-44.0,1,1,0,1,1
2018-05-22,3125.0,3283.55,3098.9,3226.5,3279.2214285714294,0.7729804540364034,32.60331117194632,5.0,-37.0,0,0,1,1,1
2018-05-23,3235.0,3261.85,3182.5,3214.55,3259.4785714285726,0.709369605052959,37.518751875187554,8.5,110.0,0,1,1,1,1
2018-05-24,3239.7,3272.0,3098.0,3119.15,3233.8214285714303,0.7212873739668836,33.2226354941552,25.149999999999636,4.699999999999818,1,1,1,1,1
2018-05-25,3199.0,3340.95,3150.05,3250.3,3217.5714285714303,0.5770217954162467,51.046025104602506,79.84999999999991,-40.69999999999982,1,1,1,1,1
2018-05-28,3270.0,3301.1,3250.0,3288.0,3212.4321428571448,0.23155410472334717,59.14670959951701,19.699999999999818,71.0,1,1,1,0,1
2018-05-29,3290.0,3400.95,3275.0,3386.4,3218.764285714288,-0.203006419076819,65.94385611027064,2.0,20.0,1,0,0,0,0
2018-05-30,3372.05,3434.0,3360.55,3386.65,3228.850000000002,-0.3760241318647751,64.86298994103365,-14.349999999999909,82.05000000000018,0,0,0,0,0
2018-05-31,3410.0,3425.0,3333.6,3343.6,3236.264285714288,-0.48708403200808464,61.19109947643977,23.34999999999991,37.94999999999982,0,0,0,0,1
2018-06-01,3347.9,3395.0,3238.1,3260.75,3240.810714285716,-0.4979165250300283,58.07904340399101,4.300000000000182,-62.09999999999991,1,0,1,1,1
2018-06-04,3272.0,3345.0,3263.2,3296.25,3247.9214285714306,-0.5120024028811425,63.71061843640607,11.25,-75.90000000000009,0,1,1,1,1
2018-06-05,3311.0,3333.0,3220.0,3249.95,3250.400000000002,-0.5583129715974772,52.012702772294205,14.75,39.0,1,1,1,1,1
2018-06-06,3268.0,3319.45,3210.0,3306.95,3257.553571428573,-0.6077630327427509,57.36137667304012,18.050000000000182,-43.0,1,1,1,1,1
2018-06-07,3323.0,3358.5,3315.0,3345.65,3271.050000000002,-0.45158765484046115,69.83709931686809,16.050000000000182,55.0,1,1,1,1,1
2018-06-08,3325.05,3365.0,3316.7,3355.0,3287.835714285716,-0.016076841257138846,61.65664662658648,-20.59999999999991,2.050000000000182,1,1,1,1,0
2018-06-11,3355.0,3406.95,3341.8,3377.95,3298.6535714285733,0.24423233393035995,60.35455278001609,0.0,29.949999999999818,1,1,1,0,0
2018-06-12,3396.0,3445.0,3369.8,3428.05,3313.9035714285733,0.4672638574032717,55.39437896645513,18.050000000000182,41.0,1,1,0,0,0
2018-06-13,3455.95,3455.95,3394.05,3432.85,3336.3107142857157,0.6310798068428682,55.91397849462363,27.899999999999636,59.94999999999982,1,0,0,0,0
2018-06-14,3446.0,3479.4,3425.6,3455.3,3350.953571428573,0.6865620975732014,65.09459459459461,13.150000000000091,-9.949999999999818,0,0,0,0,0
2018-06-15,694.75,699.4,673.45,677.25,3164.47142857143,0.6236514862544532,7.857562312410295,-2760.55,-2751.25,0,0,0,0,1
2018-06-18,677.0,683.3,662.85,665.75,2970.139285714287,0.83726561478834,6.752268841246888,-0.25,-17.75,1,1,0,1,1
2018-06-19,661.4,679.0,660.3,673.35,2776.332142857144,0.855004161331334,7.092422980849307,-4.350000000000023,-15.600000000000023,0,0,1,1,1
2018-06-20,676.9,679.45,664.9,667.05,2585.1500000000015,0.8472523510634498,5.283217020123317,3.5499999999999545,15.5,0,1,1,1,1
2018-06-21,668.0,669.9,648.1,653.75,2398.9357142857157,0.8351535019596559,4.006629305631506,0.9500000000000455,-8.899999999999977,1,1,1,1,1
2018-06-22,647.75,683.9,647.25,681.3,2212.1535714285733,0.8179365334806802,4.599945663247979,-6.0,-20.25,0,1,0,0,0
2018-06-25,682.0,684.1,668.3,674.05,2028.1607142857158,0.7989045087158653,3.8410324695278177,0.7000000000000455,34.25,1,1,0,0,0
2018-06-26,672.0,708.7,669.2,701.1,1842.0285714285728,0.7740481822002929,3.07827313866855,-2.0499999999999545,-10.0,0,0,0,0,0
2018-06-27,703.0,708.75,672.1,678.05,1651.4857142857156,0.7447230205599477,2.8949078348893806,1.8999999999999773,31.0,0,0,0,0,0
2018-06-28,673.0,685.15,653.1,657.65,1458.8178571428584,0.7073666808586727,2.1286425625845027,-5.0499999999999545,-30.0,1,0,0,1,0
2018-06-29,664.6,671.7,657.25,664.95,1265.0321428571442,0.6553566749368271,45.935228023793634,6.9500000000000455,-8.399999999999977,0,0,1,0,0
2018-07-02,666.0,666.0,631.4,650.4,1066.628571428573,0.5801318337041681,45.027534823453024,1.0499999999999545,1.3999999999999773,1,1,0,0,0
2018-07-03,654.8,662.5,648.6,655.35,868.2357142857157,0.4518363028961499,44.06723796967684,4.399999999999977,-11.200000000000045,1,0,0,0,0
2018-07-04,657.95,669.9,645.2,666.9,669.0642857142872,0.3036100729263255,49.952214080917315,2.6000000000000227,3.150000000000091,0,0,0,0,0
2018-07-05,662.25,664.0,625.0,629.25,665.6357142857157,0.4321830518691774,43.243243243243114,-4.649999999999977,4.2999999999999545,1,1,1,0,0
2018-07-06,625.0,644.0,620.15,636.55,663.5500000000013,0.5596389693270113,36.10679913070464,-4.25,-37.25,1,1,0,0,0
2018-07-09,640.0,646.9,633.95,641.25,661.2571428571442,0.600409751510804,39.652996845425754,3.4500000000000455,15.0,0,0,0,0,0
2018-07-10,643.25,648.5,630.3,638.3,659.2035714285728,0.6696624411600846,26.63690476190466,2.0,3.25,0,0,0,0,0
2018-07-11,638.0,641.65,617.0,619.85,656.7821428571442,0.821049666603329,27.580893682588524,-0.2999999999999545,-5.25,0,0,0,0,0
2018-07-12,622.1,625.9,601.0,602.85,651.1785714285728,0.7904451935021706,28.322784810126493,2.25,-15.899999999999977,1,0,0,0,0
2018-07-13,602.0,612.45,596.35,607.95,646.4571428571444,0.8062274824602205,27.05314009661825,-0.8500000000000227,-20.100000000000023,0,0,0,0,0
2018-07-16,608.5,612.45,572.0,574.35,637.403571428573,0.6568778736659472,23.45549738219887,0.5499999999999545,6.5,1,0,0,0,1
2018-07-17,579.0,587.8,573.65,580.0,630.4000000000016,0.5723651233133675,23.82771795762406,4.649999999999977,-29.5,0,0,0,0,1
2018-07-18,580.25,596.7,555.0,557.4,623.2392857142873,0.5608402181929812,14.677419354838648,0.25,1.25,1,1,1,1,1
2018-07-19,553.05,566.8,548.0,561.9,615.878571428573,0.5155850901616881,22.36356175625758,-4.350000000000023,-27.200000000000045,1,1,1,1,1
2018-07-20,563.3,574.95,553.3,566.95,609.9178571428587,0.6094438983515862,20.9030100334448,1.3999999999999773,10.25,1,1,1,1,1
2018-07-23,573.1,585.85,561.5,579.3,604.4857142857157,0.9003765752074816,25.65815324165017,6.149999999999977,9.800000000000068,1,0,0,1,1
2018-07-24,560.0,593.2,559.95,582.2,598.4357142857159,0.8537387580217721,27.94811320754708,-19.299999999999955,-13.100000000000023,0,0,1,1,1
2018-07-25,580.0,587.8,575.35,578.5,594.8107142857159,0.8142575517407213,31.614050689195054,-2.2000000000000455,20.0,0,1,1,1,1
2018-07-26,580.45,585.85,573.9,578.4,590.6571428571444,0.7600995608185426,37.20565149136556,1.9500000000000455,0.4500000000000455,1,1,1,1,1
2018-07-27,580.8,603.5,580.15,595.15,587.3642857142873,0.6108908069257536,44.0298507462684,2.3999999999999773,0.34999999999990905,1,0,0,1,1
2018-07-30,595.0,602.4,588.8,600.2,584.6428571428588,0.34651437051075046,66.43356643356593,-0.14999999999997726,14.200000000000045,0,0,0,1,1
2018-07-31,597.3,606.2,585.0,587.05,582.3000000000017,0.07482340153503655,54.09170052234435,-2.900000000000091,2.2999999999999545,1,1,1,1,1
2018-08-01,589.0,596.0,582.85,592.85,581.5857142857159,-0.2107071421798483,75.55875991348162,1.9500000000000455,-8.299999999999955,1,1,1,0,1
2018-08-02,592.0,602.45,585.9,598.2,580.8892857142874,-0.7301892057427106,75.85470085470016,-0.8500000000000227,3.0,1,1,0,1,1
2018-08-03,599.9,617.0,596.3,614.65,583.7678571428588,-0.7642565886539749,79.22794117646991,1.6999999999999318,7.899999999999977,0,0,0,0,0
2018-08-06,619.95,622.15,598.0,601.25,585.2857142857159,-0.8857439790118392,63.27888687235284,5.300000000000068,20.050000000000068,0,1,1,1,1
2018-08-07,602.0,606.0,586.0,587.8,587.4571428571445,-0.8427518103653535,53.00429184549318,0.75,-17.950000000000045,1,1,1,1,1
2018-08-08,587.95,608.1,581.0,605.05,590.5392857142873,-0.7310335082224266,62.43559718969517,0.15000000000009095,-14.049999999999955,1,1,1,1,1
2018-08-09,607.9,613.0,600.15,610.15,593.6250000000016,-0.46434340789198053,64.20581655480949,2.8500000000000227,19.949999999999932,0,0,1,1,1
2018-08-10,610.4,615.2,602.0,605.4,595.4892857142873,-0.21360393569601432,55.13784461152849,0.25,2.5,1,1,1,1,1
2018-08-13,605.0,617.95,598.7,607.8,597.3178571428587,0.0807701111111544,53.91349124613763,-0.39999999999997726,-5.399999999999977,1,1,1,1,1
2018-08-14,607.0,629.95,607.0,625.25,600.6571428571443,0.5230437478124296,68.83629191321461,-0.7999999999999545,2.0,1,1,1,0,1
2018-08-16,621.5,635.0,616.1,627.35,604.153571428573,0.7728228503480878,67.6560900716475,-3.75,14.5,1,1,0,1,1
2018-08-17,624.9,641.0,623.1,638.65,607.2607142857158,0.843633473416016,69.51278340569182,-2.4500000000000455,3.3999999999999773,0,0,1,0,0
2018-08-20,636.1,644.0,627.0,630.1,609.3964285714301,0.8633721119291518,58.06788511749315,-2.5499999999999545,11.200000000000045,0,1,1,1,1
2018-08-21,630.0,637.1,620.5,622.4,611.92142857143,0.8297852956002586,61.743475846751394,-0.10000000000002274,-6.100000000000023,1,1,1,1,1
2018-08-23,624.8,647.0,616.15,644.15,615.5857142857158,0.8498045917582002,78.64768683273977,2.3999999999999773,-5.2000000000000455,0,0,0,0,1
2018-08-24,646.2,649.9,628.35,631.95,617.9964285714301,0.8336779337802221,64.41586280814542,2.050000000000068,21.40000000000009,1,1,1,1,0
2018-08-27,636.15,641.1,630.15,632.2,619.2500000000016,0.8816905432953943,62.46466930469157,4.199999999999932,-10.050000000000068,0,1,1,0,0
2018-08-28,636.0,639.0,629.9,632.15,621.4571428571444,0.857815447367444,65.9701492537309,3.7999999999999545,-0.14999999999997726,1,1,0,0,0
2018-08-29,633.4,647.0,632.0,640.45,625.2178571428587,0.8431564649874818,68.20970440602302,1.25,-2.6000000000000227,1,0,0,0,0
2018-08-30,640.45,661.8,640.2,646.45,628.1750000000018,0.8396444050488754,63.554987212275776,0.0,7.050000000000068,0,0,0,0,0
2018-08-31,646.7,650.0,622.6,630.25,629.6107142857161,0.7370197526506391,51.57096424702026,0.25,6.25,0,0,0,0,0
2018-09-03,636.45,637.6,607.1,609.65,629.9142857142875,0.3194435643717656,35.728346456692734,6.2000000000000455,-10.25,0,0,0,0,0
2018-09-04,610.0,614.85,593.25,602.6,629.542857142859,-0.16846877427095291,36.26373626373607,0.35000000000002274,-26.450000000000045,0,0,1,0,0
2018-09-05,600.0,606.0,582.1,594.15,627.3214285714304,-0.34283937900635303,35.994050570153505,-2.6000000000000227,-10.0,1,1,1,0,0
2018-09-06,599.9,606.8,591.0,601.7,625.4892857142876,-0.41985794454161746,25.504904789382493,5.75,-0.10000000000002274,1,0,0,0,0
2018-09-07,605.95,611.1,598.75,605.1,623.0928571428591,-0.35565272198736836,32.75529865125222,4.25,6.050000000000068,0,0,0,0,0
2018-09-10,603.0,604.95,589.05,595.2,620.600000000002,-0.26817771227672366,28.857142857142733,-2.1000000000000227,-2.9500000000000455,0,0,0,0,0
2018-09-11,594.5,597.0,571.3,578.3,617.4500000000019,-0.06023445756546985,24.19741255390504,-0.7000000000000455,-8.5,0,1,0,0,0
2018-09-12,581.0,598.5,565.65,571.7,612.275000000002,0.3826807282021681,16.512420847540128,2.7000000000000455,-13.5,1,0,0,0,0
2018-09-14,571.5,585.65,568.0,581.9,608.7000000000019,0.5603409316178868,19.79410388394932,-0.20000000000004547,-9.5,0,0,0,0,0
