2016-08-29,245.0,252.65,244.6,250.5,247.85357142857137,-0.7826596420554102,59.619450317124745,-0.30000000000001137,-3.1999999999999886,1,1,1,1,1
2016-08-30,252.0,256.9,252.0,256.25,248.6321428571428,-0.752201563706023,64.36567164179101,1.5,7.0,1,1,1,1,1
2016-08-31,257.1,260.85,257.0,258.0,249.9642857142857,-0.3389597524638383,68.84057971014494,0.8500000000000227,5.100000000000023,1,1,1,1,1
2016-09-01,258.75,264.0,258.75,260.95,251.2678571428571,0.28885251207484847,65.94059405940592,0.75,1.6499999999999773,1,1,1,1,1
2016-09-02,262.5,264.3,260.25,261.3,252.3642857142857,0.651694390232465,65.04065040650408,1.5500000000000114,3.75,1,1,1,1,1
2016-09-06,262.7,273.9,262.7,272.7,254.0892857142857,0.8539494541618422,79.76710334788939,1.3999999999999773,0.19999999999998863,1,1,1,0,0
2016-09-07,274.0,283.75,272.15,278.15,256.27142857142854,0.9243667562691293,87.01986754966892,1.3000000000000114,11.300000000000011,0,0,0,0,0
2016-09-08,278.6,280.7,275.55,276.35,257.94642857142856,0.9428096650637079,86.90476190476205,0.4500000000000455,4.600000000000023,0,0,0,0,0
2016-09-09,274.55,276.0,270.1,274.1,259.3892857142857,0.9459682658971353,85.2140077821013,-1.8000000000000114,-4.050000000000011,0,0,0,0,0
2016-09-12,267.0,269.45,262.7,268.2,260.52857142857135,0.9021393454320041,76.75233644859813,-7.100000000000023,-7.550000000000011,1,1,0,1,1
2016-09-14,266.7,273.8,266.35,271.45,262.0464285714285,0.8745087917508957,75.64259485924114,-1.5,-0.30000000000001137,0,0,1,1,0
2016-09-15,271.7,273.75,268.2,270.6,263.6285714285714,0.8304722008195242,69.95827538247573,0.25,5.0,0,1,1,0,1
2016-09-16,271.75,275.6,266.3,267.35,265.08571428571423,0.7463034568905758,62.483311081441975,1.1499999999999773,0.05000000000001137,1,1,1,1,1
2016-09-19,268.0,272.4,267.8,271.6,266.96428571428567,0.6854987850660402,63.74193548387103,0.6499999999999773,-3.75,1,0,1,0,0
2016-09-20,271.9,274.2,269.35,272.1,268.5071428571428,0.5995779715262108,63.88174807197948,0.2999999999999545,3.8999999999999773,0,1,0,0,0
2016-09-21,272.8,273.0,266.95,269.9,269.4821428571428,0.44907155057504916,45.286195286195266,0.6999999999999886,0.9000000000000341,1,1,0,0,0
2016-09-22,276.0,277.9,272.3,275.5,270.7321428571428,0.3521696471385211,45.56113902847575,6.100000000000023,3.1999999999999886,0,0,0,0,0
2016-09-23,275.8,275.85,269.9,271.25,271.4678571428571,0.1181684297919422,42.10526315789472,0.30000000000001137,-0.19999999999998863,0,0,0,0,0
2016-09-26,268.5,268.7,261.8,262.55,271.5571428571428,-0.4808610953243752,35.0967741935484,-2.75,-7.300000000000011,0,0,0,0,0
2016-09-27,263.55,264.3,259.0,260.0,270.65,-0.5596972633437358,38.418079096045226,1.0,-4.949999999999989,1,0,0,0,0
2016-09-28,260.4,262.45,259.05,260.75,269.4071428571428,-0.4737185704477556,33.73860182370824,0.39999999999997726,-3.150000000000034,0,0,0,0,0
2016-09-29,263.0,263.5,243.3,250.35,267.54999999999995,-0.273430149605642,26.148409893992948,2.25,2.6000000000000227,1,1,1,1,1
2016-09-30,248.05,253.3,246.95,252.15,265.98214285714283,-0.07454088127688756,31.46341463414636,-2.299999999999983,-14.949999999999989,1,1,1,0,0
2016-10-03,251.0,256.9,250.1,256.15,265.12142857142857,0.04759211808738008,31.04294478527605,-1.1500000000000057,2.9499999999999886,1,0,0,0,0
2016-10-04,256.85,259.95,254.9,258.2,264.175,0.2679083703126564,33.56973995271866,0.7000000000000455,5.850000000000023,0,0,0,0,0
2016-10-05,259.95,260.6,254.6,255.45,263.0928571428571,0.48690681021473187,33.13885647607937,1.75,3.099999999999966,0,0,0,0,0
2016-10-06,257.0,257.05,249.2,251.25,261.9428571428571,0.6299133661442307,20.747889022919168,1.5500000000000114,-2.9499999999999886,0,0,0,0,1
2016-10-07,250.9,253.9,248.2,250.6,260.4428571428571,0.7243242718359811,22.72126816380448,-0.3499999999999943,-6.099999999999994,0,0,0,1,1
2016-10-10,251.9,253.2,249.15,250.1,258.87142857142857,0.7653343174175632,29.005059021922406,1.3000000000000114,1.0,0,0,1,1,1
2016-10-13,247.8,248.4,239.1,241.15,256.8178571428571,0.821886623639934,23.855755894590843,-2.299999999999983,-4.099999999999994,1,1,1,1,1
2016-10-14,241.2,243.0,239.7,241.75,254.40714285714284,0.8743434790344569,23.537604456824496,0.04999999999998295,-6.600000000000023,1,1,1,1,1
2016-10-17,246.0,259.9,245.55,258.75,253.5142857142857,0.6416265280498934,59.882352941176485,4.25,4.800000000000011,1,1,1,1,1
2016-10-18,259.55,271.4,259.5,270.35,254.07142857142853,0.174589593345819,67.3996175908222,0.8000000000000114,13.550000000000011,0,1,1,1,1
2016-10-19,271.35,271.7,263.25,265.05,254.43214285714285,-0.05038117269777664,58.30223880597018,1.0,11.800000000000011,1,1,1,1,1
2016-10-20,267.15,278.9,267.15,277.6,255.63571428571427,-0.28410178035588446,65.13260530421218,2.099999999999966,-4.2000000000000455,0,1,1,1,1
2016-10-21,276.25,280.05,274.1,277.4,257.5678571428571,-0.25789262006390157,67.83103168155967,-1.3500000000000227,9.100000000000023,1,1,1,1,0
2016-10-24,279.15,286.45,279.15,284.55,259.88214285714287,-0.13737393898994243,75.81395348837205,1.75,2.8999999999999773,1,0,0,0,0
2016-10-25,289.2,291.6,284.6,289.25,262.24642857142857,0.06005861120406444,78.1911013858497,4.649999999999977,10.050000000000011,0,0,0,0,0
2016-10-26,284.45,284.45,277.0,278.4,263.68928571428575,0.2060557627892002,67.93409378960706,-4.800000000000011,-4.75,1,0,0,0,0
2016-10-27,277.4,285.0,275.0,284.3,265.75000000000006,0.39995935738731786,78.44429795649302,-1.0,-7.050000000000011,0,0,0,0,0
2016-10-28,282.0,282.5,275.55,276.85,267.5785714285715,0.49664050214039873,71.22128174123334,-2.3000000000000114,4.600000000000023,1,0,0,0,0
2016-10-30,278.8,279.4,275.6,277.05,269.4678571428572,0.5371282800769543,63.88467374810316,1.9499999999999886,-3.1999999999999886,0,0,0,0,1
2016-11-01,279.45,279.75,274.5,275.35,271.2714285714286,0.5225798473447913,54.4642857142857,2.3999999999999773,0.6499999999999773,0,0,0,1,1
2016-11-02,270.0,273.25,268.75,271.9,273.4678571428572,0.44419226097599523,56.3250230840258,-5.350000000000023,-9.449999999999989,0,0,1,1,1
2016-11-03,272.0,276.4,268.4,269.75,275.4678571428572,0.20624704916323866,41.028571428571425,0.10000000000002274,2.0,1,1,1,1,1
2016-11-04,271.9,272.5,265.35,269.8,276.2571428571429,-0.13614110102348823,41.284403669724824,2.1499999999999773,-0.10000000000002274,1,1,1,1,1
2016-11-07,275.8,281.2,272.5,278.7,276.8535714285715,-0.2136860986072444,43.55016538037484,6.0,3.900000000000034,1,1,1,0,0
2016-11-08,285.8,287.45,278.25,283.2,278.1500000000001,-0.4261908539098073,43.3001107419712,7.100000000000023,10.0,0,1,0,0,0
2016-11-09,254.9,284.75,245.0,281.45,278.42500000000007,-0.4085420250468679,54.23023578363386,-28.299999999999983,-30.900000000000006,1,0,0,0,0
2016-11-10,288.5,298.4,286.7,292.6,279.51071428571436,-0.19218646385502305,60.04842615012108,7.050000000000011,33.599999999999994,0,0,0,0,0
2016-11-11,287.25,294.25,274.5,276.4,278.9285714285715,-0.12951036234744506,49.55044955044951,-5.350000000000023,-1.25,0,0,0,0,0
2016-11-15,277.0,280.8,266.15,269.75,277.53571428571433,0.03611640696393831,43.53982300884955,0.6000000000000227,-10.25,0,0,0,0,0
2016-11-16,276.6,278.2,264.2,266.2,276.66428571428577,0.00689087761825778,42.159383033419005,6.850000000000023,-0.39999999999997726,1,0,0,0,0
2016-11-17,267.95,270.65,264.0,267.65,275.475,0.2227090959079629,46.22892635314996,1.75,-8.650000000000034,0,0,0,0,0
2016-11-18,268.45,269.0,262.3,264.6,274.6000000000001,0.3472768296366997,45.50218340611356,0.8000000000000114,0.5,0,0,1,0,0
2016-11-21,266.2,267.0,254.85,261.2,273.4678571428572,0.5902418116331275,42.90429042904289,1.599999999999966,-2.25,1,1,0,0,0
2016-11-22,265.0,266.6,259.3,262.7,272.5642857142858,0.8040610933695659,34.9624060150376,3.8000000000000114,-1.1999999999999886,1,0,0,0,0
2016-11-23,264.1,265.85,260.5,264.95,272.0678571428572,0.8344839800936829,32.090284592738,1.400000000000034,-0.8999999999999773,0,0,0,0,1
2016-11-24,263.8,263.8,258.0,259.3,271.3214285714286,0.853572654287481,29.80856882406566,-1.1499999999999773,-0.30000000000001137,1,0,0,1,0
2016-11-25,262.4,262.4,257.05,260.1,270.6285714285715,0.8635126561329604,13.483146067415731,3.099999999999966,-1.400000000000034,0,0,1,0,0
2016-11-28,256.65,256.65,253.5,255.3,268.9571428571429,0.8795220208879917,18.126888217522676,-3.4500000000000455,-5.75,1,1,1,1,1
2016-11-29,255.5,259.4,254.3,255.45,266.9750000000001,0.870564244345315,23.12030075187964,0.19999999999998863,-1.1499999999999773,1,1,1,1,1
2016-11-30,257.45,266.5,255.95,265.55,265.83928571428584,0.7453103468662108,49.01960784313729,2.0,1.9499999999999886,0,0,0,0,0
2016-12-01,266.25,268.0,257.75,259.15,263.4500000000001,0.7327721220943701,38.84514435695539,0.6999999999999886,8.800000000000011,1,1,1,0,1
2016-12-02,258.0,264.6,255.85,259.5,262.24285714285725,0.6465834934627052,42.796610169491515,-1.1499999999999773,-8.25,1,1,0,1,1
2016-12-05,259.6,261.4,257.8,260.85,261.60714285714295,0.522931769977332,49.47526236881564,0.10000000000002274,1.6000000000000227,1,0,1,1,1
2016-12-06,262.25,262.65,259.55,261.0,261.2357142857144,0.41281217657309766,47.34375000000002,1.3999999999999773,2.6499999999999773,0,1,1,1,1
2016-12-07,262.8,264.4,251.0,258.7,260.59642857142865,0.31021072190231963,40.24960998439939,1.8000000000000114,0.5500000000000114,1,1,1,1,1
2016-12-08,260.55,263.4,258.4,262.75,260.46428571428584,0.09497893710271486,55.665024630541836,1.8500000000000227,-2.25,1,1,1,0,0
2016-12-09,263.95,269.8,263.0,268.45,260.98214285714295,-0.11079908040007774,61.81046676096174,1.1999999999999886,3.3999999999999773,0,0,0,0,0
2016-12-12,267.5,268.3,263.85,264.85,261.1357142857144,-0.24280742480563555,63.98243045387994,-0.9499999999999886,3.5500000000000114,0,0,0,0,0
2016-12-13,263.4,265.35,262.5,264.4,261.0964285714287,-0.4822278741150366,62.98984034833086,-1.4500000000000455,-4.100000000000023,0,0,0,0,0
2016-12-14,264.5,264.7,260.0,260.55,261.1857142857144,-0.4703815748589107,41.134751773049665,0.10000000000002274,1.1000000000000227,0,0,0,0,0
2016-12-15,258.7,261.7,257.75,260.3,261.20000000000016,-0.5177149443163269,52.607709750566976,-1.8500000000000227,-5.800000000000011,0,0,0,0,0
2016-12-16,260.0,260.0,254.85,255.6,261.2214285714287,-0.22853677204609646,42.61363636363635,-0.30000000000001137,1.3000000000000114,1,0,0,0,0
2016-12-19,255.4,258.95,254.75,257.1,261.33928571428584,0.16018827749364356,42.93785310734464,-0.19999999999998863,-4.599999999999994,0,0,0,0,0
2016-12-20,256.7,256.7,250.25,251.6,260.34285714285727,0.008301743899131965,35.26645768025081,-0.4000000000000341,1.299999999999983,1,1,1,0,1
2016-12-21,253.0,255.35,251.2,253.25,259.9214285714287,0.3294224023344026,41.28000000000003,1.4000000000000057,-3.6999999999999886,0,0,0,1,0
2016-12-22,252.7,254.8,250.65,252.95,259.45357142857154,0.5524342735493216,32.1818181818182,-0.5500000000000114,-0.30000000000001137,0,0,1,0,0
2016-12-23,252.95,254.75,250.15,251.85,258.81071428571437,0.6389891370623112,13.755458515283962,0.0,0.25,0,1,0,0,1
2016-12-26,252.25,252.45,247.1,248.15,257.8928571428572,0.728533214236449,13.695652173913132,0.4000000000000057,-0.6999999999999886,1,1,1,1,1
2016-12-27,249.0,254.35,246.7,253.55,257.52500000000015,0.6879261687798476,30.59033989266557,0.8499999999999943,-3.25,0,0,1,0,1
2016-12-28,254.0,254.8,251.05,251.75,256.7392857142858,0.6884107216056614,33.011583011583056,0.44999999999998863,5.0,0,1,1,1,0
2016-12-29,252.1,253.0,250.05,251.1,255.50000000000014,0.6998139475616404,32.50950570342208,0.3499999999999943,-1.9000000000000057,1,1,1,0,1
2016-12-30,252.0,257.5,251.35,255.3,254.8178571428573,0.5638120787590493,49.41860465116282,0.9000000000000057,-0.09999999999999432,0,0,0,1,1
2017-01-02,256.3,256.3,248.1,251.95,253.92857142857156,0.5323720189849575,40.68716094032547,1.0,4.300000000000011,1,0,1,1,1
2017-01-03,252.1,255.4,249.3,254.4,253.48928571428584,0.3647952122553399,55.69105691056911,0.15000000000000568,-4.200000000000017,0,1,1,1,1
2017-01-04,254.25,255.75,250.4,251.1,252.83214285714297,0.27711330251125876,45.904761904761905,-0.15000000000000568,2.1500000000000057,1,1,1,1,1
2017-01-05,253.2,258.5,252.2,257.25,252.9500000000001,-0.0571056458750249,56.69781931464174,2.0999999999999943,-1.0500000000000114,1,1,1,1,1
2017-01-06,258.25,261.4,257.2,258.15,253.02500000000012,-0.4580097142073168,59.87460815047017,1.0,5.050000000000011,1,1,1,1,1
2017-01-09,257.9,259.85,256.0,258.7,253.532142857143,-0.4904028279226698,68.34782608695643,-0.25,-0.35000000000002274,1,1,1,1,1
2017-01-10,260.0,261.9,258.3,260.2,254.02857142857152,-0.5395090462931124,63.380281690140755,1.3000000000000114,2.1000000000000227,1,1,1,1,1
2017-01-11,262.5,268.1,261.6,264.7,254.86785714285725,-0.4578150823259017,73.50272232304893,2.3000000000000114,2.5,1,1,1,1,1
2017-01-12,266.6,269.5,265.45,268.35,256.0464285714287,-0.19331122447889096,78.23240589198032,1.900000000000034,4.100000000000023,0,1,1,1,1
2017-01-13,270.0,270.0,264.8,268.05,257.46785714285727,0.25601530937571304,73.92120075046896,1.6499999999999773,3.3999999999999773,1,1,1,1,0
2017-01-16,267.4,270.85,264.8,269.3,258.59285714285727,0.563090315571216,85.33604887983702,-0.6500000000000341,-2.6000000000000227,0,0,1,0,0
2017-01-17,269.5,271.5,265.5,268.4,259.78214285714296,0.7498447257260233,80.43478260869549,0.19999999999998863,2.1000000000000227,1,1,0,0,0
2017-01-18,267.4,272.1,266.75,268.45,261.02142857142866,0.8237332502517704,93.92405063291119,-1.0,-2.1000000000000227,1,0,0,0,0
2017-01-19,268.8,270.7,266.2,269.7,262.05000000000007,0.8383971284436131,91.91919191919166,0.35000000000002274,1.400000000000034,0,0,0,0,1
2017-01-20,267.0,267.95,262.55,263.45,262.8714285714287,0.7561369349991709,63.11881188118809,-2.6999999999999886,-1.8000000000000114,0,0,0,1,1
2017-01-23,261.8,261.8,255.15,257.55,263.09642857142865,0.5287911106471419,47.74951076320945,-1.6499999999999773,-5.199999999999989,0,1,1,1,1
2017-01-24,258.55,258.55,255.65,257.15,263.5285714285715,0.23729203723629613,43.762781186094074,1.0,-3.25,1,1,1,1,1
2017-01-25,259.0,260.8,255.6,259.95,263.72142857142865,0.03592335093654792,39.56043956043962,1.8500000000000227,0.44999999999998863,1,1,1,1,1
2017-01-27,263.05,274.0,260.7,272.0,264.71071428571435,0.053793327525472695,55.8587479935794,3.1000000000000227,4.050000000000011,0,0,1,1,1
2017-01-30,273.0,275.6,269.7,270.8,265.5750000000001,0.01079234086876448,54.29017160686426,1.0,9.949999999999989,0,1,1,1,1
2017-01-31,268.8,274.0,266.45,268.95,266.2000000000001,-0.09211435218612092,49.46401225114851,-2.0,-4.199999999999989,1,1,1,1,1
2017-02-01,265.85,283.5,262.8,281.0,267.3642857142858,0.15927982789451473,64.38356164383563,-3.099999999999966,-2.9499999999999886,1,1,1,1,1
2017-02-02,282.0,287.5,280.55,285.8,268.61071428571444,0.44969625011823616,67.8681771369722,1.0,16.149999999999977,0,1,1,0,0
2017-02-03,284.95,284.95,278.8,281.55,269.57500000000016,0.6040069119237582,61.49369544131911,-0.8500000000000227,2.9499999999999886,1,1,1,1,1
2017-02-06,283.55,292.25,283.55,290.3,271.07500000000016,0.777534692583216,74.83811285846437,2.0,-1.3999999999999773,0,0,0,0,0
2017-02-07,288.0,292.7,285.3,288.1,272.482142857143,0.8602115779928183,80.33763654419063,-2.3000000000000114,4.449999999999989,0,0,0,0,0
2017-02-08,288.0,288.5,282.7,285.8,273.7214285714287,0.8843779889042168,77.41626794258374,-0.10000000000002274,0.0,0,0,0,0,0
2017-02-09,286.6,288.75,278.6,285.0,274.81428571428586,0.8888744491374522,74.92537313432834,0.8000000000000114,-1.3999999999999773,0,0,0,0,0
2017-02-10,285.6,286.15,280.1,281.6,276.1107142857145,0.8272826405481921,61.53846153846156,0.6000000000000227,-1.0,1,1,0,0,1
2017-02-13,282.5,284.1,279.55,281.65,277.832142857143,0.7429741764889521,63.41161928306548,0.8999999999999773,-3.1000000000000227,1,0,0,1,1
2017-02-14,283.0,285.9,281.3,284.65,279.7964285714287,0.6752306616348335,68.8701923076923,1.3500000000000227,0.5,0,0,0,0,1
2017-02-15,285.2,286.4,278.6,280.75,281.28214285714296,0.5084194686339346,49.62630792227205,0.5500000000000114,2.1999999999999886,0,1,1,1,1
2017-02-16,281.3,281.45,272.85,278.8,281.7678571428573,0.30294397893608366,38.562091503267936,0.5500000000000114,-3.8999999999999773,1,1,1,1,1
2017-02-17,279.7,286.1,275.85,283.0,282.63928571428585,0.11255700868592276,52.37315875613747,0.8999999999999773,-1.6000000000000227,0,1,1,1,0
2017-02-20,283.05,286.15,281.1,282.35,283.5964285714287,-0.40787711028487683,32.29398663697097,0.05000000000001137,3.3500000000000227,1,1,1,0,0
2017-02-21,283.0,285.8,281.2,284.8,283.8678571428573,-0.509132306631328,42.73127753303958,0.6499999999999773,-0.05000000000001137,1,0,0,0,0
2017-02-22,287.9,287.9,281.15,286.15,283.8928571428573,-0.37898022700573775,50.804597701149355,3.099999999999966,4.899999999999977,0,0,0,0,0
2017-02-23,284.7,288.75,282.05,284.5,284.10357142857157,-0.5255734563825414,48.893805309734496,-1.4499999999999886,-3.1999999999999886,0,0,0,0,0
2017-02-27,285.0,285.55,277.1,278.85,283.2857142857144,-0.39483543638043217,44.46680080482893,0.5,0.30000000000001137,0,1,0,0,0
2017-02-28,278.95,280.1,275.7,276.35,282.4464285714287,-0.23091734161338143,40.29304029304032,0.0999999999999659,-6.050000000000011,1,1,0,1,0
2017-03-01,277.6,280.95,277.25,279.1,281.96785714285727,-0.08084016124848897,39.741219963031455,1.25,-1.349999999999966,0,0,0,0,0
2017-03-02,282.05,284.5,277.0,278.65,281.51428571428585,0.1387587047726654,45.55084745762706,2.9499999999999886,4.449999999999989,0,0,0,0,0
2017-03-03,278.6,278.9,275.05,275.95,281.1107142857144,0.24598191177485793,44.14784394250507,-0.049999999999954525,-3.4499999999999886,1,1,0,0,0
2017-03-06,275.95,279.35,275.5,276.75,280.76071428571436,0.45655870777445073,35.08353221957036,0.0,-2.650000000000034,0,0,0,0,1
2017-03-07,277.0,279.25,275.0,276.0,280.1428571428572,0.8155226267296333,34.916864608075926,0.25,1.0500000000000114,0,0,0,1,1
2017-03-08,276.2,276.55,272.1,274.4,279.6892857142858,0.8757101808480994,24.257425742574156,0.19999999999998863,-0.8000000000000114,0,0,1,1,1
2017-03-09,274.0,275.95,272.6,273.5,279.31071428571437,0.8963086504887093,17.974683544303844,-0.39999999999997726,-2.1999999999999886,0,1,1,1,1
2017-03-10,275.15,276.5,269.4,270.55,278.4214285714287,0.9276984465444599,16.864608076009546,1.6499999999999773,1.1499999999999773,1,1,1,1,1
2017-03-14,281.1,288.2,281.1,287.25,278.77142857142866,0.5636352610444892,63.084112149532665,10.550000000000011,5.9500000000000455,0,0,0,0,0
2017-03-15,285.9,287.0,284.1,285.15,278.7964285714287,0.32347695227706297,63.880126182965206,-1.3500000000000227,4.7999999999999545,0,0,0,0,0
2017-03-16,286.55,287.45,282.45,284.5,278.6785714285715,0.05415172983152858,59.12162162162157,1.400000000000034,0.6500000000000341,0,0,0,0,0
2017-03-17,286.1,286.7,279.65,280.6,278.4000000000001,-0.19811240388393128,52.95007564296528,1.6000000000000227,-0.44999999999998863,0,0,0,0,0
2017-03-20,279.7,279.7,274.0,275.05,278.12857142857155,-0.16997460529563357,48.74651810584962,-0.9000000000000341,-6.400000000000034,0,0,0,0,0
2017-03-21,276.0,276.8,271.1,272.05,277.82142857142867,0.002519423653655069,43.83202099737534,0.9499999999999886,-3.6999999999999886,0,0,1,1,1
2017-03-22,267.9,268.75,264.5,265.0,276.81428571428586,0.2549063752344833,37.61261261261261,-4.150000000000034,-8.100000000000023,1,1,1,1,1
2017-03-23,266.5,268.25,264.8,266.95,275.97857142857157,0.4110110277603341,41.675977653631286,1.5,-1.3999999999999773,1,1,1,1,1
2017-03-24,269.65,276.85,269.65,274.75,275.89285714285734,0.42939577558213887,51.210067763794775,2.6999999999999886,3.1499999999999773,0,1,1,1,1
2017-03-27,280.0,280.0,272.2,273.15,275.63571428571447,0.45997821624845153,52.58449304174947,5.25,10.350000000000023,1,1,1,1,1
2017-03-28,277.0,277.55,275.1,277.0,275.707142857143,0.4335042079301307,36.31508678237652,3.8500000000000227,-3.0,1,1,0,1,1
2017-03-29,278.95,282.8,276.65,282.2,276.26428571428585,0.4017232607222224,46.3625154130703,1.9499999999999886,1.9499999999999886,0,0,1,1,0
2017-03-30,281.25,283.25,279.75,281.35,276.82500000000016,0.45750843673176544,46.1349693251534,-0.9499999999999886,2.3000000000000114,0,1,1,0,0
2017-03-31,280.35,282.9,275.7,276.85,277.27500000000015,0.5630482821212734,45.465538089480056,-1.0,-0.8999999999999773,1,1,1,1,1
2017-04-03,278.8,287.4,276.85,286.7,277.23571428571444,0.4520471074710019,62.76013143483021,1.9499999999999886,-1.5500000000000114,0,0,0,0,0
2017-04-05,286.5,286.5,282.9,284.85,277.2142857142859,0.3575934900250908,64.38202247191015,-0.19999999999998863,7.699999999999989,0,0,0,0,0
2017-04-06,281.9,283.7,279.25,280.85,276.9535714285716,0.2471007691149561,69.1194209891436,-2.9500000000000455,-4.600000000000023,0,0,1,0,1
2017-04-07,280.1,283.0,275.75,277.35,276.72142857142876,0.1922611848419207,62.09302325581402,-0.75,-1.7999999999999545,1,1,1,1,1
2017-04-10,278.4,279.0,276.1,277.65,276.907142857143,0.2734326917475253,54.084507042253506,1.0499999999999545,-1.7000000000000455,1,1,1,1,1
2017-04-11,278.3,284.25,276.75,283.65,277.73571428571444,0.5165708234188428,63.15789473684215,0.6500000000000341,-0.0999999999999659,0,0,0,0,0
2017-04-12,283.8,285.95,278.15,280.8,278.86428571428587,0.5767157700239515,54.88431876606688,0.1500000000000341,5.5,1,1,1,0,0
2017-04-13,280.3,285.8,279.4,282.8,279.99642857142874,0.5285796024772064,50.84033613445382,-0.5,-3.5,0,1,0,0,0
2017-04-17,283.0,285.7,280.5,282.4,280.5428571428573,0.45709353244646395,51.489361702127596,0.19999999999998863,2.6999999999999886,1,0,0,0,0
2017-04-18,283.4,291.6,282.55,283.4,281.27500000000015,0.3794345364038052,60.314960629921224,1.0,0.39999999999997726,0,0,0,0,0
2017-04-19,283.4,285.0,278.85,280.55,281.5285714285715,0.1831709684299431,37.575757575757564,0.0,0.0,0,0,0,0,0
2017-04-20,274.95,276.25,271.8,272.75,280.85357142857157,-0.06890919782472775,30.293159609120437,-5.600000000000023,-8.449999999999989,0,0,0,1,1
2017-04-21,272.65,273.8,267.0,269.15,279.98214285714295,-0.1668877976827725,30.69306930693058,-0.10000000000002274,-2.3000000000000114,0,1,1,1,1
2017-04-24,269.8,271.35,265.2,268.65,279.39642857142866,-0.22531196240565893,34.06593406593396,0.6500000000000341,-2.849999999999966,1,1,1,1,1
2017-04-25,272.0,273.3,270.0,272.5,278.3821428571429,-0.09688075098619782,41.6531604538088,3.3500000000000227,2.1999999999999886,1,1,1,1,1
2017-04-26,274.0,277.95,273.0,276.9,277.8142857142858,0.016875473691051655,38.46153846153846,1.5,2.0,0,1,0,0,1
2017-04-27,276.95,277.05,273.35,274.15,277.33571428571435,0.13371288284428146,38.593481989708366,0.05000000000001137,2.9499999999999886,1,1,0,1,1
2017-04-28,273.5,279.4,272.9,278.5,277.4178571428572,0.12073779500502643,43.17460317460317,-0.6499999999999773,-3.4499999999999886,0,0,1,1,1
2017-05-02,280.2,280.85,275.0,275.6,277.2714285714286,0.16117502668826847,40.000000000000064,1.6999999999999886,6.699999999999989,0,1,1,1,1
2017-05-03,275.9,277.05,271.25,272.75,276.4928571428572,0.3435393697906047,35.14644351464439,0.2999999999999545,-4.300000000000011,1,1,1,1,1
2017-05-04,291.6,299.75,283.85,297.8,277.7071428571429,0.061169595942596765,64.85788113695088,18.850000000000023,15.700000000000045,1,1,1,1,1
2017-05-05,300.0,301.75,294.45,298.55,278.8321428571429,0.014496013174190374,75.29411764705881,2.1999999999999886,8.399999999999977,1,1,1,1,0
2017-05-08,300.0,308.15,300.0,302.95,280.3,0.12633006930248913,82.62548262548263,1.4499999999999886,0.0,0,0,0,0,0
2017-05-09,304.3,305.35,298.4,300.6,281.5285714285714,0.2779005244292124,79.77632805219017,1.3500000000000227,4.300000000000011,0,0,0,1,1
2017-05-10,301.1,302.65,297.35,298.65,282.82142857142856,0.4450330375926275,75.26570048309176,0.5,-3.1999999999999886,1,0,1,1,1
2017-05-11,301.7,302.5,299.55,300.2,284.78214285714284,0.597358321253589,73.8241308793456,3.0500000000000114,0.5999999999999659,0,1,1,1,1
2017-05-12,300.0,300.55,293.3,296.55,286.7392857142857,0.6320862364617766,72.48995983935745,-0.19999999999998863,-1.6999999999999886,1,1,1,1,1
2017-05-15,299.5,303.5,298.2,301.8,289.10714285714283,0.681435475473998,72.97830374753454,2.9499999999999886,-0.5,1,1,1,1,1
2017-05-16,302.85,305.9,301.05,302.65,291.26071428571424,0.6885377068455463,77.80061664953747,1.0500000000000114,3.3500000000000227,1,1,1,1,1
2017-05-17,305.6,310.2,304.5,309.75,293.60714285714283,0.7240844603014535,84.97164461247638,2.9500000000000455,2.75,0,0,0,0,0
2017-05-18,304.7,312.85,304.7,307.95,296.0214285714286,0.7252549468839585,67.11635750421583,-5.050000000000011,-0.9000000000000341,0,0,0,0,1
2017-05-19,307.9,312.4,303.7,307.05,298.0607142857143,0.7046821998013219,64.26174496644298,-0.05000000000001137,3.1999999999999886,0,0,0,1,1
2017-05-22,309.55,311.55,302.2,303.85,300.0785714285715,0.6474541880575614,51.57342657342664,2.5,1.650000000000034,1,1,1,1,1
2017-05-23,303.15,309.75,302.8,306.05,302.4571428571429,0.7482495971654504,59.57820738137082,-0.7000000000000455,-6.400000000000034,1,1,1,1,1
2017-05-24,306.8,309.65,303.3,306.7,303.09285714285716,0.7338245568481218,64.82504604051573,0.75,3.650000000000034,1,1,1,1,1
2017-05-25,306.35,319.85,306.0,317.7,304.4607142857143,0.7372991846386274,73.90710382513667,-0.3499999999999659,-0.44999999999998863,1,0,1,1,1
2017-05-26,317.0,323.0,315.55,321.55,305.7892857142857,0.7993372950012356,83.96739130434787,-0.6999999999999886,10.649999999999977,0,0,1,0,0
2017-05-29,319.25,320.4,313.8,314.9,306.81071428571425,0.8263419682938906,67.1465968586387,-2.3000000000000114,2.25,1,1,1,1,1
2017-05-30,314.85,324.5,314.45,321.4,308.43571428571425,0.8388588964790863,71.37970353477763,-0.049999999999954525,-4.399999999999977,1,0,0,0,0
2017-05-31,323.0,327.4,318.65,326.45,310.31071428571425,0.8586687303963249,69.9760765550239,1.6000000000000227,8.149999999999977,0,0,0,0,0
2017-06-01,325.5,325.65,316.75,320.1,311.99285714285713,0.8320637307822839,63.1067961165049,-0.9499999999999886,2.5,0,0,0,1,1
2017-06-02,322.0,322.95,315.65,318.15,313.1607142857142,0.7977696480181465,61.708860759493625,1.8999999999999773,-3.5,1,1,1,1,1
2017-06-05,318.5,321.65,318.15,319.75,314.3821428571428,0.7588985596247967,67.35807860262004,0.35000000000002274,-3.5,0,1,1,1,0
2017-06-06,320.55,321.05,317.7,318.95,315.03928571428565,0.7718307524581218,64.52702702702697,0.8000000000000114,2.0500000000000114,1,1,1,0,0
2017-06-07,321.05,325.95,320.75,324.7,316.2357142857142,0.7881294724028198,68.18181818181814,2.1000000000000227,0.5,0,0,0,0,0
2017-06-08,325.9,327.0,319.5,320.2,317.1749999999999,0.7324674015023723,52.90697674418604,1.1999999999999886,4.849999999999966,1,0,0,0,0
2017-06-09,318.95,323.1,316.1,322.15,318.4821428571427,0.6482370091243136,50.72992700729923,-1.25,-6.949999999999989,0,0,0,0,0
2017-06-12,320.0,320.7,314.85,315.75,319.17499999999984,0.4008089106380875,51.04039167686662,-2.1499999999999773,1.0500000000000114,0,1,1,1,1
2017-06-13,315.05,318.7,313.9,314.85,319.75714285714275,-0.08784664935923198,40.70921985815609,-0.6999999999999886,-4.949999999999989,1,1,1,1,0
2017-06-14,319.1,322.4,315.4,319.05,319.85357142857134,-0.20795360097153057,39.24418604651166,4.25,4.050000000000011,0,0,1,0,0
2017-06-15,319.0,319.4,315.7,316.75,319.5107142857142,-0.21590816657753498,44.48105436573309,-0.05000000000001137,-0.10000000000002274,0,1,0,0,0
2017-06-16,318.45,319.25,315.65,316.5,319.62499999999994,-0.58261084482321,47.12041884816758,1.6999999999999886,-0.5500000000000114,1,0,0,0,0
2017-06-19,318.0,321.7,317.05,320.6,319.5678571428571,-0.562913350946821,51.36436597110758,1.5,-0.44999999999998863,0,0,0,0,0
2017-06-20,290.75,295.4,288.0,292.45,317.1392857142857,-0.10644297835338579,27.350427350427353,-29.850000000000023,-27.25,0,0,0,0,0
2017-06-21,292.0,292.65,289.55,291.1,315.0678571428571,0.16271626411156548,18.946395563770807,-0.44999999999998863,1.25,0,1,0,0,1
2017-06-22,291.5,293.35,288.25,289.6,313.02857142857147,0.47380896824186747,20.05870841487281,0.39999999999997726,-0.5,1,0,1,1,1
2017-06-23,289.55,293.55,284.6,291.85,311.03571428571433,0.6742040706654157,20.52529182879381,-0.05000000000001137,-1.9499999999999886,0,0,1,0,0
2017-06-27,293.0,293.1,283.45,287.9,308.8178571428572,0.7851606937938883,21.552604698672127,1.1499999999999773,3.4499999999999886,1,1,1,1,1
2017-06-28,288.75,293.3,288.75,290.35,306.3642857142858,0.825904357602278,25.742574257425787,0.8500000000000227,-4.25,1,0,0,0,1
2017-06-29,291.5,296.9,290.1,293.25,304.4392857142858,0.8040998614971328,23.780487804878092,1.1499999999999773,2.75,0,0,0,0,1
2017-06-30,292.0,292.0,287.5,290.15,302.1535714285715,0.7940977315737406,23.40000000000005,-1.25,0.5,0,0,1,1,0
2017-07-03,291.4,292.25,288.75,290.05,300.31785714285724,0.7696935202594551,23.470411233701157,1.25,-0.6000000000000227,0,1,1,0,1
2017-07-04,292.4,292.8,288.6,289.5,298.5071428571429,0.7398714495113891,16.41468682505402,2.349999999999966,1.0,1,1,1,1,1
2017-07-05,290.0,293.75,288.5,292.85,296.6357142857144,0.6664173837107787,50.93023255813961,0.5,-2.3999999999999773,1,0,0,0,0
2017-07-06,294.0,295.1,292.35,293.75,294.99285714285725,0.5600011613538697,56.29453681710206,1.1499999999999773,4.0,0,0,0,0,1
2017-07-07,293.5,293.5,289.2,289.7,293.07857142857154,0.4388128588973221,50.21186440677959,-0.25,-0.5,1,0,1,1,1
2017-07-10,305.15,305.15,290.0,291.45,290.9964285714287,-0.10176641579382034,49.134199134199065,15.449999999999989,11.649999999999977,0,1,1,1,1
2017-07-11,292.55,292.95,288.7,289.65,290.7964285714287,-0.14790431328678152,54.17661097852027,1.1000000000000227,-12.599999999999966,1,1,1,1,1
2017-07-12,289.7,294.6,288.6,292.35,290.8857142857144,-0.26280458673286394,54.71698113207547,0.05000000000001137,-2.8500000000000227,1,1,1,1,1
2017-07-13,295.6,299.5,295.05,297.9,291.47857142857157,-0.33491099382767014,59.74842767295592,3.25,5.900000000000034,1,1,1,1,1
2017-07-14,299.4,299.4,294.5,298.25,291.9357142857145,-0.4684856933510557,69.19431279620856,1.5,3.7999999999999545,1,1,1,1,1
2017-07-17,300.0,304.55,298.8,303.5,293.0500000000002,-0.3510907819939591,75.61904761904754,1.75,0.6000000000000227,1,0,0,0,0
2017-07-18,301.75,306.0,301.5,303.9,294.0178571428573,-0.2916201486654751,77.58620689655166,-1.75,1.75,0,0,0,0,1
2017-07-19,303.0,304.9,301.4,302.25,294.6607142857144,-0.2967638041436854,69.26229508196718,-0.8999999999999773,1.25,0,0,1,1,1
2017-07-20,302.0,303.85,299.75,300.6,295.407142857143,-0.15144848319561077,63.61829025844936,-0.25,-1.0,1,1,1,1,1
2017-07-21,299.5,303.9,296.2,302.05,296.2642857142859,0.11581021896915386,77.38359201773847,-1.1000000000000227,-2.5,1,1,1,1,0
2017-07-24,302.2,306.6,301.6,303.05,297.23214285714306,0.48559238422161316,76.60550458715608,0.14999999999997726,2.6999999999999886,1,1,1,0,0
2017-07-25,306.8,306.8,301.8,304.15,298.0392857142859,0.6817708640766464,84.36018957345986,3.75,4.600000000000023,1,1,0,0,0
2017-07-26,306.8,311.0,304.55,310.35,299.2250000000002,0.8096756419608561,86.58536585365867,2.650000000000034,0.0,0,0,0,0,0
2017-07-27,314.45,314.45,305.35,307.2,300.4750000000002,0.8594446226422336,70.94594594594598,4.099999999999966,7.649999999999977,0,0,0,0,0
2017-07-28,304.0,304.0,293.85,296.15,300.8107142857144,0.619976741799848,46.80851063829784,-3.1999999999999886,-10.449999999999989,1,1,1,0,1
2017-07-31,298.85,306.45,296.25,302.6,301.7357142857145,0.501065721675532,48.68035190615839,2.7000000000000455,-5.149999999999977,0,0,0,0,0
2017-08-01,303.9,305.2,301.4,302.6,302.4678571428573,0.3177613219813719,48.07121661721075,1.2999999999999545,5.0499999999999545,0,0,0,0,0
2017-08-02,302.2,304.45,299.7,301.85,302.7500000000003,0.14693296313766124,49.39024390243906,-0.4000000000000341,-1.6999999999999886,0,0,0,0,0
2017-08-03,301.35,301.5,294.55,295.7,302.5678571428574,-0.20996978472335212,43.43163538873992,-0.5,-0.8499999999999659,1,1,0,0,0
2017-08-04,295.0,297.5,293.9,296.25,302.05000000000024,-0.2850763539515075,42.03296703296705,-0.6999999999999886,-6.350000000000023,1,0,0,0,0
2017-08-07,297.25,303.0,296.7,300.15,301.7821428571431,-0.27260220870769075,46.31043256997452,1.0,2.25,0,0,0,0,0
2017-08-08,299.8,301.55,293.85,295.5,301.30000000000024,-0.3227677660194637,39.90665110851815,-0.3499999999999659,2.5500000000000114,0,0,0,0,0
2017-08-09,294.4,294.4,289.85,290.6,300.5857142857145,-0.35396398329635964,26.233453670276816,-1.1000000000000227,-5.400000000000034,0,0,1,1,1
2017-08-10,289.0,293.4,261.55,288.75,299.6357142857145,-0.22324816729171243,27.080745341614957,-1.6000000000000227,-5.399999999999977,0,1,1,1,1
2017-08-11,283.95,289.65,280.3,286.95,298.4857142857145,0.08972514815974472,35.1612903225807,-4.800000000000011,-5.050000000000011,1,1,1,1,1
2017-08-14,287.55,292.85,287.55,291.8,297.6035714285717,0.34762557139302025,31.632653061224488,0.6000000000000227,3.6000000000000227,1,1,1,1,1
2017-08-16,291.7,295.8,287.3,294.95,296.50357142857166,0.5339790928872091,38.248847926267224,-0.10000000000002274,4.149999999999977,0,0,0,0,1
2017-08-17,297.85,297.85,291.3,293.15,295.50000000000017,0.5970648450283303,37.05357142857137,2.900000000000034,6.150000000000034,0,1,1,1,1
2017-08-18,292.0,294.35,290.8,293.15,295.2857142857145,0.5761408982902939,45.35519125683058,-1.1499999999999773,-5.850000000000023,1,1,1,1,1
2017-08-21,295.25,299.75,292.25,293.5,294.63571428571447,0.5242545746466766,44.95412844036698,2.1000000000000227,3.25,1,1,1,1,1
2017-08-22,297.0,297.35,292.15,293.95,294.0178571428573,0.410986176474813,36.97478991596641,3.5,1.75,1,1,1,1,1
2017-08-23,296.0,299.2,295.3,298.6,293.7857142857144,0.07459759398417112,56.51260504201683,2.0500000000000114,-1.0,0,1,1,1,0
2017-08-24,300.0,300.15,296.65,297.7,293.92857142857156,-0.08519777228069639,67.92929292929273,1.3999999999999773,4.0,1,1,1,1,1
2017-08-28,299.7,302.25,298.1,300.9,294.2607142857144,-0.27827459455218956,78.72340425531897,2.0,-0.30000000000001137,0,0,0,0,0
2017-08-29,300.0,302.8,298.1,299.5,294.21428571428584,-0.6242796680727317,80.24096385542163,-0.8999999999999773,0.30000000000001137,1,0,0,0,0
2017-08-30,301.8,302.3,299.4,300.3,294.557142857143,-0.7931546021960123,75.44910179640712,2.3000000000000114,1.8000000000000114,0,0,0,0,0
2017-08-31,300.9,300.9,297.0,298.05,295.08928571428584,-0.8144315464402542,59.81012658227851,0.5999999999999659,-0.9000000000000341,1,0,0,0,0
2017-09-01,299.7,299.7,297.15,298.3,295.7714285714287,-0.7420279483689903,68.07017543859654,1.6499999999999773,-1.1999999999999886,0,0,0,0,0
2017-09-04,299.9,300.0,294.5,297.1,296.49642857142874,-0.49837941217173654,62.78317152103571,1.599999999999966,0.19999999999998863,1,0,0,0,0
2017-09-05,296.7,299.0,296.7,297.6,296.9107142857145,-0.2298273305857772,63.14102564102569,-0.4000000000000341,-3.1999999999999886,0,0,0,0,0
2017-09-06,294.9,296.0,294.3,295.35,296.939285714286,-0.22381303527381297,54.022988505747215,-2.7000000000000455,-1.8000000000000114,0,0,0,0,0
2017-09-07,295.55,298.5,292.1,292.65,296.90357142857164,-0.3469792552560407,30.74433656957919,0.19999999999998863,0.6500000000000341,0,0,0,0,1
2017-09-08,294.8,294.8,290.05,292.0,296.82142857142884,-0.46956646062057944,31.25000000000003,2.150000000000034,-0.75,0,0,0,1,0
2017-09-11,293.0,293.7,289.05,290.8,296.6285714285717,-0.5959384609618904,11.742424242424335,1.0,-1.8000000000000114,1,1,1,1,1
2017-09-12,292.65,293.4,290.5,291.2,296.4321428571431,-0.727472274036211,15.983606557376973,1.849999999999966,-0.35000000000002274,1,1,1,1,1
2017-09-13,292.1,293.25,291.2,292.0,295.9607142857145,-0.7054028672369317,15.983606557376973,0.9000000000000341,-0.5499999999999545,1,0,1,1,0
2017-09-14,291.7,295.6,291.7,293.7,295.67500000000024,-0.7097542552719955,31.330472103004155,-0.30000000000001137,-0.4000000000000341,0,0,1,0,0
2017-09-15,294.45,295.55,290.95,291.6,295.0107142857146,-0.4997946686307076,25.185185185185134,0.75,2.75,1,1,0,0,0
2017-09-18,293.9,294.4,292.15,293.0,294.54642857142886,-0.2646638929677105,35.036496350364814,2.2999999999999545,-0.5500000000000114,1,0,0,0,0
2017-09-19,291.9,295.5,289.6,294.65,294.1428571428574,-0.053934618917730145,40.06734006733985,-1.1000000000000227,-2.0,0,0,0,0,0
2017-09-20,292.0,292.85,289.6,290.55,293.6071428571431,0.24515891564434183,35.628742514969915,-2.6499999999999773,0.10000000000002274,0,0,0,0,0
2017-09-21,289.45,290.4,283.65,284.95,292.65357142857164,0.5979720870210686,30.357142857142733,-1.1000000000000227,-2.5500000000000114,0,0,0,0,0
2017-09-22,283.6,283.95,275.75,277.1,291.22500000000025,0.783082259153082,22.201492537313314,-1.349999999999966,-5.849999999999966,1,1,0,0,0
2017-09-25,278.95,280.7,275.55,279.5,289.9321428571431,0.8409006499290628,29.821428571428427,1.849999999999966,-4.650000000000034,1,0,0,0,0
2017-09-26,279.5,284.0,276.75,282.75,289.03214285714307,0.8271619258212743,36.30470016207451,0.0,0.5500000000000114,0,0,0,0,0
2017-09-27,284.75,284.75,275.4,276.4,287.8714285714288,0.8725119869471548,28.571428571428456,2.0,5.25,0,1,1,0,0
2017-09-28,275.95,277.8,269.15,275.95,286.72500000000025,0.8985686607123551,24.751066856329913,-0.44999999999998863,-8.800000000000011,1,1,1,0,0
2017-09-29,277.45,281.65,275.75,276.6,285.7107142857145,0.9107435019801133,27.74480712166168,1.5,1.5,1,0,0,0,0
2017-10-03,279.5,280.7,275.15,278.4,284.7964285714288,0.8954847422103032,28.59237536656883,2.8999999999999773,2.0500000000000114,0,0,0,0,0
2017-10-04,279.25,279.4,275.1,276.1,283.66071428571456,0.8860118055201113,23.309352517985587,0.8500000000000227,-0.25,0,0,0,0,0
2017-10-05,276.0,277.4,271.1,271.8,282.0964285714289,0.8878177714218405,23.175965665236006,-0.10000000000002274,-3.25,1,0,0,0,0
2017-10-06,272.15,274.45,270.55,271.95,280.6928571428574,0.8805363622801404,27.966101694915167,0.3499999999999659,-3.8500000000000227,0,0,0,0,0
2017-10-09,273.35,276.3,271.25,271.75,279.1750000000003,0.8640085211332036,37.7574370709381,1.400000000000034,1.2000000000000455,0,0,0,0,1
2017-10-10,271.85,273.0,269.15,269.8,277.4000000000003,0.8794671634275336,27.336448598130787,0.10000000000002274,-1.5,0,0,1,1,1
2017-10-11,271.1,272.0,266.2,267.6,275.7607142857146,0.908032011532443,12.776412776412656,1.3000000000000114,-0.75,0,1,1,1,0
2017-10-12,267.6,267.95,264.05,267.55,274.51785714285745,0.9116982024287605,18.5053380782917,0.0,-3.5,1,1,1,0,0
2017-10-13,267.6,274.65,267.6,271.3,274.1035714285718,0.9109627404493231,36.59942363112391,0.05000000000001137,0.0,1,1,0,0,0
2017-10-16,274.6,276.0,270.35,274.25,273.72857142857174,0.8120295096836747,44.02035623409659,3.3000000000000114,7.0,0,0,0,0,0
2017-10-17,274.75,276.55,273.2,273.9,273.0964285714289,0.6865065932710047,37.637362637362585,0.5,0.14999999999997726,0,0,0,0,1
2017-10-18,268.4,268.4,262.25,263.15,272.15000000000026,0.7082344060535707,25.70356472795487,-5.5,-6.350000000000023,0,0,1,1,1
2017-10-19,259.6,261.0,256.6,257.85,270.8571428571432,0.7296119119414606,24.773960216998134,-3.5499999999999545,-8.799999999999955,1,1,1,1,1
2017-10-23,258.35,264.45,256.5,262.55,269.85357142857174,0.7430956763450829,35.40372670807453,0.5,-1.25,1,1,1,1,1
2017-10-24,263.25,268.15,255.0,266.55,269.00714285714315,0.6670172014056542,42.77777777777778,0.6999999999999886,4.899999999999977,1,1,1,1,1
2017-10-25,293.2,310.8,284.35,305.7,271.1214285714289,0.023661294064910583,74.52185792349728,26.649999999999977,29.94999999999999,0,0,0,0,1
2017-10-26,299.8,314.65,295.0,299.25,273.08214285714314,-0.02492410610730376,70.43253712072305,-5.899999999999977,6.600000000000023,1,1,1,1,1
2017-10-27,291.9,305.45,285.5,301.15,275.16785714285743,0.0710593200043475,71.18537200504414,-7.350000000000023,-7.900000000000034,0,0,1,1,1
2017-10-30,298.6,308.45,295.25,300.55,277.2250000000003,0.2828664065612143,69.20551543007227,-2.5499999999999545,6.7000000000000455,0,1,1,1,1
2017-10-31,300.25,303.25,298.3,300.1,279.389285714286,0.49258399858358315,67.54921928038021,-0.30000000000001137,1.6499999999999773,1,1,1,1,1
2017-11-01,303.0,318.95,302.4,313.4,282.66071428571456,0.6766844443825716,72.80600461893769,2.8999999999999773,2.75,1,1,1,0,0
2017-11-02,313.45,320.4,311.4,316.65,286.16785714285743,0.7581342548722307,83.81795195954497,0.05000000000001137,10.449999999999989,0,0,0,0,0
2017-11-03,317.8,318.65,314.05,315.9,289.3535714285717,0.7817923094290402,88.933601609658,1.150000000000034,4.350000000000023,1,0,0,0,1
2017-11-06,314.8,320.25,311.65,316.1,292.34285714285744,0.7852641358808128,88.2226980728052,-1.099999999999966,-3.0,0,0,0,1,0
2017-11-07,317.1,317.95,309.35,312.45,295.0964285714289,0.7632939292039332,82.92682926829269,1.0,2.3000000000000114,0,0,1,1,1
2017-11-08,312.0,314.0,303.9,305.5,298.1214285714289,0.703881155443531,49.73333333333335,-0.44999999999998863,-5.100000000000023,1,1,1,1,1
2017-11-09,306.8,314.8,306.8,311.3,301.93928571428603,0.668225288701081,66.35006784260518,1.3000000000000114,-5.199999999999989,1,1,1,1,1
2017-11-10,312.5,324.2,311.05,318.5,305.9357142857146,0.6614303144909457,70.58125741399766,1.1999999999999886,5.699999999999989,0,0,0,1,1
2017-11-13,317.0,321.8,313.0,314.25,309.34285714285744,0.6780468021041172,64.95633187772924,-1.5,4.5,0,1,1,1,1
2017-11-14,313.3,317.1,309.8,314.1,309.94285714285746,0.6801025513396658,65.38461538461539,-0.9499999999999886,-3.6999999999999886,1,1,1,1,1
2017-11-15,312.95,319.6,312.65,315.5,311.10357142857174,0.6278021033483665,53.12500000000003,-1.150000000000034,-0.35000000000002274,1,1,1,1,1
2017-11-16,316.15,320.0,316.0,318.95,312.37500000000034,0.593046053965664,53.402366863905335,0.6499999999999773,3.1999999999999886,1,0,1,0,1
2017-11-17,324.0,332.35,323.8,325.1,314.1285714285718,0.5574688913724707,61.73469387755106,5.050000000000011,7.850000000000023,0,0,0,0,0
2017-11-20,323.35,323.9,317.2,318.55,315.4464285714289,0.399134797324256,52.6893523600439,-1.75,-0.6499999999999773,1,1,1,0,0
2017-11-21,318.75,322.2,317.55,319.9,315.9107142857146,0.43756557981597083,58.612716763005785,0.19999999999998863,-4.600000000000023,0,0,0,0,0
2017-11-22,319.4,322.1,318.05,318.9,316.0714285714289,0.5553501372293115,67.96246648793564,-0.5,0.6499999999999773,1,0,0,0,0
2017-11-23,319.75,320.5,315.2,319.45,316.32500000000033,0.6624348628951844,62.7145085803432,0.8500000000000227,0.35000000000002274,0,0,0,0,0
2017-11-24,319.9,321.05,315.95,317.2,316.40357142857175,0.7707778830245985,47.601476014760124,0.44999999999998863,0.14999999999997726,0,0,0,0,0
2017-11-27,315.05,318.6,313.5,317.0,316.72857142857174,0.7833693014891417,55.9652928416486,-2.1499999999999773,-4.849999999999966,0,0,0,0,0
2017-11-28,313.1,315.35,311.75,313.2,317.27857142857175,0.44909718948283156,48.314606741572966,-3.8999999999999773,-1.9499999999999886,1,0,0,0,0
2017-11-29,312.6,316.3,312.3,314.85,317.5321428571432,0.09232642699460754,48.79406307977741,-0.5999999999999659,-0.5,0,0,0,0,0
2017-11-30,314.95,315.8,306.25,307.55,316.75000000000034,0.006598838161181352,31.493506493506572,0.0999999999999659,2.349999999999966,0,0,0,0,0
2017-12-01,309.7,309.95,304.4,305.25,316.1071428571432,-0.15688688926279268,13.172541743970342,2.1499999999999773,-5.25,0,0,0,1,1
2017-12-04,307.25,307.5,302.3,304.25,315.40357142857175,-0.23951988862081008,16.588785046729,2.0,-2.4499999999999886,1,0,1,1,1
2017-12-05,304.8,307.6,303.7,305.25,314.67142857142886,-0.19272366725295986,15.201900237529856,0.5500000000000114,-2.4499999999999886,0,1,1,1,1
2017-12-06,303.8,305.0,298.15,299.5,313.2821428571432,0.27074280545372104,12.403100775193934,-1.4499999999999886,-1.0,1,1,1,1,1
2017-12-07,301.5,306.75,300.2,305.8,311.90357142857175,0.5634550514564004,28.36767036450088,2.0,-2.3000000000000114,1,1,1,0,0
2017-12-08,307.25,311.9,307.0,310.75,311.3464285714289,0.49270326794012154,40.58394160583945,1.4499999999999886,5.75,1,0,0,0,0
2017-12-11,311.0,312.25,308.25,311.45,310.7428571428574,0.4039980443188461,42.014388489208635,0.25,3.75,0,0,0,0,0
2017-12-12,312.05,312.35,306.3,307.6,309.93571428571465,0.3889744034793748,41.9540229885058,0.6000000000000227,1.0500000000000114,0,0,0,1,1
2017-12-13,308.0,308.4,300.2,302.95,308.7571428571432,0.4404579268476505,34.259259259259224,0.39999999999997726,-4.050000000000011,1,1,1,1,1
2017-12-14,303.85,306.0,301.35,304.35,307.8392857142861,0.43239293920461125,44.9843260188088,0.9000000000000341,-4.149999999999977,0,1,1,1,1
2017-12-15,310.4,310.7,302.55,303.15,306.85000000000036,0.412620796983915,46.590909090909065,6.0499999999999545,6.5499999999999545,1,1,1,1,1
2017-12-18,298.0,312.3,287.0,308.9,306.5428571428575,0.2044376262463125,56.54008438818561,-5.149999999999977,-12.399999999999977,1,1,1,1,1
2017-12-19,309.2,314.8,308.5,313.7,306.4607142857146,-0.26150017302585005,60.73697585768738,0.30000000000001137,11.199999999999989,1,1,1,1,0
2017-12-20,314.1,317.85,311.5,315.8,307.0500000000003,-0.42613417781647944,72.82913165266102,0.4000000000000341,4.900000000000034,0,1,1,0,0
2017-12-21,315.4,316.55,312.1,315.45,307.77857142857175,-0.46209508817016537,66.21848739495789,-0.4000000000000341,1.2999999999999545,1,1,0,0,0
2017-12-22,315.0,319.2,313.8,316.6,308.6607142857146,-0.42070987573138385,61.271676300578015,-0.44999999999998863,-0.39999999999997726,1,0,0,0,0
2017-12-26,316.25,319.0,313.2,318.15,309.58214285714314,-0.32707929618455445,62.499999999999915,-0.35000000000002274,1.25,0,0,0,0,0
2017-12-27,315.95,317.9,312.1,312.8,310.5321428571432,-0.031890178040982736,59.1872791519434,-2.1999999999999886,-0.30000000000001137,1,1,0,0,1
2017-12-28,312.8,319.2,310.5,315.3,311.2107142857146,0.18904452385018916,73.6137667304015,0.0,-3.1499999999999773,0,0,0,0,0
2017-12-29,313.9,315.75,312.5,314.0,311.44285714285746,0.2573673323494056,68.52207293666018,-1.400000000000034,1.099999999999966,0,0,1,1,0
2018-01-01,314.0,314.0,309.1,310.3,311.3607142857146,0.22541809125612694,62.521891418563975,0.0,0.10000000000002274,0,1,1,1,1
2018-01-02,310.95,311.7,307.5,309.7,311.5107142857146,0.21108743958301027,51.70940170940173,0.6499999999999773,-3.0500000000000114,1,1,1,1,1
2018-01-03,312.5,316.35,312.5,315.0,312.3714285714289,0.2707778004820866,52.71966527196655,2.8000000000000114,1.5500000000000114,0,0,0,0,0
2018-01-04,314.95,315.65,311.5,314.7,313.11071428571455,0.23679362865000542,47.51131221719452,-0.05000000000001137,2.4499999999999886,0,0,0,0,0
2018-01-05,314.45,315.15,311.6,312.9,313.8071428571431,-0.05901446612461954,44.58598726114647,-0.25,-0.5,1,0,0,0,1
2018-01-08,313.5,318.2,312.6,314.15,314.1821428571431,-0.33227165545979637,44.82029598308658,0.6000000000000227,-0.9499999999999886,0,0,0,1,1
2018-01-09,314.8,315.8,310.75,312.6,314.10357142857174,-0.450308430083797,38.26638477801278,0.6500000000000341,1.3000000000000114,0,0,1,1,1
2018-01-10,312.55,312.95,310.55,312.0,313.83214285714314,-0.44733547881839236,47.88359788359785,-0.05000000000001137,-2.25,0,1,1,1,1
2018-01-11,312.5,312.5,308.55,309.5,313.4071428571432,-0.4567921603696501,34.65608465608466,0.5,-0.05000000000001137,1,1,1,1,1
2018-01-12,309.6,318.8,309.6,317.7,313.48571428571455,-0.19083599751566338,57.17054263565889,0.10000000000002274,-2.8999999999999773,1,1,1,1,1
2018-01-15,320.8,330.7,320.25,329.3,314.2821428571432,0.35081999775526573,78.18991097922844,3.1000000000000227,11.199999999999989,1,1,1,1,1
2018-01-16,329.75,340.75,326.55,334.1,315.80357142857173,0.6099444071527872,82.18997361477574,0.44999999999998863,8.949999999999989,1,1,1,1,1
2018-01-17,334.05,344.2,334.05,343.25,317.8000000000003,0.8268053273016053,83.83233532934132,-0.05000000000001137,4.300000000000011,1,1,1,1,1
2018-01-18,350.0,353.2,343.0,346.15,320.0964285714289,0.9013942067889584,85.456595264938,6.75,15.949999999999989,1,1,1,1,1
2018-01-19,347.45,355.0,340.8,353.6,323.18928571428603,0.9253832717321128,90.70000000000005,1.3000000000000114,-2.5500000000000114,0,1,0,1,1
2018-01-22,352.4,352.9,344.8,351.5,326.1750000000003,0.9044881855623578,86.72566371681417,-1.2000000000000455,4.949999999999989,1,1,1,1,1
2018-01-23,350.45,364.45,350.45,362.3,329.55357142857173,0.9191310700484514,91.34775374376034,-1.0500000000000114,-1.9499999999999886,0,0,0,0,0
2018-01-24,357.75,359.2,351.8,352.75,332.2714285714289,0.8822362881334664,79.507603186097,-4.550000000000011,7.300000000000011,1,1,1,1,0
2018-01-25,352.5,364.8,350.7,360.8,335.6928571428575,0.8799541310342738,84.38337801608576,-0.25,-5.25,0,0,0,0,0
2018-01-29,360.0,365.7,355.6,357.65,338.80000000000035,0.8588109032239212,78.7203450754852,-0.8000000000000114,7.5,0,0,0,0,0
2018-01-30,356.8,356.8,350.5,353.25,341.70357142857176,0.8159242907929943,69.20609462710502,-0.8499999999999659,-3.1999999999999886,0,0,0,0,0
2018-01-31,348.85,353.95,343.6,352.95,344.6285714285718,0.7683828595393031,66.29213483146063,-4.399999999999977,-7.949999999999989,0,0,0,0,0
2018-02-01,347.55,355.9,343.8,346.2,347.25000000000034,0.663822442356174,52.6600541027953,-5.399999999999977,-1.3000000000000114,0,0,0,0,0
2018-02-02,342.55,343.7,333.7,335.1,348.49285714285753,0.34333341940850476,41.31971720345645,-3.6499999999999773,-5.0,0,0,0,0,0
2018-02-05,327.6,334.25,327.05,329.7,348.5214285714289,-0.0765913426246353,30.60064935064935,-7.5,-14.949999999999989,1,1,1,0,0
2018-02-06,315.25,337.95,313.0,330.7,348.27857142857175,-0.4169649613222777,32.80991735537191,-14.449999999999989,-12.350000000000023,1,1,0,0,0
2018-02-07,335.35,336.4,329.9,332.55,347.514285714286,-0.59329534988787,21.144519883608183,4.650000000000034,20.100000000000023,1,0,0,0,0
2018-02-08,332.55,338.4,329.5,333.85,346.63571428571464,-0.7248636465973568,28.175519630485056,0.0,-2.8000000000000114,0,0,0,0,0
2018-02-09,325.0,328.65,322.65,326.75,344.7178571428575,-0.7397252839894989,9.799291617473486,-8.850000000000023,-7.550000000000011,0,0,1,0,0
2018-02-12,328.85,329.2,323.25,326.25,342.91428571428605,-0.7560724870237125,10.453400503778411,2.1000000000000227,3.8500000000000227,0,1,0,0,0
2018-02-14,327.0,327.0,316.55,318.95,339.81785714285746,-0.5240296439429059,9.741784037558745,0.75,-1.8500000000000227,1,1,1,0,1
2018-02-15,322.15,331.8,322.15,328.65,338.0964285714289,-0.34895899601638386,26.634615384615387,3.1999999999999886,-4.850000000000023,0,0,0,0,0
2018-02-16,330.35,334.0,318.8,321.05,335.25714285714315,0.09273172497588933,26.20624408703881,1.7000000000000455,8.200000000000045,0,0,0,0,1
2018-02-19,329.5,329.6,315.2,319.75,332.5500000000003,0.44310222331275007,32.1718931475029,8.449999999999989,-0.8500000000000227,0,0,0,1,1
2018-02-20,320.5,324.2,316.3,317.25,329.97857142857174,0.6524806415020578,34.49564134495644,0.75,-9.0,1,1,1,1,1
2018-02-21,319.0,320.7,315.7,319.2,327.56785714285746,0.7896324421414013,36.00973236009733,1.75,-1.5,0,1,1,1,0
2018-02-22,317.0,319.3,313.95,318.35,325.57857142857176,0.881161671352244,32.29426433915212,-2.1999999999999886,-2.0,1,1,1,0,0
2018-02-23,319.05,324.05,318.35,322.75,324.6964285714289,0.8232314134907238,37.15277777777773,0.6999999999999886,2.0500000000000114,1,0,0,0,0
2018-02-26,325.0,327.8,323.15,327.05,324.5071428571432,0.6932437114069339,50.371287128712886,2.25,5.949999999999989,0,0,0,0,0
2018-02-27,327.0,327.05,319.65,322.15,323.8964285714289,0.6410556075483331,45.42410714285711,-0.05000000000001137,2.0,0,0,0,0,0
2018-02-28,315.15,317.0,311.1,313.25,322.51785714285745,0.6226914359019059,43.85775862068966,-7.0,-11.850000000000023,0,0,0,0,0
2018-03-01,312.65,314.0,304.25,304.95,320.4535714285717,0.5793278886927833,23.666666666666657,-0.6000000000000227,-2.5,0,0,0,0,0
2018-03-05,304.45,306.5,299.3,303.35,318.7821428571432,0.6197884316898132,27.307692307692292,-0.5,-8.199999999999989,0,0,0,0,0
2018-03-06,307.4,307.7,294.2,295.05,316.55357142857173,0.6731379546196028,23.152173913043455,4.0499999999999545,2.9499999999999886,0,1,0,1,1
2018-03-07,293.3,293.8,285.35,286.7,314.25000000000034,0.8012008099851338,20.540019286403066,-1.75,-14.099999999999966,1,1,1,1,1
2018-03-08,290.25,298.0,289.25,296.95,311.9857142857146,0.8084705234099959,31.504571903574387,3.5500000000000114,-3.0500000000000114,0,1,1,1,1
2018-03-09,299.0,299.5,290.7,292.7,309.9607142857146,0.8565241429350562,29.819040125885095,2.0500000000000114,8.75,1,1,1,1,1
2018-03-12,295.6,301.9,293.75,300.65,308.5964285714289,0.8397442705560569,33.53204172876303,2.900000000000034,-3.3999999999999773,1,1,1,0,0
2018-03-13,300.1,307.0,299.6,304.35,307.6750000000003,0.7942823346380994,32.93233082706769,-0.5499999999999545,4.5,1,0,0,0,0
2018-03-14,303.15,307.45,297.8,306.05,306.7357142857146,0.7137279516711914,37.28278041074253,-1.2000000000000455,3.0499999999999545,0,0,0,0,0
2018-03-15,305.75,305.75,300.4,301.45,305.52857142857175,0.6645352246222646,39.99999999999999,-0.30000000000001137,2.6000000000000227,0,0,0,0,0
2018-03-16,301.25,301.85,297.4,298.1,303.76785714285745,0.605098699323741,43.663274745605946,-0.19999999999998863,-4.5,0,0,0,0,0
2018-03-19,298.1,300.0,291.25,294.55,301.4464285714289,0.5210547369775351,42.14285714285714,0.0,-3.1499999999999773,0,0,0,0,0
2018-03-20,293.0,297.2,290.25,292.0,299.2928571428575,0.409575320105126,46.96517412935322,-1.5500000000000114,-5.100000000000023,0,0,0,0,0
2018-03-21,295.0,295.05,287.35,289.2,297.57500000000033,0.3288331277879472,52.79642058165547,3.0,2.0,0,0,0,0,0
2018-03-22,289.5,289.65,280.9,283.25,296.0250000000004,0.3935365018031363,33.04455445544558,0.30000000000001137,-5.5,0,0,1,0,0
2018-03-23,277.1,277.85,273.55,275.55,294.03928571428605,0.49680730121640987,30.444697833523406,-6.149999999999977,-12.399999999999977,1,1,1,0,0
2018-03-26,276.1,283.15,275.95,281.65,293.08214285714314,0.6171218665775426,27.38095238095238,0.5500000000000114,-1.0,1,0,0,0,0
2018-03-27,284.5,287.3,281.4,283.9,292.88214285714315,0.8274872484265462,24.784217016029515,2.8500000000000227,8.399999999999977,0,0,0,0,0
2018-03-28,283.0,283.3,277.1,278.35,291.55357142857173,0.8849465861753301,18.80630630630627,-0.8999999999999773,-1.5,0,0,0,1,1
2018-04-02,273.0,273.85,258.8,261.85,289.35000000000036,0.9441319453280264,14.831261101243314,-5.350000000000023,-10.0,1,1,1,1,1
2018-04-03,261.4,271.5,261.4,270.05,287.1642857142861,0.9575060437789858,27.064595257563326,-0.4500000000000455,-11.600000000000023,0,1,1,1,1
2018-04-04,267.25,273.3,265.5,268.65,284.6142857142861,0.9506980039410551,28.05084745762707,-2.8000000000000114,5.850000000000023,1,1,1,1,1
2018-04-05,267.8,280.0,267.7,278.65,282.65714285714324,0.8655903790178913,39.95485327313767,-0.8499999999999659,0.5500000000000114,1,1,1,1,1
2018-04-06,278.4,282.95,277.0,280.65,281.1714285714289,0.7370367577566569,43.488194973343475,-0.25,10.599999999999966,1,1,1,1,1
2018-04-09,277.75,283.45,274.35,280.85,279.9392857142861,0.5751126145667534,47.99666110183641,-2.8999999999999773,-0.6499999999999773,1,1,1,1,1
2018-04-10,279.45,294.45,279.05,288.8,279.5285714285718,0.267266827473507,61.014131338320865,-1.400000000000034,1.6999999999999886,0,0,0,0,1
2018-04-11,287.75,287.9,282.35,284.55,278.99642857142896,0.012206336966744278,52.48713550600346,-1.0500000000000114,8.300000000000011,1,1,1,1,1
2018-04-12,285.3,289.9,283.55,286.75,278.82142857142895,-0.26646686915155693,52.44635193133048,0.75,-2.4499999999999886,1,1,1,1,1
2018-04-13,288.0,291.1,285.8,288.25,279.17857142857184,-0.44381340952739573,59.13284132841326,1.25,2.6999999999999886,0,1,1,1,0
2018-04-16,285.0,288.95,284.1,287.6,280.0392857142861,-0.4646900076103661,83.57235984354627,-3.25,-3.0,1,1,1,0,0
2018-04-17,287.6,293.25,286.8,291.75,280.7607142857147,-0.5660427097639228,81.63265306122446,0.0,2.6000000000000227,0,0,0,0,0
2018-04-18,293.7,294.9,289.0,290.05,281.2000000000004,-0.7474996779177897,80.92485549132957,1.9499999999999886,6.099999999999966,0,0,0,0,0
2018-04-19,291.0,291.0,287.3,289.6,282.0035714285718,-0.8656076226099353,71.85628742514983,0.9499999999999886,-2.6999999999999886,0,0,0,0,0
2018-04-20,289.25,290.15,279.7,282.15,283.4535714285718,-0.7561050003708399,52.459016393442624,-0.35000000000002274,-1.75,0,1,0,0,1
2018-04-23,280.0,282.8,275.25,279.4,284.12142857142896,-0.649401156398783,47.80635400907708,-2.1499999999999773,-9.25,1,0,0,1,1
2018-04-24,279.35,286.6,279.35,284.1,285.2250000000004,-0.4288698469335668,42.11409395973157,-0.049999999999954525,-0.6499999999999773,0,0,1,1,0
2018-04-25,284.05,285.65,276.85,278.9,285.24285714285753,-0.5118608489063929,40.813008130081265,-0.05000000000001137,4.699999999999989,0,1,1,0,1
2018-04-26,279.8,280.4,275.35,278.85,285.1142857142861,-0.620654357430782,36.18881118881124,0.9000000000000341,-4.25,1,1,0,1,1
2018-04-27,277.4,291.7,276.0,287.9,285.61785714285753,-0.5967096819588484,49.51590594744119,-1.4500000000000455,-2.400000000000034,0,0,0,0,1
2018-04-30,288.95,291.0,282.3,284.2,285.2892857142861,-0.5667407912376146,45.663265306122405,1.0500000000000114,11.550000000000011,0,0,0,1,1
2018-05-02,283.65,283.75,275.55,276.9,284.74285714285753,-0.6469333066927739,32.46753246753245,-0.5500000000000114,-5.300000000000011,1,1,1,1,1
2018-05-03,277.3,283.65,277.3,281.9,284.3964285714289,-0.6812264140391499,41.07338444687839,0.4000000000000341,-6.349999999999966,1,1,1,1,1
2018-05-04,280.45,285.6,278.35,282.85,284.01071428571464,-0.6804062537564811,42.68689057421453,-1.4499999999999886,3.1499999999999773,1,1,1,1,1
2018-05-07,284.0,293.0,282.85,289.8,284.16785714285754,-0.6356508123683776,58.37897042716323,1.1499999999999773,3.5500000000000114,1,1,1,1,1
2018-05-08,302.0,314.5,300.0,309.3,285.4214285714289,-0.05720697476003807,73.95833333333334,12.199999999999989,18.0,0,0,1,1,0
2018-05-09,305.0,309.8,304.25,306.8,286.61785714285753,0.34631651335212965,68.85382059800664,-4.300000000000011,3.0,1,1,1,1,0
2018-05-10,308.45,312.9,305.7,306.85,287.8500000000004,0.6907872968218691,75.38601271571305,1.6499999999999773,3.4499999999999886,1,1,1,0,0
2018-05-11,307.95,311.85,307.55,310.95,289.90714285714324,0.7592551526682776,77.15736040609136,1.099999999999966,-0.5,0,0,0,0,0
2018-05-14,310.0,311.0,305.15,310.1,292.1000000000004,0.7481582259463361,71.80746561886056,-0.9499999999999886,2.0500000000000114,0,0,0,0,0
2018-05-15,310.7,317.5,305.05,308.25,293.82500000000033,0.731448050748653,74.5158002038736,0.5999999999999659,0.6999999999999886,0,0,0,0,0
2018-05-16,303.9,304.9,295.3,297.25,295.13571428571464,0.6185203633603873,69.28909952606637,-4.350000000000023,-6.800000000000011,0,0,0,0,0
2018-05-17,299.0,299.95,294.05,296.0,296.3607142857146,0.5066174486674788,64.38775510204084,1.75,-4.899999999999977,0,0,0,0,1
2018-05-18,294.15,295.3,284.6,286.1,296.23214285714323,0.3264351235166503,52.804141501294225,-1.8500000000000227,-4.850000000000023,1,1,1,1,1
2018-05-21,289.5,293.0,287.75,289.3,296.596428571429,0.18944128975099964,49.53874538745387,3.3999999999999773,-4.649999999999977,1,1,1,1,1
2018-05-22,289.5,293.85,286.85,290.3,297.5535714285719,-0.013623748391232048,23.38935574229687,0.19999999999998863,0.0,1,1,1,1,0
2018-05-23,288.85,298.4,288.8,292.05,298.2785714285719,-0.23391450006946168,28.898426323318986,-1.4499999999999886,-0.6499999999999773,1,1,1,0,0
2018-05-24,293.7,299.0,291.2,297.7,299.3392857142862,-0.49909254366143335,38.71763255240437,1.6499999999999773,4.849999999999966,0,1,0,0,0
2018-05-25,298.4,300.95,294.6,295.65,299.75714285714326,-0.7680775459208872,30.129870129870085,0.6999999999999886,4.699999999999989,1,0,0,0,0
2018-05-28,293.75,302.3,293.35,299.25,299.0392857142861,-0.7123801348038031,36.84848484848482,-1.8999999999999773,-4.649999999999977,0,0,0,0,0
2018-05-29,298.75,298.75,288.3,289.9,297.8321428571432,-0.7121739384348816,31.179487179487154,-0.5,5.0,0,0,0,0,0
2018-05-30,285.9,288.15,282.75,284.9,296.264285714286,-0.6412485163873904,35.55555555555553,-4.0,-12.850000000000023,1,1,1,0,0
2018-05-31,285.0,288.95,279.3,285.8,294.4678571428575,-0.34716391191164264,37.971698113207566,0.10000000000002274,-0.8999999999999773,1,1,0,0,1
2018-06-01,295.0,299.95,286.85,289.3,292.9821428571432,0.07621183810261455,54.44444444444442,9.199999999999989,10.0,0,0,0,1,0
2018-06-04,293.3,293.3,285.55,286.75,291.4464285714289,0.5627821409006437,46.393210749646386,4.0,-1.6999999999999886,0,0,1,1,0
2018-06-05,288.0,288.0,283.1,284.1,290.5071428571432,0.722014598993121,41.62162162162165,1.25,-5.300000000000011,0,1,1,1,1
2018-06-06,285.7,286.9,281.1,283.9,289.64285714285745,0.7822143637970359,38.504936530324386,1.599999999999966,-2.3000000000000114,1,1,1,1,1
2018-06-07,287.5,293.05,287.15,290.9,289.9857142857146,0.7143899650362184,40.76086956521741,3.6000000000000227,1.8000000000000114,0,0,0,0,0
2018-06-08,290.1,290.9,285.5,288.25,289.9107142857146,0.707088364176378,40.10695187165781,-0.7999999999999545,2.6000000000000227,0,0,1,0,0
2018-06-11,285.4,290.35,283.2,286.4,289.63214285714315,0.7273464089339386,31.977559607293145,-2.8500000000000227,-4.7000000000000455,1,1,0,0,1
2018-06-12,288.55,289.15,285.25,287.4,289.30000000000024,0.7198717458897497,45.42124542124543,2.150000000000034,3.150000000000034,1,0,0,1,1
2018-06-13,289.0,292.9,286.4,290.75,288.8035714285717,0.58193197176404,61.40350877192983,1.6000000000000227,0.44999999999998863,0,0,1,1,1
2018-06-14,290.85,290.85,284.1,284.75,288.02500000000026,0.4974850350196082,48.29268292682925,0.10000000000002274,1.8500000000000227,0,1,1,1,1
2018-06-15,287.2,288.5,280.0,282.5,286.8285714285717,0.24403522912838102,38.47457627118644,2.4499999999999886,-3.650000000000034,1,1,1,1,1
2018-06-18,284.0,294.2,283.4,293.0,287.0500000000003,-0.152824032043483,58.34445927903871,1.5,-3.1999999999999886,0,1,1,1,0
2018-06-19,295.5,295.5,288.35,292.8,287.614285714286,-0.15331027232590083,62.428571428571395,2.5,11.5,1,1,1,0,0
2018-06-20,292.6,294.6,291.0,293.2,288.1428571428574,-0.14133087060877955,63.210227272727295,-0.19999999999998863,-2.8999999999999773,1,1,0,0,0
2018-06-21,294.8,300.35,294.55,297.95,288.7607142857145,-0.2332213082379504,60.69802731411231,1.6000000000000227,2.1999999999999886,1,0,0,0,0
2018-06-22,298.2,302.7,295.65,300.65,289.75357142857166,-0.02656064625982796,68.78787878787875,0.25,3.3999999999999773,0,0,0,0,0
2018-06-25,299.8,300.5,288.8,289.7,290.15357142857164,0.09578982955578542,53.91923990498814,-0.8499999999999659,1.6000000000000227,0,0,0,0,0
2018-06-26,287.55,289.1,284.7,288.1,290.4535714285716,0.11566358504835685,50.819672131147605,-2.1499999999999773,-12.25,0,0,0,0,0
2018-06-27,287.9,287.9,274.0,279.05,289.607142857143,-0.0030884304700735583,37.913223140495866,-0.20000000000004547,0.3499999999999659,0,0,0,0,0
2018-06-28,278.0,278.4,269.8,271.4,288.4035714285716,0.06895489817765751,36.66333666333663,-1.0500000000000114,-9.899999999999977,1,1,1,1,1
2018-06-29,272.0,276.0,269.6,275.4,287.6178571428573,0.18376530241756833,43.14671814671812,0.6000000000000227,-6.0,1,0,0,0,0
2018-07-02,274.0,279.9,271.0,277.4,286.9035714285716,0.28078928906745665,31.98614318706693,-1.3999999999999773,2.0,0,0,0,0,0
2018-07-03,275.9,276.8,272.2,272.9,285.62857142857155,0.4186004328230733,29.09663865546213,-1.5,1.8999999999999773,1,0,0,0,1
2018-07-04,274.2,274.85,271.0,273.25,284.807142857143,0.511903663178591,29.022082018927463,1.3000000000000114,-1.6999999999999886,0,0,0,1,0
2018-07-05,273.0,275.5,270.75,271.55,284.02500000000015,0.5870536782463494,20.337078651685417,-0.25,-1.1999999999999886,0,0,1,0,1
2018-07-06,271.1,271.95,267.05,270.05,282.38571428571447,0.6770990213228572,14.665127020785263,-0.44999999999998863,-1.8999999999999773,1,1,0,1,0
2018-07-09,273.9,274.7,270.0,271.2,280.84285714285727,0.6979346082268739,22.388059701492523,3.849999999999966,2.7999999999999545,1,0,1,0,0
2018-07-10,272.0,275.95,271.9,273.4,279.42857142857156,0.6708836894582682,28.44574780058646,0.8000000000000114,-1.8999999999999773,0,0,0,0,0
2018-07-11,274.55,274.9,267.5,268.75,277.34285714285727,0.692930012173733,32.659932659932636,1.150000000000034,2.5500000000000114,1,0,0,0,0
2018-07-12,270.4,273.7,269.05,272.3,275.3178571428573,0.6861045651530824,51.757812500000064,1.6499999999999773,-4.150000000000034,0,0,0,0,0
2018-07-13,273.0,273.3,266.05,267.75,273.75000000000017,0.6999290495283735,35.372848948374795,0.6999999999999886,2.6000000000000227,0,0,0,0,0
2018-07-16,265.3,266.6,256.5,259.25,271.6892857142859,0.7873590168581008,22.205206738131707,-2.4499999999999886,-7.699999999999989,1,1,1,1,0
2018-07-17,260.25,267.5,260.0,266.45,270.7892857142859,0.7644478854455689,40.876944837340886,1.0,-5.050000000000011,0,0,0,0,0
2018-07-18,266.0,267.35,261.0,262.7,270.1678571428573,0.8440139305016626,36.387096774193516,-0.44999999999998863,5.75,0,1,0,0,0
2018-07-19,263.95,264.35,259.4,261.2,269.1535714285716,0.857043617388334,36.57587548638128,1.25,-2.0500000000000114,1,0,0,0,0
2018-07-20,261.8,267.7,261.8,265.8,268.32500000000016,0.8116606325452946,44.897959183673464,0.6000000000000227,-2.1499999999999773,0,0,0,0,0
