2016-10-25,102.3,103.6,100.8,102.85,98.14642857142853,0.8524862965059287,82.9629629629629,0.5499999999999972,0.29999999999999716,1,1,1,1,1
2016-10-26,104.25,107.45,101.75,104.75,98.93214285714282,0.8687623107539025,85.90163934426226,1.4000000000000057,1.9500000000000028,1,1,1,1,0
2016-10-27,104.75,107.95,103.25,105.65,99.58214285714283,0.8916522651404912,93.95973154362413,0.0,0.5,1,1,1,0,0
2016-10-28,105.7,107.45,105.6,106.95,100.44285714285711,0.9026255846920674,90.47619047619042,0.04999999999999716,0.9500000000000028,1,1,0,0,0
2016-10-30,107.9,108.3,107.5,107.8,101.43214285714282,0.9109647507625657,95.91836734693872,0.9500000000000028,2.200000000000003,0,0,0,0,0
2016-11-01,108.15,109.15,106.9,107.75,102.4285714285714,0.9162371338323886,94.3037974683544,0.3500000000000085,0.25,0,0,0,0,0
2016-11-02,106.15,106.6,103.8,104.3,103.26785714285711,0.9015892216410143,64.2201834862385,-1.5999999999999943,-2.0,0,0,0,0,0
2016-11-03,104.0,105.75,102.15,103.05,103.53571428571425,0.7777227181390255,55.60344827586205,-0.29999999999999716,-2.1500000000000057,0,1,1,0,0
2016-11-04,103.65,103.75,98.7,101.1,103.69999999999996,0.5191995292415367,46.007604562737605,0.6000000000000085,-0.3499999999999943,1,1,0,0,0
2016-11-07,102.8,105.0,102.65,103.25,103.87857142857139,0.37955443208986744,55.033557046979865,1.7000000000000028,-0.8500000000000085,1,0,0,0,0
2016-11-08,104.5,104.75,102.2,103.85,104.0678571428571,0.2468188393592597,53.47222222222222,1.25,1.7000000000000028,0,0,0,0,0
2016-11-09,94.05,101.95,92.2,100.55,103.9821428571428,-0.020518232473071104,36.70886075949365,-9.799999999999997,-10.450000000000003,0,0,0,0,0
2016-11-10,103.0,104.35,100.0,100.45,103.86071428571424,-0.23497911143192957,32.66666666666664,2.450000000000003,8.950000000000003,0,0,0,0,0
2016-11-11,99.0,100.1,94.1,94.7,103.3571428571428,-0.41550421781124686,18.508997429305893,-1.4500000000000028,-4.0,0,0,0,0,0
2016-11-15,94.0,94.35,81.55,84.75,102.06428571428567,-0.24717588657685327,9.632224168126086,-0.7000000000000028,-5.0,0,1,1,0,0
2016-11-16,86.3,88.7,82.45,84.15,100.59285714285711,0.07739341101806571,9.450171821305858,1.5499999999999972,-7.700000000000003,1,1,0,0,1
2016-11-17,84.6,87.75,84.05,85.25,99.13571428571424,0.45049264151094703,14.392523364485967,0.44999999999998863,-1.7000000000000028,1,0,0,0,0
2016-11-18,86.4,87.7,84.65,86.6,97.68214285714281,0.6698955343913754,19.366852886405923,1.1500000000000057,1.8000000000000114,0,0,0,0,1
2016-11-21,87.85,87.85,82.25,82.75,95.8928571428571,0.7947055025465569,18.08695652173911,1.25,1.4499999999999886,1,1,1,1,1
2016-11-22,83.6,84.8,81.8,84.0,94.19642857142853,0.8242916177031867,15.439856373429052,0.8499999999999943,-4.25,1,0,1,1,1
2016-11-23,84.85,85.7,83.6,85.15,92.8285714285714,0.8031002845192293,17.077464788732385,0.8499999999999943,1.25,0,1,1,1,1
2016-11-24,84.5,85.3,82.4,82.9,91.38928571428569,0.7980965842939777,17.733089579524673,-0.6500000000000057,-0.3499999999999943,1,1,1,1,1
2016-11-25,83.8,89.0,83.0,88.65,90.49999999999999,0.7190021923987499,32.12121212121211,0.8999999999999915,-0.7000000000000028,0,0,1,0,0
2016-11-28,88.15,88.75,86.8,87.2,89.35357142857141,0.6515338303949154,36.93379790940766,-0.5,4.3500000000000085,1,1,1,0,0
2016-11-29,87.7,90.5,87.5,88.25,88.23928571428571,0.5372392185774226,58.83838383838384,0.5,-0.45000000000000284,1,0,0,0,0
2016-11-30,89.0,90.15,88.0,89.35,87.4392857142857,0.338791057764774,62.807881773399004,0.75,1.2999999999999972,0,0,0,0,0
2016-12-01,89.85,90.0,86.8,87.4,86.50714285714285,-0.008040814095011574,55.08274231678489,0.5,0.8499999999999943,0,0,0,0,1
2016-12-02,86.8,86.95,83.75,83.95,85.73928571428571,-0.45083041176855815,44.30107526881722,-0.6000000000000085,-3.049999999999997,1,1,1,1,1
2016-12-05,83.35,85.95,83.15,85.45,85.78928571428571,-0.4029756324779861,56.45933014354068,-0.6000000000000085,-3.450000000000003,1,1,1,1,1
2016-12-06,86.0,86.9,85.7,86.1,85.92857142857142,-0.3374214817355516,55.17241379310343,0.5499999999999972,2.6500000000000057,0,1,1,1,0
2016-12-07,86.25,86.95,84.6,85.55,85.94999999999997,-0.3118463051636733,51.01522842639592,0.15000000000000568,0.25,1,1,1,1,0
2016-12-08,86.2,88.2,86.2,88.05,86.05357142857142,-0.475342071938078,62.90726817042606,0.6500000000000057,-0.04999999999999716,1,0,0,0,0
2016-12-09,88.0,90.0,87.25,89.15,86.51071428571427,-0.34244744939500765,51.63398692810458,-0.04999999999999716,1.7999999999999972,0,0,0,0,0
2016-12-12,88.7,88.8,86.0,86.6,86.69642857142856,-0.17800508497255071,48.170731707317046,-0.45000000000000284,0.7000000000000028,0,0,0,0,0
2016-12-13,86.15,86.5,85.1,85.9,86.74999999999999,-0.03485798623115037,42.67912772585671,-0.44999999999998863,-2.549999999999997,0,1,1,0,0
2016-12-14,86.35,86.65,85.15,85.4,86.92857142857142,0.5106323265247174,37.21682847896442,0.44999999999998863,0.19999999999998863,1,1,0,0,0
2016-12-15,84.0,87.2,84.0,86.45,86.77142857142856,0.4358503023052789,46.73539518900343,-1.4000000000000057,-2.3499999999999943,0,0,0,0,0
2016-12-16,86.3,87.05,85.45,85.95,86.68214285714284,0.5467320708237963,58.62068965517242,-0.15000000000000568,2.299999999999997,0,0,0,0,0
2016-12-19,86.0,86.05,84.55,84.95,86.44642857142856,0.48230491014873306,47.747747747747745,0.04999999999999716,-0.29999999999999716,0,0,0,0,0
2016-12-20,84.95,85.35,81.1,82.5,85.95714285714284,0.3481018485399922,36.04651162790701,0.0,-1.0499999999999972,0,1,1,0,1
2016-12-21,82.9,83.7,81.7,82.25,85.5892857142857,0.47864425296498075,36.904761904761926,0.4000000000000057,-2.049999999999997,1,1,0,1,1
2016-12-22,82.0,83.5,81.4,83.05,85.52499999999998,0.5226251889752392,27.064220183486242,-0.25,-0.9000000000000057,1,0,1,1,1
2016-12-23,83.15,85.4,82.5,84.35,85.44642857142854,0.5504840358331854,28.378378378378315,0.10000000000000853,1.1500000000000057,0,0,0,1,1
2016-12-26,83.55,83.9,81.45,81.75,85.13571428571426,0.6728132637009638,28.25112107623316,-0.7999999999999972,0.3999999999999915,1,1,1,1,1
2016-12-27,82.0,84.2,80.95,84.0,85.02499999999998,0.6609626519696241,42.519685039370046,0.25,-1.5499999999999972,0,1,1,1,1
2016-12-28,84.4,85.85,83.4,83.8,84.72142857142855,0.6951136595387822,43.54838709677416,0.4000000000000057,2.4000000000000057,1,1,1,1,1
2016-12-29,83.85,85.25,82.85,84.75,84.40714285714283,0.6250170598450734,43.089430894308926,0.04999999999999716,-0.5500000000000114,1,1,1,1,1
2016-12-30,85.6,88.7,85.6,87.6,84.4785714285714,0.24786185926312893,55.631399317406114,0.8499999999999943,1.75,1,1,1,1,1
2017-01-02,88.25,89.0,87.15,88.35,84.65357142857138,-0.011996528752333481,61.80555555555553,0.6500000000000057,2.6500000000000057,1,1,1,1,1
2017-01-03,88.6,89.7,88.05,89.0,84.91071428571423,-0.15071168649637667,75.79365079365081,0.25,0.3499999999999943,1,1,1,1,1
2017-01-04,89.3,92.45,89.1,91.35,85.26071428571423,-0.23723162864281586,80.95238095238096,0.29999999999999716,0.7000000000000028,1,1,1,1,1
2017-01-05,92.45,94.1,91.7,93.35,85.78928571428564,-0.09616552332684461,82.38993710691824,1.1000000000000085,3.1500000000000057,0,1,1,1,1
2017-01-06,93.8,94.8,92.35,92.85,86.35357142857136,0.20727106036175358,78.14569536423842,0.45000000000000284,1.3499999999999943,1,1,1,1,1
2017-01-09,93.1,96.1,92.65,95.7,87.29642857142849,0.5834068930072154,95.43973941368077,0.25,-0.7000000000000028,1,1,1,0,0
2017-01-10,96.75,97.25,95.5,96.4,88.3071428571428,0.7390448396934629,94.92753623188405,1.0499999999999972,3.6500000000000057,1,0,0,0,1
2017-01-11,97.0,97.45,96.2,96.6,89.27499999999993,0.8016170843893242,96.37681159420289,0.5999999999999943,0.25,0,0,0,1,1
2017-01-12,96.8,97.35,95.35,95.85,90.0964285714285,0.808722728102117,90.80882352941177,0.20000000000000284,-0.20000000000000284,0,0,1,1,1
2017-01-13,96.3,96.5,94.15,94.75,91.02499999999993,0.8039355185045582,80.16877637130806,0.45000000000000284,-0.5,1,1,1,1,0
2017-01-16,94.7,96.25,94.1,95.45,91.84285714285707,0.7954070782943624,80.0847457627119,-0.04999999999999716,-1.5999999999999943,1,1,1,0,0
2017-01-17,96.2,97.4,95.7,96.75,92.76785714285708,0.8114930718334561,81.1244979919679,0.75,1.5,1,1,0,0,1
2017-01-18,97.0,97.8,96.4,96.9,93.63571428571423,0.8226467843912877,77.07317073170738,0.25,0.7999999999999972,1,0,0,1,1
2017-01-19,97.0,97.9,95.9,97.05,94.31071428571423,0.8121845230585822,72.02380952380956,0.09999999999999432,0.0,0,0,1,1,1
2017-01-20,96.9,97.0,93.95,94.2,94.72857142857139,0.6899830614429409,56.27906976744191,-0.14999999999999147,-0.09999999999999432,1,1,1,1,1
2017-01-23,94.7,95.25,93.2,94.35,95.11071428571424,0.5217193772132438,41.61490683229805,0.5,-2.200000000000003,1,1,1,1,1
2017-01-24,95.1,99.2,94.55,98.15,95.59642857142853,0.4729711622780733,57.84753363228701,0.75,0.3999999999999915,1,1,1,0,1
2017-01-25,99.5,101.9,98.45,101.0,96.14285714285711,0.49465608539197364,65.94202898550728,1.3499999999999943,4.400000000000006,1,0,0,1,1
2017-01-27,101.95,102.2,100.2,101.1,96.73214285714282,0.4792046104268022,69.96197718631183,0.9500000000000028,2.450000000000003,0,0,1,1,1
2017-01-30,101.1,101.3,99.4,100.15,97.04999999999997,0.554917626561065,70.76923076923083,0.0,-0.8500000000000085,0,1,1,1,1
2017-01-31,100.0,100.4,97.2,97.55,97.13214285714282,0.5783135296294893,57.0469798657718,-0.15000000000000568,-1.0999999999999943,1,1,1,1,1
2017-02-01,98.5,103.75,97.2,103.0,97.58928571428568,0.6953495838315873,66.40419947506564,0.9500000000000028,-1.5,0,1,1,1,1
2017-02-02,103.0,104.25,101.0,102.55,98.06785714285711,0.7660373435114359,64.59948320413437,0.0,4.5,1,1,1,1,1
2017-02-03,102.8,105.35,102.55,104.7,98.7785714285714,0.7987022978170849,67.91569086651056,0.25,-0.20000000000000284,0,0,1,1,1
2017-02-06,105.0,105.8,104.25,104.65,99.43571428571427,0.8370805356255862,78.16711590296498,0.29999999999999716,2.200000000000003,0,1,1,1,1
2017-02-07,103.5,105.25,102.65,103.75,99.93571428571427,0.8673656269118045,74.35233160621762,-1.1500000000000057,-1.5,1,1,1,1,1
2017-02-08,103.95,109.4,103.7,108.3,100.74999999999997,0.9105526191154169,75.31172069825435,0.20000000000000284,0.45000000000000284,0,1,1,1,1
2017-02-09,108.95,109.8,104.55,107.1,101.46785714285711,0.9216291695209743,66.57608695652172,0.6500000000000057,5.0,1,1,1,1,1
2017-02-10,107.5,110.4,106.5,109.75,102.5785714285714,0.9278644518281777,70.64439140811456,0.4000000000000057,-1.4500000000000028,1,1,1,1,1
2017-02-13,110.5,110.9,107.25,109.9,103.68928571428569,0.9357291087359054,74.19354838709674,0.75,3.0,1,1,1,1,1
2017-02-14,109.9,113.2,109.3,112.45,104.71071428571426,0.945223990862348,87.06467661691539,0.0,-0.5999999999999943,0,1,1,1,1
2017-02-15,112.45,113.5,108.85,110.05,105.35714285714282,0.9343193255759544,70.67448680351902,0.0,2.549999999999997,1,1,1,1,1
2017-02-16,110.3,115.0,108.7,114.4,106.30714285714284,0.9463131421029296,78.28162291169448,0.25,-2.1500000000000057,1,1,1,1,1
2017-02-17,115.2,117.8,114.45,117.45,107.54285714285712,0.9537143244448383,79.17620137299768,0.7999999999999972,4.900000000000006,1,1,0,0,0
2017-02-20,117.0,118.7,116.65,118.2,109.01785714285712,0.9717668306630147,80.0443458980044,-0.45000000000000284,1.7999999999999972,0,0,0,0,0
2017-02-21,118.2,118.9,116.25,117.5,110.05357142857142,0.9705180729076673,80.76062639821026,0.0,1.2000000000000028,0,0,0,0,0
2017-02-22,117.45,119.6,116.0,117.05,111.0892857142857,0.9583214214292721,73.972602739726,-0.04999999999999716,-0.75,0,0,0,0,0
2017-02-23,117.05,118.4,115.6,116.35,111.92142857142855,0.9361204784434645,76.05633802816897,0.0,-0.4000000000000057,0,1,0,0,0
2017-02-27,116.1,118.45,115.45,115.9,112.72499999999998,0.900622386568369,69.77491961414792,-0.25,-0.9500000000000028,1,1,0,0,0
2017-02-28,116.5,117.4,115.9,116.45,113.63214285714284,0.8699966971035189,70.53291536050156,0.5999999999999943,0.4000000000000057,0,0,0,0,1
2017-03-01,117.2,117.8,115.7,116.1,114.18928571428569,0.8234984340844503,63.27272727272723,0.75,0.7000000000000028,0,0,0,1,1
2017-03-02,116.85,118.25,112.3,113.15,114.62142857142855,0.6494594607145832,60.83916083916087,0.75,-0.3500000000000085,1,1,1,1,1
2017-03-03,113.15,115.8,112.55,115.3,115.01785714285712,0.5266618054432013,53.719008264462786,0.0,-3.6999999999999886,1,1,1,1,1
2017-03-06,115.8,116.45,114.65,115.8,115.43928571428569,0.3597107337092853,41.36125654450257,0.5,2.6499999999999915,1,1,1,1,1
2017-03-07,116.0,120.2,114.85,119.65,115.95357142857141,0.34421235224430663,55.7312252964427,0.20000000000000284,0.20000000000000284,1,0,0,1,1
2017-03-08,120.3,121.4,118.25,120.2,116.67857142857142,0.15935693223012215,60.800000000000026,0.6499999999999915,4.299999999999997,0,0,1,1,1
2017-03-09,119.55,120.15,118.5,118.95,117.0035714285714,0.07891434989456969,57.14285714285717,-0.6500000000000057,-0.75,0,1,1,1,1
2017-03-10,118.0,119.85,116.7,117.35,116.99642857142854,0.15175071243588736,53.52112676056338,-0.9500000000000028,-1.5499999999999972,1,1,1,1,1
2017-03-14,119.75,122.5,119.0,121.55,117.23571428571425,0.4303510653176636,65.73816155988855,2.4000000000000057,1.75,0,1,0,1,1
2017-03-15,121.55,122.85,120.5,121.05,117.48928571428567,0.6028519946617867,62.84916201117316,0.0,1.7999999999999972,1,1,1,1,1
2017-03-16,121.75,123.0,121.5,122.2,117.85714285714282,0.7346624831049487,66.31016042780752,0.7000000000000028,0.20000000000000284,0,1,1,0,0
2017-03-17,122.5,124.0,120.0,121.55,118.2285714285714,0.8112168446035983,75.60975609756092,0.29999999999999716,0.75,1,1,1,0,0
2017-03-20,121.95,123.4,121.0,122.55,118.7035714285714,0.8623858228460476,73.77049180327865,0.4000000000000057,-0.5499999999999972,1,0,0,0,0
2017-03-21,122.5,123.95,122.25,122.85,119.16071428571423,0.9017938711191374,73.42192691029895,-0.04999999999999716,0.5499999999999972,0,0,0,0,0
2017-03-22,121.35,122.9,121.05,121.9,119.57499999999996,0.8890187435812238,59.25925925925925,-1.5,-1.1500000000000057,0,0,0,0,1
2017-03-23,122.0,122.75,121.0,121.55,120.17499999999995,0.8139291374248344,55.648535564853525,0.09999999999999432,0.6500000000000057,0,0,1,1,1
2017-03-24,121.55,122.55,120.7,120.95,120.5785714285714,0.6790144997206937,58.84955752212389,0.0,-0.45000000000000284,0,1,1,1,1
2017-03-27,120.5,121.5,119.3,120.25,120.89642857142853,0.4292011370165037,63.942307692307715,-0.45000000000000284,-1.0499999999999972,1,1,1,1,1
2017-03-28,121.0,122.7,114.2,121.85,121.05357142857137,0.39821628269242504,51.923076923076906,0.75,0.5,1,1,1,1,1
2017-03-29,122.0,123.4,121.4,122.95,121.24999999999996,0.44777205756195143,61.30952380952383,0.15000000000000568,1.0,1,1,1,1,1
2017-03-30,123.5,124.2,122.35,123.4,121.5678571428571,0.43793146628654867,57.79220779220781,0.5499999999999972,1.5,1,1,1,0,0
2017-03-31,123.4,125.5,121.45,123.65,122.01785714285711,0.3443020283768758,64.38356164383569,0.0,-0.09999999999999432,0,1,0,0,0
2017-04-03,122.65,124.6,122.65,123.5,122.15714285714283,0.41723895176550907,57.36434108527134,-1.0,-0.75,1,0,0,0,1
2017-04-05,123.5,125.1,123.0,123.9,122.36071428571427,0.4294387135440436,58.01526717557259,0.0,0.8499999999999943,0,0,0,1,1
2017-04-06,123.9,125.0,122.35,123.2,122.43214285714284,0.5012479534624804,60.317460317460245,0.0,0.4000000000000057,0,0,1,1,0
2017-04-07,122.8,123.45,120.2,120.8,122.3785714285714,0.2796958292544881,45.508982035928156,-0.4000000000000057,-1.1000000000000085,1,1,1,1,1
2017-04-10,121.0,122.7,119.15,122.25,122.35714285714285,0.3363891042273793,57.065217391304316,0.20000000000000284,-1.7999999999999972,1,1,0,1,1
2017-04-11,122.15,126.0,121.85,125.1,122.51785714285712,0.5563646085186607,71.36563876651977,-0.09999999999999432,1.1500000000000057,0,0,0,0,1
2017-04-12,126.0,126.25,122.65,124.15,122.67857142857142,0.6380282647780182,60.74766355140191,0.9000000000000057,3.8499999999999943,0,0,0,1,1
2017-04-13,124.0,124.0,121.0,121.55,122.67857142857142,0.5165363248060102,44.262295081967196,-0.15000000000000568,-2.0,1,1,1,1,1
2017-04-17,121.25,123.65,120.75,123.15,122.83571428571427,0.41330601708745285,49.06367041198502,-0.29999999999999716,-2.75,1,1,1,1,1
2017-04-18,123.85,129.4,122.65,123.85,123.09285714285713,0.2264222853679281,50.72463768115937,0.6999999999999886,2.5999999999999943,1,1,1,1,1
2017-04-19,123.85,126.65,123.1,125.65,123.36428571428571,0.3011015951494082,56.95792880258901,0.0,0.0,1,1,1,1,1
2017-04-20,126.0,128.2,125.95,127.2,123.66785714285713,0.5577185985268518,59.939759036144565,0.3499999999999943,2.1500000000000057,0,1,1,1,1
2017-04-21,127.7,128.9,125.8,126.45,123.88571428571427,0.7085970202487262,59.75975975975975,0.5,1.7000000000000028,1,1,1,1,1
2017-04-24,127.95,129.4,127.1,128.25,124.2142857142857,0.828177194313502,73.20872274143304,1.5,0.25,1,0,0,0,1
2017-04-25,129.25,129.7,128.1,128.6,124.57857142857141,0.8844328930691843,71.23745819397993,1.0,1.2999999999999972,0,0,0,1,1
2017-04-26,128.95,129.35,125.5,127.45,124.83214285714283,0.8853667743596249,58.86792452830193,0.3499999999999943,-0.30000000000001137,1,1,1,1,1
2017-04-27,126.95,129.15,126.5,127.55,125.14285714285711,0.8683016864765205,63.70967741935482,-0.5,-1.9999999999999858,1,1,1,1,1
2017-04-28,127.55,128.25,126.5,127.6,125.62857142857139,0.8375760995699971,80.7106598984772,0.0,0.5999999999999943,1,1,1,1,1
2017-05-02,128.4,134.5,127.6,134.05,126.47142857142853,0.8783696540792015,87.07482993197284,0.8000000000000114,0.8500000000000085,1,1,0,1,1
2017-05-03,134.75,135.8,132.1,134.15,127.11785714285712,0.9284553902874207,86.52482269503551,0.6999999999999886,6.349999999999994,1,0,1,1,1
2017-05-04,134.3,136.9,133.8,135.85,127.9535714285714,0.9492810628752139,86.42857142857146,0.15000000000000568,-0.44999999999998863,0,1,0,0,0
2017-05-05,138.05,140.4,132.45,133.45,128.8035714285714,0.9221842334404214,71.04377104377102,2.200000000000017,3.75,1,1,1,1,0
2017-05-08,134.7,137.0,133.45,135.95,129.7178571428571,0.9241649394235337,78.6144578313253,1.25,-3.3500000000000227,0,0,0,0,0
2017-05-09,136.25,136.5,133.9,134.3,130.4642857142857,0.8939974966623107,68.38905775075996,0.30000000000001137,1.5500000000000114,1,0,0,0,1
2017-05-10,135.0,136.6,134.2,134.6,131.10357142857137,0.8678517875763019,68.29268292682933,0.6999999999999886,-1.25,0,0,0,0,0
2017-05-11,135.0,135.35,133.0,133.5,131.5535714285714,0.8198689179864459,68.50152905198782,0.4000000000000057,0.0,0,0,1,0,0
2017-05-12,133.45,133.5,130.25,131.25,131.89642857142852,0.6906258738387316,60.00000000000003,-0.05000000000001137,-1.5500000000000114,1,1,1,0,0
2017-05-15,131.4,134.2,131.05,133.45,132.26785714285708,0.6358689759101093,64.16464891041164,0.15000000000000568,-2.049999999999983,1,0,0,0,0
2017-05-16,133.9,135.0,133.5,134.55,132.6928571428571,0.5969030057094231,51.63398692810458,0.45000000000001705,2.5,0,0,0,0,0
2017-05-17,134.7,134.7,132.2,132.8,133.07499999999996,0.4424093646022847,46.01769911504426,0.14999999999997726,0.799999999999983,0,0,0,0,0
2017-05-18,131.8,132.45,128.0,129.0,133.1785714285714,0.009222388148581147,32.02099737532808,-1.0,-2.8999999999999773,0,0,0,0,0
2017-05-19,129.9,131.75,126.0,126.8,133.12142857142854,-0.564450060122523,32.36074270557029,0.9000000000000057,-1.9000000000000057,0,0,0,1,1
2017-05-22,128.5,128.5,123.0,123.75,132.38571428571424,-0.5513646324435495,18.556701030927826,1.7000000000000028,-1.4000000000000057,1,1,1,1,1
2017-05-23,124.2,129.45,119.35,126.7,131.85357142857137,-0.5597870475893486,31.64251207729467,0.45000000000000284,-4.299999999999997,0,1,1,1,0
2017-05-24,127.7,128.65,123.25,124.6,131.04999999999995,-0.3784991030313473,27.777777777777814,1.0,3.5,1,1,1,1,1
2017-05-25,125.75,130.8,124.35,128.7,130.71071428571423,-0.29433391406097215,40.58823529411764,1.1500000000000057,-1.9500000000000028,1,0,0,0,0
2017-05-26,128.95,131.65,128.15,130.85,130.3464285714285,-0.11972276492052923,49.21259842519684,0.25,3.1999999999999886,0,0,0,0,0
2017-05-29,131.45,131.85,125.5,127.3,129.8464285714285,0.10471863698389959,38.50467289719629,0.5999999999999943,2.5,0,1,1,1,1
2017-05-30,127.1,128.2,125.55,126.6,129.27499999999995,0.2761836258092874,34.91461100569258,-0.20000000000000284,-4.349999999999994,1,1,1,1,1
2017-05-31,127.25,129.6,126.55,128.45,128.91428571428565,0.282512436876214,41.77693761814741,0.6500000000000057,0.15000000000000568,0,0,1,1,1
2017-06-01,128.1,128.85,126.6,127.4,128.63928571428568,0.29095646562705557,46.62447257383967,-0.3499999999999943,0.8499999999999943,1,1,1,1,1
2017-06-02,127.9,129.3,126.4,128.3,128.27142857142852,0.21498599415282416,53.34821428571431,0.5,-0.19999999999998863,1,1,1,1,1
2017-06-05,129.25,132.65,128.3,132.15,128.09999999999997,-0.13350859198211687,68.10344827586209,0.9499999999999886,1.3499999999999943,0,1,0,1,0
2017-06-06,132.9,134.2,129.3,130.4,127.9285714285714,-0.4885271971000381,58.40909090909093,0.75,3.6500000000000057,1,1,1,1,1
2017-06-07,130.55,132.9,130.1,132.25,128.16071428571425,-0.6635177177585714,67.58620689655176,0.15000000000000568,-2.3499999999999943,0,1,0,1,1
2017-06-08,132.45,132.9,130.5,131.0,128.46071428571426,-0.7149901544080398,56.08465608465612,0.19999999999998863,1.8999999999999773,1,1,1,1,1
2017-06-09,131.0,134.35,130.15,133.8,129.1785714285714,-0.5383923650443622,57.54475703324813,0.0,-1.4499999999999886,0,0,1,1,1
2017-06-12,132.8,133.5,130.35,131.2,129.49999999999997,-0.45678685390444923,60.48387096774191,-1.0,1.8000000000000114,1,1,1,1,1
2017-06-13,131.45,134.5,131.2,132.8,130.08571428571426,-0.09702918780712258,65.89743589743591,0.25,-1.3500000000000227,1,1,1,1,1
2017-06-14,132.8,138.0,131.3,137.25,130.69642857142853,0.3243945050839536,69.90950226244344,0.0,1.3500000000000227,1,1,1,1,1
2017-06-15,138.05,143.3,138.0,141.2,131.43571428571425,0.6261599403787299,77.59999999999994,0.8000000000000114,5.25,1,1,1,1,1
2017-06-16,142.6,147.5,142.5,146.85,132.83214285714283,0.861128916962745,81.17647058823523,1.4000000000000057,4.549999999999983,1,1,0,0,0
2017-06-19,148.0,148.7,145.35,147.4,134.31785714285712,0.9327554392644553,78.82797731568994,1.1500000000000057,5.400000000000006,0,0,0,0,0
2017-06-20,147.4,149.3,145.9,147.1,135.64999999999998,0.9390764104905596,83.39999999999989,0.0,-0.5999999999999943,0,0,0,0,0
2017-06-21,146.5,147.9,145.75,146.35,137.0035714285714,0.9298431575809052,79.4979079497907,-0.5999999999999943,-0.9000000000000057,0,0,0,0,0
2017-06-22,146.45,150.15,144.0,145.25,138.21428571428567,0.9015492801806971,79.99999999999993,0.09999999999999432,-0.05000000000001137,0,0,0,0,0
2017-06-23,145.0,145.35,138.35,140.4,138.80357142857136,0.8124149017365252,62.790697674418574,-0.25,-1.4499999999999886,0,1,1,1,1
2017-06-27,140.4,140.9,135.0,136.55,139.24285714285708,0.6511833948439717,59.88909426987064,0.0,-4.599999999999994,1,1,1,1,1
2017-06-28,136.1,141.85,134.6,141.15,139.87857142857138,0.5781722389344918,63.89351081530781,-0.45000000000001705,-4.300000000000011,1,1,1,1,1
2017-06-29,142.55,144.8,141.75,143.25,140.75357142857138,0.504052311311991,60.8303249097473,1.4000000000000057,6.450000000000017,1,1,1,1,1
2017-06-30,142.9,146.05,140.15,144.3,141.5035714285714,0.4456761812664214,56.25000000000005,-0.3499999999999943,0.3499999999999943,0,1,1,1,1
2017-07-03,144.0,145.45,143.4,144.3,142.43928571428566,0.30126116185975943,43.34203655352485,-0.30000000000001137,1.0999999999999943,1,1,1,1,1
2017-07-04,144.5,149.4,143.4,148.45,143.55714285714282,0.1805391867182386,52.307692307692264,0.19999999999998863,0.5,1,1,0,1,0
2017-07-05,149.1,150.0,148.0,149.1,144.4035714285714,0.1024474358291836,54.329004329004334,0.6500000000000057,4.599999999999994,1,0,1,0,1
2017-07-06,149.1,151.5,148.6,149.3,144.98214285714283,0.1097545638376957,56.54101995565414,0.0,0.0,0,1,0,1,1
2017-07-07,148.95,149.65,147.1,148.2,145.07857142857142,0.2906623865475498,56.541019955654065,-0.35000000000002274,-0.15000000000000568,1,0,1,1,1
2017-07-10,149.7,151.0,148.35,149.5,145.22857142857143,0.5140653487775559,73.94736842105257,1.5,0.75,0,0,1,1,0
2017-07-11,149.2,150.55,146.7,148.1,145.29999999999998,0.6970962162425782,84.89425981873099,-0.30000000000001137,-0.5,1,1,1,1,0
2017-07-12,148.25,150.4,147.15,149.4,145.51785714285714,0.8526489186440291,81.13207547169799,0.15000000000000568,-0.9499999999999886,1,1,0,0,1
2017-07-13,150.0,153.7,149.1,151.4,145.95714285714286,0.9532703816179395,80.98859315589341,0.5999999999999943,1.75,0,0,0,0,1
2017-07-14,151.4,151.95,147.95,149.6,146.6142857142857,0.9434506441315357,69.0647482014387,0.0,1.4000000000000057,0,0,1,1,1
2017-07-17,150.3,150.75,147.8,149.05,147.50714285714284,0.9139363270026187,66.4359861591695,0.700000000000017,-1.0999999999999943,0,1,1,1,1
2017-07-18,150.1,150.85,141.1,147.95,147.9928571428571,0.7830465351449541,47.80701754385967,1.049999999999983,-0.20000000000001705,1,1,1,1,1
2017-07-19,148.4,151.3,148.4,150.3,148.49642857142857,0.7050171010571997,54.580152671755755,0.45000000000001705,-1.6999999999999886,1,1,1,1,1
2017-07-20,152.1,154.95,151.3,152.8,149.10357142857143,0.6768300941032795,61.363636363636296,1.799999999999983,3.6999999999999886,1,1,1,1,1
2017-07-21,153.9,153.9,150.35,152.9,149.71785714285713,0.6501364151125189,66.31944444444443,1.0999999999999943,1.8000000000000114,1,1,1,1,1
2017-07-24,153.75,154.65,152.85,154.0,150.1142857142857,0.7290963480611456,65.84507042253517,0.8499999999999943,-0.15000000000000568,1,1,1,1,1
2017-07-25,154.5,155.9,153.35,155.4,150.56428571428572,0.7970115778881853,75.70422535211264,0.5,0.75,1,1,1,1,1
2017-07-26,155.5,165.0,153.35,161.15,151.41071428571428,0.8177086807414218,81.50134048257367,0.09999999999999432,1.0,1,1,1,1,1
2017-07-27,167.0,167.45,160.55,161.2,152.33928571428572,0.8567177776614342,79.34131736526938,5.849999999999994,11.5,1,1,1,1,1
2017-07-28,160.95,171.3,159.9,170.4,153.83214285714286,0.8886849171414052,93.15352697095435,-0.25,-6.050000000000011,1,1,1,1,1
2017-07-31,168.4,175.8,166.85,175.0,155.75357142857143,0.927204745095672,96.09236234458251,-2.0,7.450000000000017,0,1,0,0,1
2017-08-01,175.0,175.8,172.25,173.45,157.47142857142856,0.9498033119686665,94.58041958041954,0.0,6.599999999999994,1,0,1,1,1
2017-08-02,174.35,176.7,172.5,175.35,159.18214285714285,0.9657748103650847,94.49378330372998,0.9000000000000057,-0.6500000000000057,0,0,1,1,0
2017-08-03,175.0,175.2,169.4,170.9,160.70357142857142,0.9298291077674712,80.06644518272425,-0.3499999999999943,0.6500000000000057,1,1,1,1,0
2017-08-04,169.75,174.5,169.5,174.0,162.48571428571427,0.9086999454068576,81.87311178247734,-1.1500000000000057,-5.25,1,1,0,0,0
2017-08-07,175.65,178.25,174.55,176.4,164.51785714285714,0.8969401170283008,82.55813953488372,1.6500000000000057,5.900000000000006,0,0,0,0,0
2017-08-08,176.95,178.7,172.45,175.4,166.31071428571428,0.8717356628027912,79.41176470588235,0.549999999999983,1.299999999999983,0,0,0,0,1
2017-08-09,174.35,176.7,170.7,172.15,167.69285714285712,0.8123740118448626,67.46031746031747,-1.0500000000000114,-2.5999999999999943,0,0,1,1,1
2017-08-10,171.0,172.4,160.45,165.15,168.56785714285712,0.6448841475451541,55.13654096228871,-1.1500000000000057,-3.3499999999999943,0,1,1,1,1
2017-08-11,162.0,168.0,158.55,163.8,169.26785714285714,0.40945656140390385,39.215686274509814,-3.1500000000000057,-9.0,1,1,1,1,1
2017-08-14,167.0,172.9,166.4,172.2,170.46785714285713,0.2420927854326106,45.930232558139515,3.1999999999999886,5.0,1,1,1,0,0
2017-08-16,174.0,177.35,171.6,176.5,171.5642857142857,0.14025751869345252,54.104979811574715,1.8000000000000114,7.0,0,0,0,0,0
2017-08-17,177.0,178.25,174.75,175.7,172.59999999999997,-0.1036424790329574,50.48543689320388,0.5,3.0,1,0,0,0,0
2017-08-18,174.75,176.5,172.15,175.8,172.98571428571427,-0.11894510257813792,57.728706624605685,-0.9499999999999886,-2.25,0,0,0,0,1
2017-08-21,177.0,177.7,170.35,171.9,172.7642857142857,-0.07162858204799669,46.76923076923078,1.1999999999999886,2.25,0,1,1,1,1
2017-08-22,172.6,174.2,167.5,169.45,172.47857142857143,-0.10990578357100354,39.32411674347157,0.6999999999999886,-4.400000000000006,1,1,1,1,1
2017-08-23,170.55,174.0,170.1,173.35,172.33571428571426,0.01795293676636316,47.108603667136805,1.1000000000000227,-2.049999999999983,1,1,1,1,1
2017-08-24,173.9,175.5,172.35,174.85,172.6178571428571,-0.011493527033160483,54.00593471810087,0.5500000000000114,3.3499999999999943,1,1,1,1,1
2017-08-28,175.9,189.4,175.6,188.05,173.62142857142857,0.2654942629713919,78.69674185463656,1.0500000000000114,2.0,1,1,1,1,1
2017-08-29,188.45,195.45,186.45,189.65,174.56785714285712,0.563777911541213,82.19178082191775,0.39999999999997726,12.549999999999983,1,1,1,1,1
2017-08-30,192.0,198.9,192.0,197.1,176.1178571428571,0.8047953205207364,81.7602040816326,2.3499999999999943,3.5500000000000114,1,1,0,1,1
2017-08-31,198.0,202.85,196.2,200.3,178.1285714285714,0.9211424668241812,81.23359580052488,0.9000000000000057,6.0,0,0,1,1,1
2017-09-01,200.5,202.9,198.05,198.65,180.52142857142854,0.9072569488393195,79.46084724005132,0.19999999999998863,2.5,0,1,1,1,1
2017-09-04,198.1,199.7,192.25,195.4,182.7785714285714,0.8423299365334795,73.2779097387173,-0.5500000000000114,-2.4000000000000057,1,1,1,1,1
2017-09-05,196.0,206.2,195.75,204.8,185.10714285714286,0.8610413970934919,84.55882352941174,0.5999999999999943,-2.0999999999999943,1,1,0,0,0
2017-09-06,205.0,208.35,203.5,206.1,187.22142857142856,0.8722946013217698,89.45102260495155,0.19999999999998863,9.0,1,0,0,0,0
2017-09-07,207.35,208.85,205.75,206.45,189.41785714285714,0.8708843092167083,88.57808857808857,1.25,2.3499999999999943,0,0,0,0,0
2017-09-08,207.5,207.8,201.5,202.4,191.31785714285712,0.8410849745711064,80.30803080308033,1.0500000000000114,0.15000000000000568,1,1,0,0,1
2017-09-11,204.55,205.7,201.65,203.65,193.58571428571426,0.8168697393160713,73.28358208955225,2.1500000000000057,-2.9499999999999886,0,0,0,1,1
2017-09-12,204.8,205.25,201.25,202.9,195.975,0.7882053301383912,70.29096477794795,1.1500000000000057,0.25,0,0,1,1,1
2017-09-13,203.1,206.4,201.6,202.3,198.04285714285717,0.7404742174194665,60.077519379845,0.19999999999998863,-1.700000000000017,0,1,1,1,1
2017-09-14,203.0,204.65,199.55,201.6,199.95357142857145,0.702322924341962,52.78969957081541,0.6999999999999886,-0.09999999999999432,1,1,1,1,1
2017-09-15,204.0,209.25,200.3,207.35,201.33214285714286,0.6819101975727669,65.87591240875912,2.4000000000000057,1.0,1,1,1,1,0
2017-09-18,209.1,211.95,208.3,209.85,202.775,0.6676653828896323,77.11069418386492,1.75,5.099999999999994,0,0,1,0,0
2017-09-19,209.9,211.8,208.45,209.0,203.625,0.6544288708808865,61.60220994475138,0.05000000000001137,0.8000000000000114,0,1,0,0,0
2017-09-20,209.25,209.95,207.05,207.55,204.14285714285714,0.6605116856680181,53.97260273972608,0.25,-0.6500000000000057,1,0,0,0,0
2017-09-21,207.55,212.9,204.05,211.15,205.03571428571428,0.6458591768957767,60.930232558139586,0.0,-1.6999999999999886,0,0,0,0,0
2017-09-22,209.5,210.35,201.5,202.5,205.54285714285714,0.34460097314389143,50.19157088122604,-1.6500000000000057,1.9499999999999886,0,0,0,0,0
2017-09-25,202.35,202.35,189.0,192.7,204.6785714285714,0.030108581681106656,34.19913419913418,-0.15000000000000568,-7.150000000000006,1,0,0,1,1
2017-09-26,191.0,198.2,189.8,196.35,203.98214285714283,-0.01120553865082336,41.278295605858844,-1.6999999999999886,-11.349999999999994,0,0,0,0,0
2017-09-27,197.7,198.35,187.0,188.1,202.67142857142855,-0.009727242341273598,34.292035398230084,1.3499999999999943,6.699999999999989,1,1,1,1,1
2017-09-28,188.0,191.5,184.75,190.35,201.81071428571425,-0.024793353623391058,37.967914438502675,-0.09999999999999432,-9.699999999999989,1,1,1,1,1
2017-09-29,192.25,196.95,192.0,195.1,201.19999999999996,0.052103094771199156,36.612021857923494,1.9000000000000057,4.25,0,0,0,1,1
2017-10-03,197.8,198.9,193.65,194.35,200.58928571428564,0.17740656945251124,32.38636363636364,2.700000000000017,5.550000000000011,1,0,1,1,1
2017-10-04,194.55,196.9,193.55,194.65,200.04285714285706,0.3214194539118326,33.48676639815882,0.20000000000001705,-3.25,0,1,1,1,1
2017-10-05,194.95,196.5,191.95,193.4,199.4571428571428,0.42912976984521584,33.64161849710982,0.29999999999998295,0.39999999999997726,1,1,1,1,1
2017-10-06,194.7,200.45,194.1,197.45,198.74999999999994,0.47135520629052885,34.324942791762,1.299999999999983,-0.25,0,1,1,1,1
2017-10-09,197.3,198.8,195.35,197.05,197.83571428571423,0.44988660760714183,42.313117066290566,-0.14999999999997726,2.6000000000000227,1,1,1,1,1
2017-10-10,197.25,203.3,197.25,202.75,197.38928571428568,0.2603994111440341,66.02870813397132,0.19999999999998863,-0.05000000000001137,0,1,1,1,1
2017-10-11,203.9,204.9,197.0,199.65,196.82499999999996,0.08961822468835133,55.35714285714288,1.1500000000000057,6.650000000000006,1,1,1,1,1
2017-10-12,200.0,203.7,200.0,203.1,196.24999999999994,-0.4066766475158259,78.84615384615391,0.3499999999999943,-3.9000000000000057,1,1,1,1,1
2017-10-13,203.2,206.7,202.2,204.6,196.39999999999992,-0.7833026357055242,78.21782178217828,0.09999999999999432,3.1999999999999886,0,1,1,1,1
2017-10-16,205.0,206.25,203.0,203.75,197.18928571428566,-0.8084996760752085,70.25761124121787,0.4000000000000057,1.8000000000000114,1,1,1,1,1
2017-10-17,204.1,207.8,203.35,205.9,197.87142857142854,-0.8973186663452385,75.38461538461547,0.3499999999999943,-0.9000000000000057,1,0,1,1,0
2017-10-18,205.85,208.0,205.15,207.45,199.25357142857138,-0.7250602457803886,76.66666666666673,-0.05000000000001137,1.75,0,1,1,0,0
2017-10-19,207.0,207.65,203.45,204.95,200.29642857142852,-0.49686319086161934,72.87128712871291,-0.44999999999998863,1.1500000000000057,1,1,0,0,0
2017-10-23,205.0,210.4,205.0,209.6,201.3321428571428,-0.10449257766766179,73.50096711798847,0.05000000000001137,-2.0,1,0,0,0,0
2017-10-24,210.0,213.85,208.55,211.5,202.5571428571428,0.30371599792010223,76.41681901279709,0.4000000000000057,5.0,0,0,0,0,0
2017-10-25,213.0,213.25,190.65,195.2,202.5964285714285,0.15193196802024306,40.05270092226612,1.5,3.0,1,1,1,1,1
2017-10-26,196.5,203.25,193.0,196.2,202.7964285714285,0.016615983535868906,45.188284518828425,1.3000000000000114,-16.5,1,1,1,1,1
2017-10-27,202.4,202.4,197.45,198.5,202.87142857142848,-0.09339493945978829,43.37175792507206,6.200000000000017,5.900000000000006,1,1,1,1,1
2017-10-30,199.95,202.95,199.0,201.05,203.1571428571428,-0.19647529270138275,45.03496503496506,1.4499999999999886,-2.450000000000017,1,0,0,0,0
2017-10-31,201.4,202.3,198.6,201.15,203.04285714285706,-0.23253493186869403,46.28571428571429,0.3499999999999943,1.450000000000017,0,0,0,0,0
2017-11-01,202.5,203.3,200.0,200.8,203.12499999999994,-0.3532677028343779,42.31927710843375,1.3499999999999943,1.0999999999999943,0,0,0,0,0
2017-11-02,201.0,202.5,197.05,198.65,202.8071428571428,-0.42956017222291915,36.9822485207101,0.19999999999998863,-1.5,0,0,0,0,0
2017-11-03,199.15,200.7,197.35,198.65,202.3821428571428,-0.4604016052868894,39.93610223642177,0.5,-1.8499999999999943,0,0,0,0,0
2017-11-06,198.8,200.5,194.15,195.4,201.78571428571425,-0.48480630730368657,26.254180602006727,0.15000000000000568,-0.3499999999999943,0,0,0,0,0
2017-11-07,195.25,195.7,189.25,192.4,200.82142857142853,-0.2823853490885744,19.19354838709681,-0.15000000000000568,-3.5500000000000114,0,0,0,0,0
2017-11-08,193.0,194.35,189.5,190.8,199.63214285714284,0.20800067161964775,36.503067484662665,0.5999999999999943,-2.25,0,0,0,0,0
2017-11-09,191.9,193.0,184.85,188.4,198.45000000000002,0.5564854399965827,27.966101694915324,1.0999999999999943,-1.0999999999999943,0,0,0,0,0
2017-11-10,187.55,190.5,185.2,187.35,196.8607142857143,0.7717641056827481,16.109422492401222,-0.8499999999999943,-4.349999999999994,0,0,0,0,1
2017-11-13,188.8,188.8,180.6,181.85,194.74285714285716,0.9619912473209568,0.51546391752575,1.450000000000017,1.25,1,1,1,1,1
2017-11-14,180.3,186.8,179.1,184.65,193.98928571428573,0.9619153998498178,12.669683257918592,-1.549999999999983,-8.5,0,1,1,1,0
2017-11-15,182.6,185.7,181.2,183.05,193.05000000000004,0.966331596446035,11.991434689507528,-2.0500000000000114,2.299999999999983,1,1,1,0,0
2017-11-16,183.45,187.9,183.2,186.55,192.19642857142864,0.9345023408816354,25.506072874493952,0.39999999999997726,0.8499999999999943,1,1,0,0,0
2017-11-17,191.0,192.25,189.2,190.15,191.4178571428572,0.8561385830931904,34.98233215547704,4.449999999999989,7.550000000000011,0,0,0,0,0
2017-11-20,190.5,190.5,187.05,187.95,190.47500000000005,0.8052434244134277,36.33027522935778,0.3499999999999943,-0.5,0,0,0,0,0
2017-11-21,183.9,183.9,177.75,178.5,188.8821428571429,0.8206015806656294,29.376854599406528,-4.049999999999983,-6.599999999999994,0,1,0,1,1
2017-11-22,179.0,180.1,176.85,178.3,187.42857142857147,0.8263575635785653,30.65015479876162,0.5,-4.900000000000006,1,0,1,1,0
2017-11-23,178.5,182.15,177.6,180.25,186.11428571428573,0.8071310487012939,37.20565149136577,0.19999999999998863,-0.5,0,0,0,0,0
2017-11-24,180.4,182.1,177.35,177.85,184.8607142857143,0.7969877947854298,35.69277108433735,0.15000000000000568,1.9000000000000057,1,1,0,0,0
2017-11-27,177.1,179.55,177.0,178.7,183.88214285714284,0.7744745487905024,44.4833625218914,-0.75,-3.3000000000000114,1,0,0,0,0
2017-11-28,179.0,181.2,178.0,178.85,183.0285714285714,0.7418400272876454,38.80308880308877,0.30000000000001137,1.9000000000000057,0,0,0,0,0
2017-11-29,179.1,179.4,175.0,175.6,182.11428571428567,0.7518675310359959,36.479128856624286,0.25,0.09999999999999432,0,0,0,0,0
2017-11-30,175.1,177.0,171.7,172.6,181.06071428571425,0.7749892046712639,24.214417744916773,-0.5,-4.0,0,0,0,0,0
2017-12-01,173.8,174.25,166.55,167.6,180.04285714285712,0.8589803878526361,10.369068541300493,1.200000000000017,-1.299999999999983,0,1,1,1,1
2017-12-04,168.6,169.25,163.25,164.55,178.60714285714283,0.8927904408243531,10.068259385665499,1.0,-5.200000000000017,1,1,1,1,1
2017-12-05,164.0,171.5,161.5,170.8,177.73214285714283,0.915252923860677,35.249042145593876,-0.5500000000000114,-4.599999999999994,0,1,1,1,0
2017-12-06,170.8,172.9,166.5,167.95,176.40357142857138,0.9134672638330419,31.999999999999957,0.0,6.800000000000011,1,1,1,0,0
2017-12-07,168.35,173.2,168.35,172.3,175.12857142857138,0.8440734007086976,37.239165329053,0.4000000000000057,-2.450000000000017,0,0,0,0,0
2017-12-08,173.7,174.3,170.75,171.7,173.9678571428571,0.7553865939909878,39.52299829642251,1.3999999999999773,5.349999999999994,0,0,0,0,0
2017-12-11,172.0,173.05,170.45,171.4,173.46071428571423,0.7171759754000173,37.326388888888935,0.30000000000001137,-1.6999999999999886,0,0,0,0,0
2017-12-12,171.4,171.4,165.7,166.05,172.58571428571423,0.7365774974588729,31.176470588235333,0.0,-0.5999999999999943,0,0,1,1,1
2017-12-13,165.1,166.5,163.0,163.45,171.38571428571422,0.7373851437868555,31.784107946027007,-0.950000000000017,-6.300000000000011,1,1,1,1,1
2017-12-14,164.8,165.25,159.8,163.6,170.36785714285708,0.7402981551018184,35.2459016393443,1.3500000000000227,-0.29999999999998295,1,1,1,1,1
2017-12-15,167.0,170.25,165.9,167.95,169.59999999999994,0.6519514912888511,50.5862646566164,3.4000000000000057,2.1999999999999886,1,1,1,1,1
2017-12-18,167.0,173.8,160.8,170.8,169.02499999999995,0.43079230017874476,60.53962900505899,-0.9499999999999886,0.0,1,1,1,1,1
2017-12-19,172.4,178.0,171.8,177.4,169.1535714285714,-0.019537591346319702,60.99999999999996,1.5999999999999943,5.400000000000006,1,1,1,1,0
2017-12-20,178.0,179.95,176.65,178.65,169.58571428571426,-0.2933740344653345,68.83802816901408,0.5999999999999943,5.599999999999994,1,1,1,0,0
2017-12-21,178.9,181.3,177.25,180.6,170.5142857142857,-0.3261232456326789,65.96153846153842,0.25,0.9000000000000057,0,0,0,0,0
2017-12-22,181.0,182.45,177.25,178.75,171.5285714285714,-0.21013826538643388,62.93577981651379,0.4000000000000057,2.0999999999999943,1,0,0,0,0
2017-12-26,178.95,180.1,178.1,179.45,172.14642857142852,-0.1986498637587001,64.55696202531642,0.19999999999998863,-2.0500000000000114,0,0,0,0,0
2017-12-27,179.4,180.7,175.4,176.75,172.77499999999995,-0.06172402811033578,71.39999999999998,-0.04999999999998295,0.45000000000001705,0,0,0,0,0
2017-12-28,176.75,177.55,172.35,173.45,172.8571428571428,-0.04915665706549105,69.45525291828795,0.0,-2.6500000000000057,1,0,0,0,0
2017-12-29,173.4,174.85,172.0,174.0,173.02142857142852,-0.010175063374770617,69.92337164750958,-0.04999999999998295,-3.3499999999999943,0,0,0,0,1
2018-01-01,174.0,176.2,172.2,172.9,173.12857142857138,0.017882817039371716,60.83150984682717,0.0,0.5999999999999943,0,0,0,1,1
2018-01-02,173.2,174.45,169.0,170.75,173.46428571428564,0.05068205917452308,49.88713318284422,0.29999999999998295,-0.8000000000000114,0,1,1,1,1
2018-01-03,171.2,173.3,169.6,170.05,173.93571428571425,-0.03164536428505154,27.384615384615373,0.44999999999998863,-2.0,1,1,1,1,1
2018-01-04,170.95,173.1,170.2,172.4,174.5642857142857,-0.22970225247232084,31.988472622478355,0.8999999999999773,-0.25,1,1,1,1,1
2018-01-05,173.2,175.85,173.05,175.15,175.07857142857142,-0.42290935064244584,34.98622589531681,0.799999999999983,2.25,1,1,1,1,1
2018-01-08,177.0,184.5,176.1,183.8,176.00714285714284,-0.24252574992399986,60.12024048096195,1.8499999999999943,3.8000000000000114,0,0,0,0,0
2018-01-09,185.2,185.3,180.55,183.05,176.41071428571428,0.02827268555044493,57.20000000000004,1.3999999999999773,8.199999999999989,0,0,0,0,0
2018-01-10,182.95,185.7,180.2,181.3,176.6,0.24380682727346478,59.459459459459474,-0.10000000000002274,-2.25,1,0,0,0,0
2018-01-11,181.0,183.0,180.0,181.7,176.67857142857142,0.5128513047712419,69.5035460992908,-0.30000000000001137,-1.9499999999999886,0,0,0,0,0
2018-01-12,182.7,182.7,176.9,180.8,176.82500000000002,0.6630575580852366,65.81395348837216,1.0,1.6999999999999886,0,0,0,0,0
2018-01-15,181.9,182.95,177.6,178.9,176.7857142857143,0.7959613182228878,63.4529147982063,1.0999999999999943,-0.799999999999983,0,0,0,0,0
2018-01-16,179.7,181.25,172.35,173.8,176.57500000000005,0.7699462651221803,56.03960396039608,0.799999999999983,-2.200000000000017,0,0,0,1,1
2018-01-17,172.25,174.85,168.25,173.65,176.58928571428578,0.701191502438726,57.28744939271255,-1.5500000000000114,-7.449999999999989,0,0,1,1,1
2018-01-18,175.0,177.0,170.1,171.1,176.38214285714292,0.6264796555665283,47.3895582329317,1.3499999999999943,2.75,1,1,1,1,1
2018-01-19,172.0,172.75,169.55,172.25,176.33571428571435,0.5789431638874087,43.77682403433475,0.9000000000000057,-3.0,1,1,1,1,1
2018-01-22,172.9,178.8,171.4,178.3,176.87500000000006,0.5147873678518936,36.71497584541062,0.6500000000000057,0.9000000000000057,1,1,0,0,0
2018-01-23,178.55,180.9,176.45,179.65,177.56071428571434,0.37133109136497783,42.018779342722986,0.25,5.650000000000006,0,0,0,0,0
2018-01-24,179.7,180.55,176.8,179.0,178.0321428571429,0.20082722318696267,44.30693069306928,0.04999999999998295,1.1499999999999773,0,0,0,0,0
2018-01-25,180.1,181.9,175.1,176.65,178.13928571428576,0.012469308839363438,38.60045146726866,1.0999999999999943,0.4000000000000057,1,0,0,0,0
2018-01-29,179.45,180.35,176.1,177.95,177.7214285714286,0.1885332655543918,43.68070953436803,2.799999999999983,-0.6500000000000057,0,0,0,0,0
2018-01-30,176.25,177.8,174.4,176.05,177.2214285714286,0.321066122252384,43.68070953436808,-1.6999999999999886,-3.1999999999999886,0,0,0,0,0
2018-01-31,175.0,177.65,170.5,172.6,176.6,0.4590583087909212,47.129186602870774,-1.0500000000000114,-1.25,0,0,0,0,0
2018-02-01,173.15,175.5,168.35,171.05,175.83928571428575,0.6722570134092389,44.17040358744396,0.5500000000000114,-1.8499999999999943,0,0,0,0,0
2018-02-02,169.6,169.8,154.85,157.7,174.18928571428572,0.9025362203258875,29.758308157099677,-1.450000000000017,-3.5500000000000114,1,1,0,1,1
2018-02-05,151.55,159.8,144.35,158.4,172.725,0.9459129944327901,28.790199081163877,-6.149999999999977,-18.049999999999983,1,0,1,1,1
2018-02-06,149.0,161.65,147.55,159.35,171.69285714285712,0.9364771783682334,15.607985480943682,-9.400000000000006,-2.5500000000000114,0,1,1,1,1
2018-02-07,162.5,163.5,156.0,157.3,170.525,0.9359617650835923,10.442477876106153,3.1500000000000057,13.5,1,1,1,1,1
2018-02-08,159.0,164.85,158.0,163.2,169.96071428571426,0.8933055558639554,26.41791044776113,1.6999999999999886,-3.5,1,1,1,1,0
2018-02-09,159.05,165.9,159.05,163.5,169.33571428571426,0.860321127015902,29.09379968203494,-4.149999999999977,0.05000000000001137,1,1,1,0,0
2018-02-12,166.9,168.4,163.0,166.45,168.48928571428567,0.7932686181068228,32.628398791540775,3.4000000000000057,7.849999999999994,1,0,0,0,0
2018-02-14,167.0,172.8,166.3,169.8,167.78571428571425,0.6676244934293798,40.955137481910285,0.5500000000000114,0.09999999999999432,0,0,0,0,0
2018-02-15,171.0,171.8,164.5,166.1,166.86428571428567,0.570210515523027,40.6609195402299,1.1999999999999886,4.0,0,0,0,0,0
2018-02-16,167.5,169.35,159.7,160.55,165.7142857142857,0.5262637096299381,36.46907216494846,1.4000000000000057,-3.5,0,0,0,0,1
2018-02-19,161.95,162.2,157.5,159.15,164.37142857142857,0.45399271896824317,52.70018621973933,1.3999999999999773,-5.550000000000011,0,0,0,1,1
2018-02-20,159.5,160.95,158.0,158.55,163.12142857142857,0.35237650271419224,50.280373831775705,0.3499999999999943,-2.4499999999999886,0,1,1,1,1
2018-02-21,159.7,160.3,155.15,158.1,162.08571428571426,0.23630372640399985,47.61904761904762,1.1499999999999773,0.19999999999998863,1,1,1,1,1
2018-02-22,156.65,160.5,156.25,158.7,161.2035714285714,0.037827286567135666,52.82258064516124,-1.4499999999999886,-3.049999999999983,1,1,1,1,1
2018-02-23,159.45,163.0,159.2,162.2,161.52499999999995,0.1478472717369939,47.767857142857146,0.75,2.799999999999983,1,1,1,1,0
2018-02-26,163.9,168.95,162.15,168.15,162.22142857142853,0.12255601719603752,58.288770053475936,1.700000000000017,4.450000000000017,0,0,0,0,0
2018-02-27,168.8,168.85,165.0,165.6,162.66785714285712,0.1816357466545201,48.462929475587714,0.6500000000000057,4.900000000000006,0,0,0,0,0
2018-02-28,163.75,164.2,161.1,162.3,163.02499999999995,0.419360724324572,36.413043478260875,-1.8499999999999943,-5.050000000000011,1,0,0,0,0
2018-03-01,161.55,164.4,161.55,162.5,162.97499999999997,0.4692358423004812,42.53112033195022,-0.75,-2.1999999999999886,0,0,0,0,0
2018-03-05,163.0,164.4,159.4,161.15,162.80714285714285,0.533585138279284,51.5075376884422,0.5,1.4499999999999886,0,0,0,0,1
2018-03-06,162.25,163.3,158.5,159.7,162.325,0.4935895281098108,51.37844611528817,1.0999999999999943,-0.75,0,0,1,1,1
2018-03-07,159.05,159.75,154.5,157.8,161.46785714285713,0.2816795984175735,48.23529411764706,-0.6499999999999773,-3.1999999999999886,1,1,1,1,1
2018-03-08,161.2,162.05,154.9,158.6,160.93214285714285,0.08378001279832427,51.157407407407405,3.3999999999999773,2.1499999999999773,1,1,1,1,1
2018-03-09,158.85,163.9,158.85,160.0,160.8928571428571,0.1742708341695883,52.90178571428574,0.25,-2.3499999999999943,1,1,1,1,1
2018-03-12,161.95,163.25,158.5,162.5,161.1321428571428,0.2931912482490286,50.70093457943928,1.9499999999999886,3.0999999999999943,1,0,0,0,0
2018-03-13,163.1,165.75,161.6,164.6,161.56428571428566,0.37345826821068023,39.88603988603983,0.5999999999999943,1.1500000000000057,0,0,0,0,0
2018-03-14,164.35,164.35,160.55,162.5,161.87857142857138,0.4167751096210348,40.93567251461987,-0.25,1.25,0,0,0,0,0
2018-03-15,162.2,163.9,161.45,162.05,162.1178571428571,0.3633274788045483,49.12280701754385,-0.30000000000001137,-2.1500000000000057,0,0,0,0,0
2018-03-16,162.5,163.3,158.75,160.45,161.9928571428571,0.3660314624292477,43.45047923322679,0.44999999999998863,0.30000000000001137,0,0,0,0,0
2018-03-19,160.5,161.15,156.45,157.3,161.21785714285713,0.4711979780791556,38.96848137535816,0.05000000000001137,-2.0,0,0,0,0,0
2018-03-20,155.15,159.25,151.1,153.6,160.36071428571427,0.5861648823899548,34.517766497461906,-2.1500000000000057,-5.349999999999994,1,1,1,1,1
2018-03-21,154.4,157.5,154.05,156.3,159.93214285714285,0.6368877898274202,46.34146341463414,0.8000000000000114,-0.75,0,0,0,1,1
2018-03-22,156.25,156.6,153.75,155.25,159.41428571428568,0.6805826864373886,41.92771084337351,-0.05000000000001137,1.8499999999999943,0,1,1,1,1
2018-03-23,151.8,154.4,151.35,153.75,158.88571428571427,0.7601180519664508,35.01199040767388,-3.4499999999999886,-4.449999999999989,1,1,1,1,1
2018-03-26,153.0,156.9,151.9,156.05,158.625,0.7674009252984408,34.38256658595647,-0.75,1.1999999999999886,1,1,1,1,1
2018-03-27,157.7,160.4,157.25,159.25,158.72857142857143,0.701329509297666,37.70114942528738,1.6499999999999773,4.699999999999989,0,1,1,1,1
2018-03-28,158.0,159.0,156.1,157.1,158.62142857142857,0.6945151337793165,37.61467889908257,-1.25,0.30000000000001137,1,1,1,1,1
2018-04-02,158.0,161.3,157.05,160.45,158.6535714285714,0.5991157147277918,46.761133603238825,0.9000000000000057,0.0,1,1,1,1,1
2018-04-03,161.65,163.1,159.65,162.75,158.67142857142855,0.43345941894457807,54.527559055118125,1.200000000000017,3.6500000000000057,0,1,1,1,1
2018-04-04,162.75,165.75,159.6,161.6,158.45714285714283,0.23874872181084794,59.18803418803412,0.0,1.0999999999999943,1,1,1,1,1
2018-04-05,162.95,172.6,162.7,171.5,159.09999999999997,-0.022274897191500862,80.23648648648644,1.3499999999999943,0.19999999999998863,1,0,1,0,0
2018-04-06,172.35,173.4,169.5,171.55,159.7785714285714,-0.06988826092484036,78.29313543599253,0.8499999999999943,9.400000000000006,0,1,0,0,0
2018-04-09,171.9,173.15,168.05,169.75,160.44285714285712,0.049470698983588454,76.17328519855592,0.3499999999999943,-0.44999999999998863,1,0,0,0,0
2018-04-10,170.9,172.9,168.95,171.95,161.48928571428567,0.41124079204663855,82.0422535211267,1.1500000000000057,-1.0,0,0,0,0,1
2018-04-11,172.1,172.8,168.2,168.85,162.5785714285714,0.5770318347039335,71.91780821917804,0.15000000000000568,1.1999999999999886,0,0,1,1,1
2018-04-12,168.95,170.15,165.9,167.0,163.3428571428571,0.5769279579109916,63.91382405745062,0.09999999999999432,-3.1500000000000057,0,1,1,1,1
2018-04-13,167.7,168.75,164.75,166.15,164.12142857142854,0.5336132784569834,67.04331450094163,0.6999999999999886,-1.25,1,1,1,1,0
2018-04-16,165.05,170.5,164.75,169.75,165.26428571428568,0.5456482633808124,67.35074626865674,-1.0999999999999943,-2.6499999999999773,1,1,1,0,0
2018-04-17,172.7,174.9,171.5,174.1,166.55357142857136,0.6096829704013372,69.67071057192373,2.9499999999999886,7.649999999999977,0,0,0,0,0
2018-04-18,175.0,175.45,170.85,171.65,167.43928571428566,0.6000180430665344,66.66666666666669,0.9000000000000057,2.3000000000000114,0,0,0,0,0
2018-04-19,171.75,172.6,169.25,170.0,168.36071428571424,0.5365428283502955,46.57534246575342,0.09999999999999432,-3.25,0,0,0,0,0
2018-04-20,170.0,170.0,163.0,164.55,168.6535714285714,0.25487354457745254,37.17948717948716,0.0,-1.75,1,1,1,1,1
2018-04-23,163.9,166.7,163.6,165.75,168.8678571428571,-0.001076216267042767,42.50936329588013,-0.6500000000000057,-6.099999999999994,1,0,0,1,1
2018-04-24,165.1,168.15,165.1,166.75,169.23571428571427,-0.41576421766546157,39.803921568627445,-0.6500000000000057,1.1999999999999886,0,0,1,1,1
2018-04-25,165.85,169.3,164.55,165.55,168.81071428571428,-0.42012944894854276,43.008474576271205,-0.9000000000000057,0.75,0,1,1,1,1
2018-04-26,166.2,167.45,163.7,165.05,168.34642857142856,-0.3893361881386108,45.6179775280899,0.6499999999999773,0.3499999999999943,1,1,1,1,1
2018-04-27,166.9,169.8,166.2,168.75,168.275,-0.3598730875111446,55.1792828685259,1.8499999999999943,0.700000000000017,1,1,1,1,1
2018-04-30,170.1,173.9,169.8,173.2,168.3642857142857,-0.10410601811410633,56.64739884393064,1.3499999999999943,3.1999999999999886,1,0,1,1,1
2018-05-02,174.4,175.5,172.0,174.25,168.75,0.007473466438711129,50.331125827814574,1.200000000000017,4.300000000000011,0,1,1,1,1
2018-05-03,173.8,173.8,168.5,171.75,169.08928571428572,-0.05220040024227788,50.2202643171806,-0.44999999999998863,-0.5999999999999943,1,1,1,1,1
2018-05-04,174.8,180.4,173.5,176.35,169.81785714285712,-0.07832037087920277,62.37816764132555,3.0500000000000114,1.0,1,1,1,1,1
2018-05-07,178.45,179.6,174.65,177.0,170.33571428571426,0.1422070846070725,79.8561151079137,2.0999999999999943,3.6499999999999773,1,1,1,1,1
2018-05-08,177.5,184.1,177.5,180.75,170.81071428571428,0.6146791476316954,82.05128205128209,0.5,-0.9499999999999886,1,0,0,0,0
2018-05-09,180.4,183.35,178.15,182.65,171.59642857142856,0.8165967126887858,82.71604938271608,-0.3499999999999943,2.9000000000000057,0,0,0,0,0
2018-05-10,182.95,183.9,176.5,178.75,172.22142857142856,0.8052516113939561,74.44444444444443,0.29999999999998295,2.549999999999983,0,1,0,0,0
2018-05-11,179.0,179.8,177.0,178.2,173.19642857142853,0.7616511818403493,74.30683918669126,0.25,-3.9499999999999886,1,0,0,0,0
2018-05-14,178.2,181.4,178.05,178.8,174.1285714285714,0.734031097894428,70.98121085594988,0.0,-0.8000000000000114,0,0,0,0,0
2018-05-15,177.65,181.45,173.6,174.6,174.6892857142857,0.6254556146901049,52.953586497890306,-1.1500000000000057,-0.549999999999983,0,1,0,0,0
2018-05-16,173.15,175.85,171.3,174.0,175.29285714285712,0.4862936671750514,49.46236559139785,-1.4499999999999886,-4.5,1,0,0,0,0
2018-05-17,174.1,179.65,172.5,177.85,176.2071428571428,0.400741033192875,62.3983739837398,0.09999999999999432,0.9499999999999886,0,0,0,0,0
2018-05-18,178.5,178.95,172.55,173.3,176.53214285714282,0.08871597271176773,43.788187372708805,0.6500000000000057,4.400000000000006,0,0,0,0,0
2018-05-21,172.5,174.6,165.85,166.95,176.08571428571423,-0.25256741315764336,33.38842975206613,-0.8000000000000114,-6.0,0,0,0,1,1
2018-05-22,165.0,168.2,162.8,166.0,175.49642857142854,-0.41473162200587343,23.132969034608422,-1.9499999999999886,-7.5,0,0,1,1,1
2018-05-23,166.15,167.05,162.2,162.65,174.84642857142853,-0.5635091980832537,15.397923875432568,0.15000000000000568,1.1500000000000057,1,1,1,1,1
2018-05-24,162.85,164.5,159.25,162.9,173.88571428571427,-0.525698380569745,18.613861386138666,0.19999999999998863,-3.3000000000000114,1,1,1,1,1
2018-05-25,163.0,170.0,162.6,168.7,173.29285714285712,-0.4926091174811241,34.42622950819671,0.09999999999999432,0.15000000000000568,1,1,1,1,0
2018-05-28,170.05,174.1,169.5,173.3,172.76071428571427,-0.3907690378545885,42.02898550724638,1.3500000000000227,7.050000000000011,0,0,0,0,0
2018-05-29,173.35,174.9,170.25,171.85,171.98928571428567,-0.18817763059390827,45.669291338582674,0.04999999999998295,3.299999999999983,1,0,0,0,0
2018-05-30,168.6,173.75,168.6,172.8,171.5642857142857,-0.08290278822848327,48.130841121495344,-3.25,-4.75,0,0,0,0,0
2018-05-31,173.5,174.6,169.05,169.85,170.96785714285713,0.02103361429896467,37.1794871794872,0.6999999999999886,4.900000000000006,0,0,0,0,0
2018-06-01,170.35,170.95,163.35,164.1,169.91785714285712,0.2042469599416385,35.80246913580247,0.5,-3.1500000000000057,1,0,1,1,1
2018-06-04,164.4,166.9,162.5,165.0,169.23214285714283,0.27826900121127696,46.38218923933213,0.30000000000001137,-5.949999999999989,0,1,1,1,1
2018-06-05,164.9,168.2,161.4,164.1,168.52499999999995,0.32260592899229557,46.46840148698884,-0.09999999999999432,0.5,1,1,1,1,1
2018-06-06,164.55,167.55,163.7,166.9,167.7428571428571,0.17138218679315811,58.064516129032235,0.45000000000001705,-0.3499999999999943,1,1,1,1,0
2018-06-07,168.05,170.1,166.85,167.25,167.31071428571425,-0.000589220914590297,58.223062381852515,1.1500000000000057,3.5,1,1,1,0,1
2018-06-08,167.05,169.25,165.6,168.7,167.43571428571425,-0.025726144535876717,50.0,-0.19999999999998863,-1.0,0,0,0,0,0
2018-06-11,169.0,170.4,167.3,167.75,167.56071428571425,0.024351005083621428,34.95934959349594,0.30000000000001137,1.9499999999999886,1,0,0,0,0
2018-06-12,167.85,169.4,167.2,167.95,167.93928571428566,0.25864174899246123,38.66279069767442,0.09999999999999432,-1.1500000000000057,0,0,0,0,0
2018-06-13,167.55,169.4,165.0,165.6,168.13214285714278,0.6129872801921973,30.645161290322534,-0.39999999999997726,-0.29999999999998295,1,0,0,0,0
2018-06-14,165.0,168.2,164.45,167.75,168.06428571428566,0.6714646497033364,44.101123595505626,-0.5999999999999943,-2.5500000000000114,0,0,0,0,0
2018-06-15,167.75,168.85,164.5,165.05,167.47499999999994,0.5774375787800088,53.22033898305091,0.0,2.75,0,0,0,0,0
2018-06-18,165.0,166.15,163.4,164.4,166.9428571428571,0.48342096717482247,47.93103448275863,-0.05000000000001137,-2.75,0,0,0,0,0
2018-06-19,163.65,164.25,160.5,162.8,166.22857142857137,0.29030448646386553,45.72368421052636,-0.75,-1.3499999999999943,1,0,0,0,0
2018-06-20,162.8,164.45,161.4,163.35,165.76428571428568,0.1334052853099071,36.29343629343617,0.0,-0.8499999999999943,0,0,0,0,0
2018-06-21,164.7,164.7,160.5,160.95,165.53928571428565,0.5507816899942946,28.999999999999886,1.3499999999999943,1.8999999999999773,1,0,0,0,0
2018-06-22,160.55,162.2,158.75,161.7,165.30357142857136,0.7441961303662372,25.52447552447545,-0.39999999999997726,-4.149999999999977,0,0,0,0,0
2018-06-25,161.5,161.5,156.1,156.7,164.77499999999992,0.9040499780973061,19.891008174386826,-0.19999999999998863,0.9499999999999886,0,0,0,0,0
2018-06-26,155.7,157.9,154.9,155.95,163.99285714285705,0.9327466432097512,18.253968253968225,-1.0,-5.800000000000011,0,0,0,0,0
2018-06-27,156.15,156.6,150.7,152.3,162.92499999999993,0.9572576983164128,17.079207920792044,0.20000000000001705,0.45000000000001705,0,0,0,0,0
2018-06-28,151.25,154.9,147.25,148.35,161.4714285714285,0.9777636241802146,5.9090909090908355,-1.0500000000000114,-4.900000000000006,1,0,0,0,0
2018-06-29,150.0,152.95,149.05,151.65,160.3214285714285,0.95918226915105,20.353982300884923,1.6500000000000057,-1.25,0,0,0,0,0
2018-07-02,151.8,152.7,144.6,146.85,158.81428571428566,0.9641932620585264,17.196261682242962,0.15000000000000568,1.8000000000000114,1,1,0,1,1
2018-07-03,147.0,148.75,145.15,147.8,157.54285714285712,0.9530294352229448,21.264367816091976,0.15000000000000568,-4.800000000000011,0,0,1,1,1
2018-07-04,146.65,148.4,146.4,147.25,156.0785714285714,0.9365690923590001,19.157088122605444,-1.1500000000000057,-0.3499999999999943,0,1,1,1,1
2018-07-05,147.25,149.4,145.15,146.45,154.74999999999994,0.9220102888327545,20.408163265306186,0.0,0.5999999999999943,1,1,1,1,1
2018-07-06,145.35,152.0,145.0,149.85,153.7107142857142,0.8667360477782515,28.176795580110564,-1.0999999999999943,-1.9000000000000057,1,1,1,1,0
2018-07-09,151.0,152.0,149.0,150.35,152.82142857142847,0.8044433674413488,35.98233995584994,1.1500000000000057,5.650000000000006,1,1,1,0,0
2018-07-10,151.2,155.7,150.65,155.35,152.24999999999991,0.6243635501494343,48.88475836431228,0.8499999999999943,0.19999999999998863,0,0,0,0,0
2018-07-11,154.4,155.2,152.15,154.0,151.75357142857135,0.4428118547904287,53.45528455284549,-0.9499999999999886,3.200000000000017,0,0,0,0,0
2018-07-12,155.3,158.6,151.9,152.75,151.11428571428564,0.18616933414419137,60.0456621004566,1.3000000000000114,0.9000000000000057,0,0,0,0,0
2018-07-13,153.35,153.85,146.4,147.25,150.43928571428566,0.08145861335966521,40.87136929460581,0.5999999999999943,-1.950000000000017,0,1,1,1,1
2018-07-16,147.25,147.25,140.55,141.7,149.42142857142852,0.09058232086822364,39.637826961770635,0.0,-6.099999999999994,1,1,1,1,1
2018-07-17,141.95,148.2,141.7,147.3,149.06428571428566,0.02446118290943053,49.152542372881356,0.25,-5.300000000000011,1,1,1,1,1
2018-07-18,147.35,153.2,145.7,151.55,149.29285714285712,0.0009626662377581065,56.47590361445784,0.04999999999998295,5.400000000000006,0,1,1,1,1
2018-07-19,152.3,152.9,148.15,151.15,149.2571428571428,-0.16239924017914514,57.16463414634148,0.75,4.950000000000017,1,1,1,1,1
2018-07-20,151.8,156.6,150.85,155.6,149.8821428571428,-0.15194626683212026,58.49335302806498,0.6500000000000057,-0.5,1,1,1,1,1
2018-07-23,157.7,171.85,156.2,170.9,151.53214285714282,-0.04260069282520598,71.120246659815,2.0999999999999943,5.899999999999977,1,1,1,1,1
2018-07-24,172.6,185.0,171.65,178.9,153.79285714285712,0.3235779508578001,72.7976766698935,1.6999999999999886,14.900000000000006,1,0,0,0,0
2018-07-25,178.7,185.0,177.05,184.25,156.4928571428571,0.7220535503469194,77.17879604672055,-0.20000000000001705,6.099999999999994,0,0,0,0,0
2018-07-26,185.85,185.85,176.45,178.05,158.50714285714284,0.824273933322552,70.87458745874588,1.5999999999999943,7.150000000000006,0,1,0,0,0
2018-07-27,180.35,180.7,174.7,176.95,160.40714285714284,0.838446875462901,76.42348754448395,2.299999999999983,-5.5,1,0,0,0,1
2018-07-30,176.15,180.2,175.25,178.3,162.04642857142858,0.834028434618434,85.19230769230768,-0.799999999999983,-4.199999999999989,0,0,0,1,1
2018-07-31,177.95,178.95,173.6,176.0,163.61785714285716,0.8119247921243665,79.4661190965092,-0.35000000000002274,1.799999999999983,1,0,1,1,1
2018-08-01,176.0,178.7,174.6,176.2,165.29285714285714,0.7879806569216752,77.6035834266517,0.0,-1.9499999999999886,0,1,1,1,0
2018-08-02,176.2,177.2,172.4,175.0,167.275,0.748737012067412,76.23762376237622,0.0,0.19999999999998863,1,1,1,0,1
2018-08-03,175.7,183.4,175.7,180.8,170.06785714285715,0.7366968747115274,76.92307692307692,0.6999999999999886,-0.5,0,0,0,0,0
2018-08-06,182.5,183.5,179.0,180.0,172.40357142857144,0.6949130142400756,64.08668730650152,1.6999999999999886,6.800000000000011,0,0,1,0,0
2018-08-07,180.85,180.95,174.8,176.5,174.18571428571428,0.5954703477094243,45.68345323741008,0.8499999999999943,-1.6500000000000057,0,1,1,0,1
2018-08-08,176.4,179.3,173.85,174.6,175.86071428571427,0.39792712106006484,30.184804928131456,-0.09999999999999432,-4.449999999999989,1,1,0,1,1
2018-08-09,175.25,182.4,175.25,180.5,177.6392857142857,0.1162534283389422,55.093555093555054,0.6500000000000057,-1.1500000000000057,0,0,0,0,1
2018-08-10,181.35,182.1,176.7,177.35,178.09999999999997,-0.23803800033015424,50.766283524904225,0.8499999999999943,6.099999999999994,0,1,0,1,1
2018-08-13,175.65,177.4,173.2,174.55,177.78928571428568,-0.3147998691286046,43.19419237749547,-1.6999999999999886,-5.699999999999989,1,1,1,1,1
2018-08-14,174.7,180.65,174.25,179.15,177.42499999999998,0.05713245207208005,55.276381909547744,0.14999999999997726,-0.950000000000017,0,1,1,1,1
2018-08-16,178.15,178.15,175.0,176.5,177.3142857142857,0.076523899751233,50.46439628482974,-1.0,3.450000000000017,1,1,1,1,1
2018-08-17,177.5,182.8,176.5,181.75,177.65714285714284,0.17101057487451382,59.2847317744154,1.0,-0.6500000000000057,1,1,1,0,0
2018-08-20,184.4,189.5,184.0,186.4,178.23571428571427,0.34452239460415474,57.95454545454544,2.6500000000000057,6.900000000000006,0,0,0,0,0
2018-08-21,188.5,188.8,185.05,186.35,178.97499999999997,0.38100978638222976,59.216255442670516,2.0999999999999943,4.099999999999994,0,0,0,0,0
2018-08-23,186.5,187.8,183.0,184.6,179.575,0.40021082141673125,62.385321100917416,0.15000000000000568,-2.0,0,0,0,1,0
2018-08-24,184.6,186.25,179.1,180.55,179.97142857142856,0.2615879397626852,58.53658536585368,0.0,-1.9000000000000057,1,1,1,1,1
2018-08-27,181.8,183.55,180.15,180.7,179.9642857142857,0.41588208737453414,50.34364261168383,1.25,-2.799999999999983,1,1,1,1,0
2018-08-28,181.1,184.6,180.5,183.9,180.2428571428571,0.6123533912539225,61.2349914236707,0.4000000000000057,-0.700000000000017,1,0,0,0,0
2018-08-29,184.35,189.35,183.1,185.7,180.89999999999995,0.6607764170272746,69.8046181172291,0.44999999999998863,3.25,0,0,0,0,0
2018-08-30,185.95,187.05,182.95,183.9,181.5642857142857,0.5607303327662476,59.36883629191323,0.25,1.5999999999999943,0,0,0,0,0
2018-08-31,184.0,186.45,180.2,181.4,181.6285714285714,0.49258190643643573,59.72222222222225,0.09999999999999432,-1.9499999999999886,0,0,0,0,0
2018-09-03,182.75,184.2,179.55,180.15,181.82857142857142,0.3577986028715522,46.22641509433963,1.3499999999999943,-1.25,0,0,0,0,0
2018-09-04,180.3,180.45,167.55,169.25,181.45,-0.08745204242013431,18.761384335154773,0.15000000000000568,-2.4499999999999886,0,0,0,0,0
2018-09-05,168.0,171.4,162.3,165.2,180.4535714285714,-0.18067726413618754,16.37519872813985,-1.25,-12.300000000000011,0,1,0,0,0
2018-09-06,167.0,169.2,162.8,164.7,179.61071428571424,-0.19707489529228475,17.052980132450273,1.8000000000000114,-1.0,1,0,0,0,0
2018-09-07,164.15,169.3,160.0,168.15,178.63928571428568,-0.009456775431287846,29.054054054054035,-0.549999999999983,-2.8499999999999943,0,0,0,0,0
2018-09-10,167.0,167.0,160.2,161.15,176.83571428571423,0.4397959641092305,23.182441700960254,-1.1500000000000057,2.8499999999999943,0,0,0,0,0
2018-09-11,162.0,163.4,156.0,157.0,174.73928571428567,0.6989697195441217,14.037433155080208,0.8499999999999943,-5.0,0,1,0,0,0
2018-09-12,157.1,157.7,151.75,155.85,172.68571428571425,0.7888550723060244,9.387755102040856,0.09999999999999432,-4.900000000000006,1,0,0,0,0
2018-09-14,158.0,162.5,156.75,161.1,171.29642857142852,0.7694669918247347,21.64179104477614,2.1500000000000057,0.9000000000000057,0,0,0,0,0
