2016-10-25,681.1,687.5,673.3,685.45,662.9892857142859,0.7341089235395021,69.3805309734514,-5.100000000000023,11.600000000000023,0,0,0,0,0
2016-10-26,683.4,686.45,670.9,676.05,665.7464285714286,0.6641138666068782,65.1704073150457,-2.050000000000068,2.2999999999999545,1,0,0,1,0
2016-10-27,669.0,680.25,665.15,676.6,667.6535714285716,0.6123318164174542,66.24999999999994,-7.0499999999999545,-14.399999999999977,0,0,0,0,0
2016-10-28,673.0,676.5,666.35,669.05,667.5357142857143,0.7191720481775905,51.90311418685114,-3.6000000000000227,4.0,1,1,0,0,0
2016-10-30,669.05,674.3,667.5,669.25,667.9428571428572,0.7344654464885868,60.099502487562106,0.0,-3.9500000000000455,1,0,0,0,0
2016-11-01,671.05,679.85,667.15,676.15,669.2535714285715,0.7234317972656604,67.70072992700719,1.7999999999999545,2.0,0,0,0,0,0
2016-11-02,670.0,670.0,655.0,660.15,669.4714285714286,0.5312332239221083,49.66392830470497,-6.149999999999977,-1.0499999999999545,0,0,0,1,0
2016-11-03,663.7,664.0,640.8,644.05,667.842857142857,0.31224700706561676,38.89570552147242,3.550000000000068,-6.2999999999999545,0,1,1,1,1
2016-11-04,643.0,649.4,632.0,643.5,666.7285714285714,0.11721489662196728,33.706385780118566,-1.0499999999999545,-20.700000000000045,1,1,1,1,1
2016-11-07,648.0,666.5,646.6,660.1,666.967857142857,-0.03147059654330701,32.50670241286868,4.5,5.0,1,0,1,0,0
2016-11-08,657.0,667.9,654.35,660.55,666.9642857142856,-0.16734846636464482,33.24360699865409,-3.1000000000000227,9.0,0,1,0,0,0
2016-11-09,635.0,669.0,626.6,659.95,666.8071428571428,-0.34781509634888463,37.70992366412221,-25.549999999999955,-22.0,1,0,0,0,0
2016-11-10,658.5,672.95,658.5,664.55,666.5428571428571,-0.5244126291486756,41.33716750539173,-1.4500000000000455,23.5,0,0,0,0,0
2016-11-11,650.0,660.5,644.95,649.6,663.9285714285713,-0.11679962439091647,37.3619233268356,-14.549999999999955,-8.5,0,0,0,0,0
2016-11-15,646.3,654.8,621.55,643.6,660.9392857142856,0.48905459928483774,34.50151057401807,-3.300000000000068,-3.7000000000000455,0,0,0,0,0
2016-11-16,650.0,661.05,629.15,634.15,657.9464285714284,0.7196310159909391,25.38100820633052,6.399999999999977,3.7000000000000455,1,1,0,1,0
2016-11-17,635.0,643.8,621.15,635.5,655.0107142857141,0.7766332601441606,32.554847841472,0.8500000000000227,-15.0,1,0,1,0,1
2016-11-18,636.15,646.75,634.0,642.55,653.117857142857,0.7448322545655373,48.78246753246752,0.6499999999999773,1.1499999999999773,0,0,0,0,0
2016-11-21,646.7,647.5,630.05,633.85,650.5892857142856,0.7735488026168567,43.08243727598564,4.150000000000091,10.550000000000068,1,1,1,1,1
2016-11-22,634.5,644.6,634.0,640.9,648.0714285714284,0.7438896219978282,34.05315614617926,0.6499999999999773,-12.200000000000045,0,0,0,1,1
2016-11-23,640.0,643.0,624.4,633.9,646.1964285714284,0.7476786517026144,30.037453183520512,-0.8999999999999773,5.5,1,1,1,1,1
2016-11-24,628.1,643.9,626.55,638.1,645.7714285714285,0.7933744699206721,34.47050461975829,-5.7999999999999545,-11.899999999999977,1,1,1,1,0
2016-11-25,641.0,647.3,635.2,639.4,645.4785714285714,0.8354213761624637,31.245339299030547,2.8999999999999773,12.899999999999977,1,1,1,0,0
2016-11-28,641.0,663.75,640.05,651.3,644.8499999999998,0.6904498834776029,51.32812499999995,1.6000000000000227,0.0,0,0,0,0,0
2016-11-29,653.0,657.65,642.0,643.8,643.6535714285712,0.5904117920353567,50.15267175572514,1.7000000000000455,12.0,1,0,0,0,0
2016-11-30,645.5,651.0,635.6,643.95,642.5107142857141,0.42947813858051387,58.71886120996448,1.7000000000000455,-7.5,0,0,0,0,0
2016-12-01,636.8,640.0,618.55,628.9,639.9642857142856,0.23194884727331597,45.27896995708152,-7.150000000000091,-8.700000000000045,0,0,0,1,1
2016-12-02,620.0,624.7,605.45,608.15,637.0035714285713,0.37224842556993876,29.425837320574175,-8.899999999999977,-16.799999999999955,0,1,1,1,1
2016-12-05,604.9,616.95,598.15,604.2,634.1892857142856,0.5483265873726636,31.19847812301842,-3.25,-15.100000000000023,1,1,1,1,1
2016-12-06,608.0,615.95,605.1,612.95,632.675,0.7075827567774639,32.65052762259472,3.7999999999999545,3.1000000000000227,1,1,1,0,1
2016-12-07,616.0,634.0,615.4,632.15,632.4357142857142,0.6930992571796959,49.056603773584904,3.0499999999999545,8.0,1,1,0,0,0
2016-12-08,641.0,641.85,632.2,638.05,632.1142857142856,0.5756428323566634,49.97353096876651,8.850000000000023,25.0,0,0,0,0,0
2016-12-09,637.8,638.0,625.3,634.65,632.1714285714285,0.5612609595570959,47.540134645261524,-0.25,-3.2000000000000455,0,0,0,0,0
2016-12-12,627.9,631.8,610.0,611.85,630.0964285714284,0.6060981563046244,31.642624476500714,-6.75,-9.899999999999977,1,1,1,0,0
2016-12-13,612.1,631.0,609.5,628.65,629.7214285714284,0.5891596300086411,43.511777301927204,0.25,-15.799999999999955,0,0,0,0,0
2016-12-14,626.9,633.0,618.15,620.6,628.4714285714284,0.5888722579590813,40.63377456879259,-1.75,14.799999999999955,0,0,0,0,0
2016-12-15,619.9,630.8,608.4,615.65,626.7749999999999,0.5922545518288898,44.21649934526406,-0.7000000000000455,-7.0,0,0,0,0,0
2016-12-16,610.0,616.75,604.0,611.1,623.9035714285714,0.5240312226096902,51.49974580579566,-5.649999999999977,-9.899999999999977,1,1,1,0,0
2016-12-19,618.9,623.0,610.1,611.85,621.6214285714286,0.44353091908320896,54.01996847083552,7.7999999999999545,8.899999999999977,1,1,0,0,0
2016-12-20,614.4,618.05,609.15,612.05,619.342857142857,0.292041184611855,49.480369515011496,2.5499999999999545,-4.5,1,0,0,0,1
2016-12-21,611.6,616.35,602.4,613.8,618.2642857142856,0.23089890286189801,36.73174258857549,-0.4499999999999318,-2.7999999999999545,0,0,0,1,1
2016-12-22,614.8,615.65,605.9,610.75,618.4499999999999,0.44236049532136673,29.411764705882305,1.0,3.199999999999932,1,0,1,1,1
2016-12-23,609.75,616.25,607.25,610.9,618.9285714285713,0.6923444328019777,31.165741475019743,-1.0,-5.0499999999999545,0,1,1,1,1
2016-12-26,611.0,611.05,600.4,602.25,618.1642857142855,0.8302173129647752,40.18404907975453,0.10000000000002274,1.25,1,1,1,1,1
2016-12-27,603.0,616.95,601.2,615.55,616.9785714285712,0.7668562964471686,35.57268722466951,0.75,-8.0,0,1,1,1,1
2016-12-28,616.0,619.5,610.35,615.15,615.3428571428569,0.6644781424100031,42.78145695364228,0.4500000000000455,13.0,1,1,1,1,1
2016-12-29,615.5,645.0,614.05,639.65,615.6999999999998,0.07661482259775215,70.94240837696346,0.35000000000002274,-0.5,0,1,1,1,1
2016-12-30,635.55,638.45,630.0,635.5,617.3892857142855,0.029967091431902432,71.44112478031641,-4.100000000000023,20.049999999999955,1,1,1,1,1
2017-01-02,640.0,644.75,637.4,640.5,618.2357142857142,-0.21285037271995877,73.42600163532305,4.5,4.4500000000000455,1,1,1,1,1
2017-01-03,644.0,658.0,636.6,650.55,620.3749999999998,-0.19403111656114377,77.11267605633812,3.5,4.0,1,1,1,1,1
2017-01-04,649.8,660.9,641.85,655.45,623.2178571428569,0.12380116898097066,78.08496291301427,-0.75,5.7999999999999545,1,1,0,1,1
2017-01-05,654.5,674.45,653.0,672.7,627.617857142857,0.610006252388117,85.05942275042452,-0.9500000000000455,4.7000000000000455,0,0,0,0,0
2017-01-06,671.0,681.0,661.55,664.85,631.4035714285712,0.7333788814905525,78.0843310775638,-1.7000000000000455,16.5,0,0,0,0,0
2017-01-09,664.25,667.65,651.0,653.1,634.3357142857142,0.7068264080667445,75.64296520423602,-0.6000000000000227,-6.75,1,1,1,1,1
2017-01-10,659.75,676.0,658.3,660.3,637.6571428571427,0.7089557074840671,74.0462117141322,6.649999999999977,-4.5,1,0,0,1,1
2017-01-11,662.0,666.0,654.7,660.9,641.2392857142856,0.7063206971207707,74.53083109919571,1.7000000000000455,2.25,0,0,1,1,0
2017-01-12,662.0,668.7,657.15,659.3,644.6964285714284,0.6921668395230325,63.965884861407226,1.1000000000000227,0.0,0,1,1,0,1
2017-01-13,664.9,664.9,651.0,657.65,648.6535714285712,0.6808859410866243,66.32277081798082,5.600000000000023,2.8999999999999773,1,1,0,1,1
2017-01-16,662.65,671.1,655.6,668.1,652.4071428571427,0.6940951984282232,68.82673942701227,5.0,-2.25,0,0,1,0,1
2017-01-17,669.95,672.45,662.05,664.95,655.9642857142857,0.6913992196931418,60.84337349397595,1.8500000000000227,7.300000000000068,0,1,0,1,1
2017-01-18,664.1,664.15,650.3,655.45,657.0928571428573,0.553532376323342,50.0,-0.8500000000000227,-5.850000000000023,1,1,1,1,1
2017-01-19,657.1,676.7,654.1,673.9,659.8357142857143,0.5371284751102916,50.83102493074788,1.6499999999999773,-7.0,0,1,1,1,1
2017-01-20,672.0,676.0,662.0,664.75,661.5678571428572,0.39674403911398626,49.93197278911563,-1.8999999999999773,14.899999999999977,1,1,1,1,1
2017-01-23,662.0,682.0,661.5,677.05,663.4607142857143,0.39017858040049264,66.17150573936529,-2.75,-10.0,1,1,1,1,1
2017-01-24,677.0,688.2,673.7,682.4,665.3857142857142,0.4363426962332125,65.30470914127426,-0.049999999999954525,15.0,1,1,1,0,1
2017-01-25,686.0,718.3,677.65,711.2,668.1357142857142,0.6623948329674997,75.04980079681279,3.6000000000000227,9.0,0,0,0,0,0
2017-01-27,713.0,726.8,691.3,704.75,670.9857142857143,0.7765846089300918,71.59144893111642,1.7999999999999545,27.0,0,0,0,0,0
2017-01-30,706.4,708.0,694.7,704.65,674.6678571428571,0.8099437568503576,72.66152362584377,1.6499999999999773,-6.600000000000023,0,0,0,0,1
2017-01-31,705.5,705.5,677.05,681.65,676.1928571428571,0.7826463736690523,55.8279569892473,0.8500000000000227,-0.8999999999999773,1,1,1,1,1
2017-02-01,682.05,697.2,673.2,692.75,678.467857142857,0.7897118410965697,61.19162640901769,0.39999999999997726,-23.450000000000045,1,1,1,1,1
2017-02-02,695.0,713.0,694.4,701.9,681.5107142857142,0.7980673083559892,68.75252321356476,2.25,12.950000000000045,0,1,1,1,1
2017-02-03,701.0,701.8,688.8,698.6,684.4357142857143,0.7616114066983762,61.36154553817849,-0.8999999999999773,6.0,1,1,1,1,1
2017-02-06,703.4,711.3,699.0,705.35,687.0964285714286,0.7664974669013256,69.09689557855127,4.7999999999999545,2.3999999999999773,1,1,1,1,1
2017-02-07,707.7,722.95,704.05,716.65,690.7892857142857,0.7788591075334043,68.80341880341881,2.3500000000000227,4.300000000000068,1,1,0,0,0
2017-02-08,718.7,727.0,714.1,720.5,695.4357142857142,0.7786202446249854,68.35260115606937,2.050000000000068,11.0,1,0,0,0,0
2017-02-09,725.0,729.0,721.05,726.85,699.217857142857,0.798287832485307,59.61893054701903,4.5,6.2999999999999545,0,0,0,0,0
2017-02-10,733.0,733.0,712.0,715.55,702.8464285714284,0.7558979231785597,56.26450116009278,6.149999999999977,8.0,0,0,0,0,0
2017-02-13,715.0,718.9,710.05,714.55,705.5249999999999,0.6953498043018168,55.68312284730194,-0.5499999999999545,-18.0,0,0,0,0,0
2017-02-14,716.7,716.8,686.8,692.05,706.2142857142856,0.39058833527274545,56.004618937644324,2.150000000000091,1.7000000000000455,0,0,0,1,1
2017-02-15,692.0,699.8,668.0,674.7,703.6071428571428,0.20353831028926916,40.28002154011848,-0.049999999999954525,-24.700000000000045,0,1,1,1,1
2017-02-16,670.55,677.15,662.0,669.4,701.0821428571427,0.07625714555336256,31.741573033707866,-4.150000000000091,-21.450000000000045,1,1,1,1,1
2017-02-17,670.6,683.45,665.05,679.0,699.2499999999999,0.05739483824709559,39.716684155299056,1.2000000000000455,0.05000000000006821,1,1,1,1,1
2017-02-20,682.5,702.0,680.05,700.25,700.5785714285713,-0.08955022544769596,47.6775956284153,3.5,11.899999999999977,1,1,1,1,0
2017-02-21,705.0,717.0,701.1,703.95,701.3785714285714,-0.1769036564187865,43.78669275929553,4.75,22.5,1,1,1,0,0
2017-02-22,705.0,718.0,703.6,714.3,702.2642857142856,-0.170237707082382,47.14811407543696,1.0499999999999545,0.0,1,0,0,0,0
2017-02-23,715.0,721.65,706.65,717.65,703.6249999999999,-0.20478522107399078,45.64806054872278,0.7000000000000455,10.0,0,0,0,0,0
2017-02-27,714.0,724.8,700.9,707.7,703.7928571428571,-0.2369460548753484,46.238620028749445,-3.6499999999999773,-1.0,0,0,0,0,0
2017-02-28,690.0,694.9,668.0,670.05,700.4642857142856,-0.05823730077296884,34.219858156028366,-17.700000000000045,-24.0,0,0,0,0,0
2017-03-01,675.0,676.9,653.4,659.45,696.1035714285714,0.42086945485798877,37.37412858249422,4.9500000000000455,-15.0,0,0,0,0,0
2017-03-02,661.95,665.4,630.85,635.15,689.5535714285713,0.7822449196170767,35.4649026093348,2.5,-13.049999999999955,0,1,1,1,0
2017-03-03,633.9,635.4,615.25,632.8,683.642857142857,0.8363041488674312,36.25093914350112,-1.25,-28.050000000000068,1,1,1,0,0
2017-03-06,637.3,643.4,632.4,637.55,678.142857142857,0.8232668706352081,33.840155945419085,4.5,3.3999999999999773,1,1,0,0,0
2017-03-07,641.0,648.7,638.8,645.9,674.8464285714284,0.8007415842038937,26.441265713047244,3.4500000000000455,3.7000000000000455,0,0,0,0,0
2017-03-08,645.5,650.35,630.1,639.0,672.2964285714285,0.8257245350275855,22.606495149725816,-0.39999999999997726,4.5,0,0,0,0,1
2017-03-09,644.15,644.4,630.45,632.0,669.6249999999999,0.8582893104951345,14.279513888888928,5.149999999999977,-1.3500000000000227,0,1,1,1,1
2017-03-10,635.9,636.95,620.1,623.35,665.6499999999999,0.87518869807721,10.871369294605842,3.8999999999999773,-8.25,1,1,1,1,1
2017-03-14,636.0,641.0,629.0,636.7,661.1107142857143,0.8469630845672851,21.34786117836967,12.649999999999977,0.10000000000002274,0,1,1,1,1
2017-03-15,635.25,643.85,632.85,636.5,656.2928571428571,0.8083079275112773,30.595720069404322,-1.4500000000000455,-0.75,1,1,1,1,1
2017-03-16,639.0,649.4,637.05,647.75,651.5392857142857,0.7178264463477242,43.28358208955222,2.5,3.75,0,0,0,0,1
2017-03-17,650.0,650.0,638.05,642.1,646.1428571428571,0.6103894806681577,55.07669831994159,2.25,11.0,1,0,1,1,1
2017-03-20,640.0,648.0,635.35,643.6,641.5642857142857,0.38971076869923293,57.98816568047342,-2.1000000000000227,-10.0,0,1,1,1,0
2017-03-21,642.0,649.0,633.8,641.9,639.5535714285714,0.04927684464146431,53.369481022463226,-1.6000000000000227,2.0,1,1,1,1,1
2017-03-22,636.65,648.5,628.05,645.0,638.5214285714285,-0.49449532613952313,49.241146711635764,-5.25,-5.350000000000023,1,1,0,1,0
2017-03-23,655.0,660.0,648.1,655.05,639.9428571428571,-0.5684394113207173,62.85028022417929,10.0,18.350000000000023,0,0,0,0,0
2017-03-24,650.0,652.0,645.1,649.7,641.15,-0.563586312058817,64.55592105263162,-5.0499999999999545,-5.0,0,0,0,0,1
2017-03-27,649.8,653.9,640.95,643.15,641.5500000000001,-0.5657121691588806,66.86541737649057,0.09999999999990905,-0.20000000000004547,1,0,0,1,0
2017-03-28,641.5,648.4,640.0,645.95,641.5535714285716,-0.7423124222122336,59.60539979231566,-1.6499999999999773,-8.299999999999955,0,0,1,0,0
2017-03-29,647.5,650.5,641.05,643.1,641.8464285714288,-0.8079015763215913,56.496062992126,1.5499999999999545,6.0,0,1,0,0,1
2017-03-30,643.1,646.5,638.45,640.65,642.4642857142859,-0.7694966537731576,41.547619047619044,0.0,-4.399999999999977,1,0,0,1,1
2017-03-31,644.0,658.0,642.05,649.85,644.357142857143,-0.5516071679651621,58.50713501646539,3.3500000000000227,0.8999999999999773,0,0,0,1,1
2017-04-03,649.0,649.55,636.6,638.4,644.4785714285715,-0.3786465253669968,45.315315315315296,-0.8500000000000227,5.0,0,1,1,1,1
2017-04-05,643.2,643.3,631.2,637.75,644.5678571428572,-0.10913955622535143,46.18916437098259,4.800000000000068,-5.7999999999999545,1,1,1,1,1
2017-04-06,637.8,647.6,632.5,646.2,644.4571428571429,-0.3549790390985777,51.00334448160539,0.049999999999954525,-5.400000000000091,1,1,1,1,1
2017-04-07,643.0,679.5,642.55,675.35,646.8321428571429,0.34962056344384385,62.86438529784538,-3.2000000000000455,5.2000000000000455,1,1,1,1,1
2017-04-10,680.0,704.85,680.0,700.3,650.8821428571429,0.7196604606528068,75.68527918781716,4.649999999999977,37.0,1,1,1,1,1
2017-04-11,703.9,713.6,700.2,710.4,655.775,0.8562855998034594,82.94953454189117,3.6000000000000227,23.899999999999977,1,1,1,1,1
2017-04-12,713.4,721.65,698.25,717.3,660.9392857142857,0.9115390170249238,83.6081017428167,3.0,9.5,1,1,1,1,1
2017-04-13,720.85,741.95,711.05,731.1,666.3714285714286,0.9465674584726351,87.57472245943633,3.550000000000068,7.4500000000000455,0,0,0,0,0
2017-04-17,729.0,738.0,718.65,723.75,671.6607142857143,0.9306625478220293,84.0573770491803,-2.1000000000000227,8.149999999999977,1,0,0,0,0
2017-04-18,725.5,736.55,722.15,724.2,677.45,0.9065318734981238,82.82560706401763,1.75,-3.5,0,0,0,0,1
2017-04-19,723.4,731.7,711.7,722.9,682.9464285714286,0.8780260062335281,90.97963142580014,-0.8000000000000682,-2.1000000000000227,0,0,0,1,1
2017-04-20,725.25,729.85,720.0,721.3,688.5321428571427,0.8423424464476152,90.14896684286391,2.3500000000000227,1.8500000000000227,0,0,1,1,1
2017-04-21,724.45,727.35,713.2,715.8,693.8999999999999,0.7892963857503831,84.42136498516311,3.150000000000091,-0.7999999999999545,0,1,1,1,1
2017-04-24,716.2,720.0,706.05,714.85,698.5428571428571,0.7329977949260776,77.09190672153632,0.40000000000009095,-8.25,1,1,1,1,1
2017-04-25,717.0,741.8,717.0,739.35,705.7535714285714,0.7317084435372964,76.94962042788129,2.1499999999999773,0.7999999999999545,0,0,0,1,0
2017-04-26,741.9,744.9,722.5,731.75,712.467857142857,0.706318130815261,65.26090064331663,2.5499999999999545,24.899999999999977,1,0,1,1,0
2017-04-27,731.8,738.45,723.75,736.0,718.8821428571428,0.7183010205248521,63.893016344725105,0.049999999999954525,-10.100000000000023,0,1,1,0,0
2017-04-28,739.0,739.7,716.75,719.25,722.017857142857,0.5758684001304002,41.56583629893238,3.0,7.2000000000000455,1,1,1,1,0
2017-05-02,727.0,743.0,721.25,739.85,724.842857142857,0.5447829706918002,59.64071856287425,7.75,-12.0,0,0,0,0,0
2017-05-03,744.0,753.55,728.5,736.2,726.6857142857143,0.49995488026928675,56.920415224913484,4.149999999999977,17.0,0,0,0,0,0
2017-05-04,741.0,741.0,719.8,731.5,727.7,0.44055182357191275,54.77247502774696,4.7999999999999545,-3.0,0,0,0,0,0
2017-05-05,735.0,745.0,720.0,724.75,727.2464285714286,0.5066212964277184,51.81102362204726,3.5,-6.0,0,0,1,1,1
2017-05-08,726.0,729.6,710.1,715.6,726.6642857142858,0.3696322970973811,49.89888776541965,1.25,-9.0,1,1,1,1,1
2017-05-09,717.5,723.0,710.35,721.4,726.4642857142857,0.3293510513675225,53.156626506024075,1.8999999999999773,-8.5,1,1,1,1,1
2017-05-10,727.8,730.0,720.45,728.25,726.8464285714286,0.3223764573196535,43.554006968641104,6.399999999999977,10.299999999999955,1,1,0,1,0
2017-05-11,732.25,735.4,725.0,730.65,727.5142857142857,0.287833797556873,49.32014833127317,4.0,4.4500000000000455,1,0,1,0,0
2017-05-12,730.6,735.95,725.0,733.15,728.7535714285715,0.10524689340951648,48.19962097283637,-0.049999999999954525,-1.6499999999999773,0,1,0,0,0
2017-05-15,734.65,736.0,723.0,727.85,729.6821428571429,-0.3759458037156312,56.35155096011819,1.5,4.0499999999999545,1,0,0,0,0
2017-05-16,727.0,735.0,723.0,733.3,729.25,-0.10446328531390038,43.76784015223588,-0.8500000000000227,-7.649999999999977,0,0,0,0,0
2017-05-17,732.9,734.0,723.5,727.45,728.9428571428572,-0.04998357258929302,42.0091324200913,-0.39999999999997726,5.899999999999977,0,0,0,0,0
2017-05-18,722.2,727.5,711.0,714.9,727.4357142857143,0.21480253456784598,36.74121405750792,-5.25,-10.699999999999932,0,0,0,0,1
2017-05-19,715.25,722.45,700.0,702.45,726.2357142857144,0.15706065951150902,33.67496339677888,0.35000000000002274,-6.9500000000000455,0,0,1,1,1
2017-05-22,701.0,701.0,686.55,695.6,723.075,0.7408050525175938,34.8484848484848,-1.4500000000000455,-14.25,1,1,1,1,1
2017-05-23,694.2,706.0,688.4,699.55,720.4571428571428,0.8309083361375351,32.969602494154245,-1.3999999999999773,-6.7999999999999545,1,1,1,1,1
2017-05-24,703.0,716.7,691.25,711.9,719.0571428571428,0.7356321275008318,38.26274228284273,3.4500000000000455,8.799999999999955,1,1,1,1,1
2017-05-25,714.7,733.0,707.0,726.85,719.2071428571428,0.5374212821113198,47.68856447688567,2.800000000000068,11.700000000000045,1,1,1,1,1
2017-05-26,722.1,753.95,703.0,749.65,721.6392857142856,0.29644897922023167,58.0487804878049,-4.75,7.399999999999977,1,0,0,0,0
2017-05-29,754.0,769.25,747.0,754.85,724.0285714285714,0.21314917669355113,63.183593750000014,4.350000000000023,31.899999999999977,0,0,0,0,0
2017-05-30,743.75,744.95,725.7,738.75,724.7785714285714,0.1973632952233075,52.41043785935429,-11.100000000000023,-10.25,1,1,0,0,0
2017-05-31,740.2,748.15,738.0,742.65,725.6357142857142,0.19231242406972096,56.84068406840681,1.4500000000000455,-3.5499999999999545,0,0,0,0,0
2017-06-01,739.4,746.8,728.95,739.0,726.0535714285714,0.18364912578850295,61.790606653620365,-3.25,-0.8000000000000682,0,0,0,0,0
2017-06-02,738.8,740.0,722.85,724.8,725.8357142857142,0.18495162760726988,60.7503607503607,-0.20000000000004547,-0.6000000000000227,1,1,0,0,0
2017-06-05,725.0,737.6,723.65,728.55,725.4964285714285,0.15637131788142342,66.33614278631627,0.20000000000004547,-13.799999999999955,0,0,0,0,0
2017-06-06,731.0,736.0,723.65,725.55,725.3607142857142,0.1587321141630397,63.013013013013,2.4500000000000455,6.0,0,0,0,0,0
2017-06-07,727.0,727.4,711.0,717.3,725.5321428571426,0.20722429983155452,52.81837160751564,1.4500000000000455,-4.0,0,0,0,0,0
2017-06-08,724.85,728.5,705.2,706.85,725.8464285714283,0.24417082668056636,39.04709748083242,7.550000000000068,-2.1499999999999773,0,0,0,0,0
2017-06-09,709.2,711.35,695.5,703.75,726.4285714285712,0.11216522290225216,17.94692737430171,2.3500000000000227,-15.649999999999977,0,0,0,0,0
2017-06-12,704.9,706.7,699.0,701.7,726.5821428571427,-0.1663437028553802,11.17604090577062,1.1499999999999773,-4.300000000000068,0,0,0,0,0
2017-06-13,706.7,708.65,697.35,699.0,725.6607142857141,-0.41707793074433835,13.896457765667535,5.0,1.8000000000000682,0,0,0,0,0
2017-06-14,699.0,700.2,689.4,692.0,723.1714285714285,-0.3562003078821094,6.448839208942388,0.0,-7.7000000000000455,0,0,0,0,0
2017-06-15,692.0,695.0,663.5,670.4,717.5107142857141,0.5003281289525072,4.927726675427067,0.0,-7.0,1,0,0,0,0
2017-06-16,677.1,683.65,670.5,673.8,711.7214285714283,0.6937409022084885,10.949464012251113,6.7000000000000455,-14.899999999999977,0,0,0,0,0
2017-06-19,677.0,678.7,666.0,667.15,706.6071428571425,0.7695691836439713,4.9853372434017444,3.2000000000000455,-0.10000000000002274,0,0,0,0,0
2017-06-20,668.05,671.85,662.2,664.75,701.0428571428569,0.8147550753699515,5.029585798816541,0.8999999999999773,-8.950000000000045,0,0,0,0,0
2017-06-21,667.0,667.0,651.15,654.4,694.9999999999998,0.8670999697650844,4.878048780487774,2.25,-1.0499999999999545,0,0,0,0,0
2017-06-22,652.2,654.6,637.0,641.8,689.0714285714283,0.9029285800156037,4.7320807237299505,-2.199999999999932,-14.799999999999955,0,0,0,0,0
2017-06-23,645.0,646.05,628.6,630.75,682.0857142857141,0.9405067765870568,4.260651629072655,3.2000000000000455,-7.2000000000000455,0,0,0,1,1
2017-06-27,629.0,629.0,599.0,612.05,673.9785714285712,0.9722410566235908,3.5251425609123572,-1.75,-16.0,1,1,1,1,1
2017-06-28,610.0,624.6,608.65,616.7,666.7928571428571,0.9813614707934808,8.180894308943152,-2.0499999999999545,-19.0,1,1,1,1,1
2017-06-29,617.5,633.3,617.0,626.05,661.0214285714284,0.9664975392809491,17.270471464019835,0.7999999999999545,7.5,1,1,1,1,1
2017-06-30,624.05,641.3,622.35,639.4,656.4249999999998,0.9203083290496964,33.243243243243256,-2.0,6.5499999999999545,1,1,1,1,1
2017-07-03,640.1,651.35,640.1,649.35,652.6857142857141,0.8356012263718997,37.65774861181226,0.7000000000000455,16.050000000000068,1,1,1,1,1
2017-07-04,647.7,665.0,645.95,657.2,649.6999999999998,0.6915958892565798,45.03740648379056,-1.6499999999999773,7.600000000000023,1,1,1,1,1
2017-07-05,658.0,663.75,656.35,662.1,647.5642857142856,0.4686183993621973,48.71046228710463,0.7999999999999545,10.299999999999955,0,1,1,1,1
2017-07-06,663.9,664.0,657.5,660.05,646.8249999999998,0.28463687084899647,52.99100052938061,1.7999999999999545,5.899999999999977,1,1,1,1,0
2017-07-07,661.0,669.75,659.1,663.95,646.1214285714285,0.024816849441558174,62.915451895043745,0.9500000000000455,-2.8999999999999773,1,1,1,0,0
2017-07-10,645.2,691.2,645.2,664.65,645.9428571428571,-0.23482488945180754,72.48010610079568,-18.75,-15.799999999999955,1,1,0,0,0
2017-07-11,668.9,680.8,664.25,678.3,646.9107142857141,-0.5246947582712992,97.08599857853581,4.25,23.699999999999932,1,0,0,0,0
2017-07-12,684.0,687.0,678.25,683.7,649.0035714285714,-0.7076474871353782,97.11673699015462,5.7000000000000455,15.100000000000023,0,0,0,0,0
2017-07-13,458.0,465.75,454.4,458.55,635.9142857142857,0.09232008149077857,20.808644126873517,-225.70000000000005,-226.0,1,1,1,1,1
2017-07-14,462.9,464.4,456.1,460.8,623.7749999999999,0.4836059772219021,17.6214648295867,4.349999999999966,4.899999999999977,1,1,1,1,1
2017-07-17,461.0,469.0,460.0,467.45,613.4464285714286,0.7298976267138546,16.623853211009177,0.19999999999998863,-1.8999999999999773,1,1,0,0,0
2017-07-18,467.45,475.0,464.35,468.6,602.8678571428571,0.8247715819123921,14.52219714070732,0.0,6.449999999999989,1,0,0,0,0
2017-07-19,470.0,472.95,465.6,469.85,591.7107142857143,0.8422666287712895,13.332061796681316,1.3999999999999773,2.5500000000000114,0,0,0,0,1
2017-07-20,468.85,471.5,463.45,467.2,579.4107142857144,0.8288677385149481,13.3016175071361,-1.0,-1.1499999999999773,0,0,0,1,1
2017-07-21,467.2,468.9,461.4,467.15,566.3964285714286,0.8021530354597852,11.993047508690609,0.0,-1.650000000000034,0,0,1,1,1
2017-07-24,466.1,472.75,464.9,466.2,552.7535714285716,0.769787025555232,11.711364074860143,-1.0499999999999545,-1.099999999999966,1,1,1,1,1
2017-07-25,466.25,468.6,463.75,466.9,538.8107142857144,0.7313327923405238,7.0674248578392,0.05000000000001137,0.14999999999997726,1,1,1,1,1
2017-07-26,466.5,472.55,466.5,471.4,525.3357142857144,0.6809245141222694,6.72645739910314,-0.39999999999997726,0.25,1,1,0,1,1
2017-07-27,471.4,480.0,471.05,477.2,511.9964285714287,0.6110492035419104,85.9344894026974,0.0,4.899999999999977,0,0,1,1,1
2017-07-28,474.0,480.5,469.4,475.6,498.4928571428573,0.5187053095665983,79.24901185770752,-3.1999999999999886,2.6000000000000227,0,1,1,1,1
2017-07-31,472.55,478.1,468.65,471.15,483.6964285714287,0.3715552375652947,58.00865800865795,-3.0500000000000114,-1.4499999999999886,1,1,1,1,1
2017-08-01,472.1,486.95,472.0,485.6,469.54642857142875,-0.8261212210357984,73.3516483516483,0.9500000000000455,-0.44999999999998863,1,1,1,1,1
2017-08-02,485.6,489.5,484.7,486.3,471.5285714285716,-0.816824993150439,72.94281729428167,0.0,13.5,1,1,1,1,1
2017-08-03,489.3,498.7,485.1,490.0,473.61428571428587,-0.7927993580290291,80.89430894308941,3.0,3.6999999999999886,1,1,1,1,0
2017-08-04,491.4,525.5,491.0,517.9,477.21785714285727,-0.6646775729216439,89.1891891891892,1.3999999999999773,2.099999999999966,1,0,0,0,0
2017-08-07,520.0,529.0,514.55,527.7,481.4392857142858,-0.6303296231487178,91.77989130434781,2.1000000000000227,28.600000000000023,0,0,0,0,0
2017-08-08,527.7,528.55,502.75,505.05,483.95357142857154,-0.654034989983534,69.96336996336996,0.0,7.7000000000000455,0,0,0,0,0
2017-08-09,501.5,512.2,493.0,495.95,486.0071428571429,-0.6483083017572366,62.25661507738391,-3.5500000000000114,-26.200000000000045,0,0,0,0,0
2017-08-10,493.9,495.0,471.6,481.5,487.03214285714296,-0.6094847604949746,51.976102941176464,-2.0500000000000114,-7.600000000000023,1,0,1,1,1
2017-08-11,475.15,491.95,472.05,484.3,488.32500000000016,-0.550248515980662,53.95454545454544,-6.350000000000023,-18.75,0,0,1,1,1
2017-08-14,483.5,483.5,465.3,478.35,489.14285714285734,-0.45523105938704655,53.22869955156953,-0.8000000000000114,8.350000000000023,1,1,1,1,1
2017-08-16,479.85,488.2,474.0,483.95,490.03928571428594,-0.3698079137969913,49.19629810034095,1.5,-3.6499999999999773,1,1,1,1,1
2017-08-17,485.0,504.3,480.15,493.7,491.2178571428573,-0.2817110268405971,53.31244404655325,1.0500000000000114,5.149999999999977,1,1,1,1,1
2017-08-18,493.0,511.6,488.0,503.3,493.1964285714288,-0.08092728096968663,55.65476190476191,-0.6999999999999886,8.0,0,1,1,1,1
2017-08-21,506.3,515.8,495.1,497.75,495.0964285714288,-0.05464466587876202,39.42257217847771,3.0,13.300000000000011,1,1,1,1,1
2017-08-22,493.5,513.0,493.5,510.35,496.8642857142859,-0.05141732865834971,41.15247322794492,-4.25,-12.800000000000011,0,0,0,0,1
2017-08-23,514.95,514.95,506.1,509.7,498.5357142857145,-0.08328501712950681,53.057199211045344,4.600000000000023,21.450000000000045,0,0,0,1,1
2017-08-24,510.35,514.5,504.25,508.2,499.83571428571446,-0.12546861686938288,58.9481373265157,0.6500000000000341,-4.600000000000023,0,0,1,1,1
2017-08-28,508.3,509.85,500.5,508.0,499.12857142857166,0.15478578900188467,74.44649446494464,0.10000000000002274,-2.0500000000000114,0,1,1,1,1
2017-08-29,508.0,518.45,501.45,504.1,497.4428571428574,0.646611579981207,67.90235081374323,0.0,-0.30000000000001137,1,1,1,1,1
2017-08-30,510.9,524.3,508.0,520.95,498.57857142857165,0.848890144015263,82.17522658610271,6.7999999999999545,2.8999999999999773,1,1,1,1,1
2017-08-31,520.5,534.45,516.9,529.0,500.939285714286,0.9229043442461357,82.81136198106336,-0.4500000000000455,9.600000000000023,1,1,1,1,0
2017-09-01,532.0,539.85,525.1,537.4,504.93214285714305,0.9374993303647045,82.46656760772659,3.0,11.5,0,1,0,0,0
2017-09-04,537.4,546.1,527.5,531.15,508.2785714285716,0.9238224189154796,71.77482408131351,0.0,5.399999999999977,1,1,0,0,0
2017-09-05,530.1,541.5,527.5,539.25,512.6285714285716,0.9150875936769355,81.203007518797,-1.0499999999999545,-7.2999999999999545,0,0,0,0,0
2017-09-06,537.3,537.3,529.75,534.9,516.2678571428572,0.8778736163623182,71.07296137339051,-1.9500000000000455,7.199999999999932,0,0,0,0,0
2017-09-07,538.0,538.75,521.95,524.1,518.4392857142859,0.768286311697479,60.52631578947372,3.1000000000000227,0.7000000000000455,0,0,1,0,0
2017-09-08,525.0,527.7,511.2,513.35,519.1571428571431,0.5838813724030935,53.31616226658084,0.8999999999999773,-13.0,0,1,0,0,0
2017-09-11,519.0,523.8,510.5,512.25,520.1928571428573,0.3772114383397218,52.70528325907067,5.649999999999977,-6.0,1,0,0,0,0
2017-09-12,515.9,535.15,512.55,533.85,521.8714285714287,0.40407098292199234,65.45454545454545,3.6499999999999773,-3.1000000000000227,0,0,0,0,0
2017-09-13,536.0,540.4,489.0,500.2,521.1928571428573,0.14012090175042793,40.822644847412626,2.1499999999999773,20.100000000000023,1,0,0,1,0
2017-09-14,520.0,524.9,487.05,500.5,520.6428571428573,-0.06228184427858718,36.46723646723648,19.80000000000001,-16.0,0,0,1,0,0
2017-09-15,500.0,503.0,491.25,497.25,519.8750000000002,-0.25127632567121627,29.955067398901676,-0.5,-20.0,1,1,0,0,0
2017-09-18,504.0,506.8,493.35,497.95,519.4357142857144,-0.5050656205411163,32.452431289640614,6.75,4.0,1,0,0,0,0
2017-09-19,498.9,508.2,493.65,506.9,518.432142857143,-0.6024096016003905,33.05395495023572,0.9499999999999886,-5.100000000000023,0,0,0,0,0
2017-09-20,507.0,507.0,492.5,494.3,515.9535714285715,-0.574430959705841,30.42430086788815,0.10000000000002274,8.100000000000023,1,0,0,0,0
2017-09-21,495.0,500.0,490.75,496.15,513.007142857143,-0.33197176045837734,35.25065963060683,0.6999999999999886,-12.0,0,0,0,0,0
2017-09-22,494.05,497.25,483.1,492.0,510.21071428571446,0.06651660879044706,37.88996029495177,-2.099999999999966,-0.9499999999999886,0,0,0,0,0
2017-09-25,487.7,492.5,478.25,487.15,506.48928571428587,0.48617433539584953,36.34385201305766,-4.300000000000011,-6.350000000000023,0,0,0,0,0
2017-09-26,483.0,485.55,460.05,469.25,501.8000000000002,0.7656267596097915,13.378684807256207,-4.149999999999977,-4.699999999999989,0,0,1,1,1
2017-09-27,472.0,476.5,462.65,465.6,497.62142857142874,0.858265474251014,20.27491408934705,2.75,-11.0,0,1,1,1,1
2017-09-28,463.3,465.4,449.4,462.85,494.0142857142859,0.8895839425868698,18.96125309150861,-2.3000000000000114,-8.699999999999989,1,1,1,1,1
2017-09-29,466.0,476.0,462.1,471.3,491.0892857142859,0.8747635129789647,30.29612756264234,3.1499999999999773,2.6999999999999886,1,1,1,1,1
2017-10-03,477.0,481.7,467.0,478.85,487.1607142857145,0.8807605170139474,36.86382393397523,5.699999999999989,11.0,1,1,1,1,1
2017-10-04,493.25,493.4,476.35,486.15,486.157142857143,0.7810424953204441,35.397607318789554,14.399999999999977,16.25,0,1,0,0,1
2017-10-05,482.1,484.75,475.2,480.1,484.7000000000002,0.7289513774956485,38.992248062015484,-4.0499999999999545,-11.149999999999977,1,1,1,1,1
2017-10-06,480.0,492.8,478.15,489.6,484.15357142857164,0.6088531147843327,45.46084546084549,-0.10000000000002274,-2.1000000000000227,0,0,0,1,0
2017-10-09,486.0,492.05,479.6,481.25,482.9607142857145,0.5378428969165098,42.96005239030779,-3.6000000000000227,6.0,1,1,1,1,1
2017-10-10,482.0,484.25,476.1,482.3,481.2035714285717,0.3537138279615769,46.65747760165405,0.75,-4.0,1,1,1,1,1
2017-10-11,481.05,496.0,479.3,489.35,480.8500000000003,0.1288805705730762,66.28849270664509,-1.25,-0.9499999999999886,1,0,1,1,1
2017-10-12,490.25,494.25,486.5,491.6,480.5250000000004,-0.20700651363883307,71.55887230514098,0.8999999999999773,9.199999999999989,0,1,1,1,1
2017-10-13,492.4,494.0,484.0,488.7,480.28928571428605,-0.549654057856897,71.3813068651778,0.7999999999999545,2.1499999999999773,1,1,1,1,1
2017-10-16,490.0,501.0,489.0,498.4,481.0928571428575,-0.8584297889398674,71.96110210696918,1.3000000000000114,-2.3999999999999773,1,1,1,1,1
2017-10-17,498.0,514.5,494.05,512.75,484.20000000000033,-0.7287775441896343,74.74452554744524,-0.39999999999997726,8.0,1,0,0,0,0
2017-10-18,513.75,519.45,508.0,513.6,487.6285714285718,-0.44211123213003395,72.11925866236908,1.0,15.75,0,0,0,0,1
2017-10-19,516.45,516.45,504.8,508.15,490.864285714286,0.053598038725734744,72.82343368592342,2.8500000000000227,2.7000000000000455,1,1,1,1,1
2017-10-23,509.95,519.6,508.1,511.3,493.7214285714289,0.5076962351749447,69.69147005444638,1.8000000000000114,-6.500000000000057,0,0,1,1,1
2017-10-24,513.5,516.35,505.3,509.65,495.9214285714288,0.6510571438215934,79.33884297520646,2.1999999999999886,3.5500000000000114,1,1,1,1,1
2017-10-25,515.0,515.0,505.0,509.8,497.61071428571455,0.6968216167101661,78.94736842105249,5.350000000000023,1.5,1,1,1,1,1
2017-10-26,510.0,539.85,509.45,536.45,501.6357142857145,0.8251314738394573,85.09687034277187,0.19999999999998863,-5.0,0,0,1,1,1
2017-10-27,541.45,548.75,523.35,527.95,504.37500000000017,0.8551244712021967,74.77845944103606,5.0,31.450000000000045,1,1,1,1,1
2017-10-30,526.5,551.55,524.6,536.25,508.3035714285716,0.8961778791784923,80.19047619047613,-1.4500000000000455,-14.950000000000045,1,1,1,0,0
2017-10-31,535.55,544.35,527.0,541.6,512.5392857142859,0.9214666339498999,79.03225806451607,-0.7000000000000455,9.049999999999955,0,1,0,0,0
2017-11-01,542.0,544.9,534.05,539.8,516.1428571428573,0.9231397515298526,71.86742118027473,0.39999999999997726,6.4500000000000455,1,0,0,0,0
2017-11-02,544.9,546.6,535.5,542.85,519.8035714285717,0.9219312805618473,72.83372365339568,5.100000000000023,2.8999999999999773,0,0,0,0,0
2017-11-03,540.2,543.5,531.2,533.1,522.9750000000003,0.8793831681287734,68.2516459400146,-2.6499999999999773,-4.699999999999932,0,0,0,0,0
2017-11-06,533.2,533.25,521.0,524.2,524.8178571428574,0.7568178004781664,58.70445344129554,0.10000000000002274,-7.0,0,0,0,0,0
2017-11-07,525.0,525.05,508.4,521.4,525.4357142857145,0.6418303924549559,57.80730897009964,0.7999999999999545,-8.200000000000045,0,1,0,0,0
2017-11-08,524.95,527.15,511.2,520.2,525.9071428571431,0.5160816339830391,56.815203145478385,3.550000000000068,-0.049999999999954525,1,0,0,0,0
2017-11-09,520.65,526.0,515.0,522.15,526.9071428571431,0.34817644249720814,36.143410852713124,0.4499999999999318,-4.300000000000068,0,0,0,0,0
2017-11-10,516.0,516.3,508.05,512.1,526.9642857142859,0.08008825785572432,35.0893697083725,-6.149999999999977,-4.649999999999977,0,0,0,0,0
2017-11-13,517.2,517.8,493.35,500.6,526.3178571428574,-0.26992241958442575,18.36734693877554,5.100000000000023,1.2000000000000455,0,1,0,1,1
2017-11-14,495.75,500.0,487.45,493.05,525.1214285714289,-0.5845810458979132,8.539709649871895,-4.850000000000023,-21.450000000000045,1,1,1,1,1
2017-11-15,495.0,508.8,495.0,504.7,522.8535714285716,-0.5680880773746961,24.34210526315789,1.9499999999999886,-0.75,0,0,0,1,1
2017-11-16,507.0,509.75,492.8,499.35,520.8107142857145,-0.5939121361499494,19.236209335219158,2.3000000000000114,12.0,1,1,1,1,1
2017-11-17,504.6,507.0,495.45,504.0,518.5071428571431,-0.4795581680932294,27.82012195121942,5.25,-2.3999999999999773,1,1,1,1,1
2017-11-20,502.55,507.8,496.5,504.45,515.8535714285716,-0.1595010396409388,32.72090988626411,-1.4499999999999886,-2.0500000000000114,1,1,1,1,1
2017-11-21,506.0,514.5,499.25,511.5,513.8321428571431,0.08508553683227317,41.938110749185654,1.5500000000000114,3.4499999999999886,0,0,0,0,0
2017-11-22,514.3,514.4,503.6,507.7,511.3214285714288,0.2540104129836027,40.23437499999993,2.7999999999999545,8.299999999999955,0,1,1,0,1
2017-11-23,507.0,513.0,501.25,505.15,509.32500000000016,0.290932985160935,36.842105263157876,-0.6999999999999886,-7.2999999999999545,1,1,1,1,0
2017-11-24,503.0,511.85,502.95,511.0,508.38214285714304,0.16802286181733864,49.08940397350992,-2.1499999999999773,-4.0,0,0,0,0,0
2017-11-27,507.0,510.55,501.5,508.45,507.457142857143,0.05227826619147287,57.62876579203107,-4.0,4.0,0,0,0,0,0
2017-11-28,505.0,508.8,500.3,507.6,506.55714285714305,-0.10719805729346121,66.25698324022349,-3.4499999999999886,-2.0,1,0,0,0,0
2017-11-29,507.4,516.5,503.05,507.8,505.5321428571431,-0.4973701870026332,54.6546546546547,-0.20000000000004547,2.3999999999999773,0,0,0,0,0
2017-11-30,505.8,513.65,501.3,503.85,504.9428571428574,-0.6954687864556509,57.05329153605016,-2.0,-1.599999999999966,0,0,0,0,0
2017-12-01,504.8,507.65,493.65,496.4,504.64285714285734,-0.4246260889941216,39.04899135446684,0.9499999999999886,-1.0,0,1,0,1,1
2017-12-04,497.0,500.0,490.45,496.2,504.8678571428573,0.02764387520355038,38.02612481857766,0.6000000000000227,-7.800000000000011,1,0,1,1,1
2017-12-05,495.5,505.0,495.05,500.9,504.5964285714287,0.09583391261492842,33.4890965732087,-0.6999999999999886,-1.5,0,0,1,1,0
2017-12-06,501.15,502.9,489.35,490.95,503.9964285714287,0.4419363815081288,28.104575163398692,0.25,5.649999999999977,1,1,1,1,1
2017-12-07,491.0,500.0,491.0,499.1,503.6464285714287,0.5861412958850744,43.10148232611181,0.05000000000001137,-10.149999999999977,1,1,0,1,1
2017-12-08,498.5,515.9,498.45,514.45,504.36071428571444,0.544416452956951,53.2333645735708,-0.6000000000000227,7.5,0,0,0,0,1
2017-12-11,519.85,521.65,512.2,514.2,504.55357142857156,0.36408210844031225,55.63173359451524,5.399999999999977,21.350000000000023,0,0,0,1,1
2017-12-12,517.0,517.9,497.1,498.95,503.92857142857156,0.4077632952760441,43.391902215431614,2.7999999999999545,-2.8500000000000227,1,1,1,1,1
2017-12-13,500.0,512.5,495.05,506.3,504.01071428571447,0.44909791642816144,48.96694214876033,1.0500000000000114,-17.0,1,1,1,1,1
2017-12-14,509.95,515.7,505.45,513.55,504.19285714285735,0.2747515443582546,56.38998682476938,3.6499999999999773,9.949999999999989,1,1,1,1,1
2017-12-15,524.0,525.0,516.2,523.05,505.2357142857145,0.30810191414457394,67.09429121231557,10.450000000000045,14.050000000000011,1,1,1,1,1
2017-12-18,522.4,529.85,505.35,526.4,506.5785714285716,0.6042466667054505,68.61898890258936,-0.6499999999999773,-1.6000000000000227,1,1,1,1,1
2017-12-19,529.0,533.95,526.05,533.05,508.38214285714304,0.7578888855114567,69.35580975316071,2.6000000000000227,6.600000000000023,0,1,1,1,1
2017-12-20,534.0,534.9,526.95,532.05,510.3964285714287,0.7796264240409647,77.73279352226716,0.9500000000000455,5.0,1,1,1,1,0
2017-12-21,531.0,540.5,528.25,535.1,513.1607142857144,0.7960610086038999,76.0869565217391,-1.0499999999999545,-3.0,1,1,0,0,0
2017-12-22,533.1,536.6,529.3,535.15,515.9428571428573,0.8008431413268794,69.2737430167597,-2.0,2.1000000000000227,1,0,0,0,0
2017-12-26,534.9,542.5,530.8,538.9,518.6571428571431,0.8102611489367186,71.59090909090901,-0.25,1.7999999999999545,0,0,0,0,0
2017-12-27,534.95,541.2,531.25,533.4,521.6892857142859,0.7941548437792498,86.30136986301369,-3.949999999999932,0.05000000000006821,0,0,0,0,0
2017-12-28,531.65,537.9,522.1,526.2,523.6250000000001,0.6972195261566335,71.03594080338274,-1.75,-3.300000000000068,0,0,0,0,0
2017-12-29,523.25,529.75,515.4,517.7,523.857142857143,0.5330893631151984,54.273944387229754,-2.9500000000000455,-8.399999999999977,0,0,0,0,0
2018-01-01,518.0,523.0,507.2,508.6,523.457142857143,0.31022262568951625,34.99480789200422,0.2999999999999545,-5.25,0,0,0,0,0
2018-01-02,511.3,512.95,497.2,499.8,523.5178571428573,-0.05430409334941188,25.186567164179124,2.6999999999999886,-6.699999999999989,0,0,0,0,0
2018-01-03,500.15,504.9,493.4,494.9,522.7035714285715,-0.3408568866666468,13.211186113789807,0.3499999999999659,-11.150000000000034,0,0,1,1,0
2018-01-04,495.0,495.5,490.5,491.5,521.1285714285716,-0.4913517806041556,12.626728110599132,0.10000000000002274,-5.149999999999977,0,1,1,1,1
2018-01-05,491.0,494.0,483.7,487.7,518.6035714285715,-0.4899996246127599,6.9090909090908355,-0.5,-4.0,1,1,1,1,1
2018-01-08,490.0,501.5,490.0,497.2,516.5178571428572,-0.4465779418877125,20.558572536850278,2.3000000000000114,-1.0,0,0,0,0,0
2018-01-09,499.0,500.75,491.25,496.1,513.8785714285716,-0.2581794847725624,15.372168284789652,1.8000000000000114,9.0,0,0,0,0,0
2018-01-10,494.55,498.2,493.5,494.3,511.182142857143,0.024529976363137685,16.351118760757316,-1.5500000000000114,-4.449999999999989,0,0,0,0,0
2018-01-11,495.0,495.0,488.75,492.4,508.1321428571429,0.29972692726712863,17.99242424242422,0.6999999999999886,0.44999999999998863,0,0,0,0,0
2018-01-12,490.5,493.0,487.65,489.9,504.9000000000001,0.46974538196345766,20.299145299145266,-1.8999999999999773,-4.5,0,0,0,0,0
2018-01-15,490.2,493.9,485.8,487.2,501.20714285714297,0.5904477738233371,23.514851485148483,0.30000000000001137,-0.30000000000001137,0,0,0,0,0
2018-01-16,488.0,488.15,475.45,479.45,497.35357142857157,0.6999472139801316,24.14231257941549,0.8000000000000114,-2.1999999999999886,1,0,0,0,1
2018-01-17,479.0,484.0,474.75,479.85,494.0428571428573,0.7732554918921725,28.40746054519377,-0.44999999999998863,-9.0,0,0,0,1,1
2018-01-18,480.1,482.75,468.0,470.25,490.6535714285716,0.8569027817259262,24.11693057247264,0.25,1.1000000000000227,1,0,1,1,1
2018-01-19,471.9,478.5,465.4,477.3,488.4178571428573,0.8747814397713194,38.2618510158014,1.6499999999999773,-8.200000000000045,0,1,1,1,0
2018-01-22,480.0,480.05,465.25,469.15,486.22857142857157,0.8841316859415095,17.345750873108315,2.6999999999999886,8.100000000000023,1,1,1,1,1
2018-01-23,472.9,483.0,469.0,481.15,485.2464285714287,0.8516031945896961,36.118848653667584,3.75,-7.100000000000023,0,0,0,1,1
2018-01-24,481.0,482.5,473.15,480.5,484.4607142857144,0.8443961341392311,36.90702087286529,-0.14999999999997726,8.100000000000023,1,0,1,1,1
2018-01-25,486.0,486.5,473.6,480.65,483.95714285714297,0.8721321139064712,38.46908734052994,5.5,5.0,0,1,1,1,0
2018-01-29,480.5,480.55,468.25,469.8,482.0000000000001,0.8623587150199198,33.052276559865135,-0.14999999999997726,-5.5,1,1,1,1,1
2018-01-30,469.2,492.6,468.95,485.6,481.2500000000001,0.7178509031817425,48.895027624309414,-0.6000000000000227,-11.300000000000011,1,1,0,0,0
2018-01-31,486.0,493.6,483.35,492.3,481.107142857143,0.42137662011236826,59.004905395935545,0.39999999999997726,16.80000000000001,0,0,0,0,0
2018-02-01,491.1,493.9,481.45,490.35,480.96071428571446,0.1252306081777722,57.20164609053498,-1.1999999999999886,5.100000000000023,0,0,0,0,0
2018-02-02,483.05,492.6,472.35,477.15,480.0500000000002,-0.059767969640187615,54.50980392156861,-7.300000000000011,-8.050000000000011,0,0,0,1,0
2018-02-05,470.0,488.75,466.05,475.95,479.24642857142874,-0.25204506026349943,49.04458598726113,-7.149999999999977,-13.050000000000011,0,1,1,0,0
2018-02-06,465.0,477.9,465.0,467.2,478.37142857142874,-0.13249121815058865,48.631578947368425,-10.949999999999989,-5.0,1,1,1,1,0
2018-02-07,473.05,481.6,468.65,476.25,478.11428571428587,-0.17666533374169552,46.412884333821395,5.850000000000023,8.050000000000011,1,0,0,0,0
2018-02-08,483.4,494.0,476.8,478.2,478.682142857143,0.002982532851090144,48.347701149425276,7.149999999999977,10.349999999999966,0,0,0,0,0
2018-02-09,476.0,479.9,468.7,475.4,478.5464285714287,0.07555795142203524,46.36678200692042,-2.1999999999999886,-7.399999999999977,0,0,0,0,0
2018-02-12,481.0,481.8,462.5,467.55,478.432142857143,0.406760152173319,48.375451263537904,5.600000000000023,5.0,0,1,0,0,0
2018-02-14,469.0,469.9,459.1,460.1,476.9285714285716,0.5439741134108937,29.06403940886699,1.4499999999999886,-12.0,1,1,0,0,0
2018-02-15,461.0,476.65,461.0,475.05,476.53928571428594,0.5453730757877518,37.52711496746204,0.8999999999999773,-8.0,0,0,0,0,0
2018-02-16,477.0,477.75,465.0,465.7,475.4714285714288,0.6386482469829875,33.89941214892225,1.9499999999999886,16.0,0,0,0,0,0
2018-02-19,468.0,468.25,453.4,456.85,474.5464285714288,0.8647866531516951,35.941828254847664,2.3000000000000114,-9.0,0,0,0,0,0
2018-02-20,457.2,459.6,451.85,453.05,472.2214285714288,0.8809140596196625,34.69251336898397,0.3499999999999659,-10.800000000000011,0,0,0,0,0
2018-02-21,458.15,458.15,440.1,447.55,469.0250000000002,0.8933335295915799,36.26834381551363,5.099999999999966,0.9499999999999886,0,0,0,0,0
2018-02-22,431.2,435.85,425.45,427.45,464.532142857143,0.9484721867040029,20.460048426150095,-16.350000000000023,-26.94999999999999,1,1,0,1,1
2018-02-23,429.05,433.0,422.7,429.9,461.157142857143,0.9524130458483842,20.93862815884475,1.6000000000000227,-2.1499999999999773,1,0,0,1,1
2018-02-26,434.0,443.0,431.1,433.0,458.0892857142859,0.9358052599026663,24.580335731414877,4.100000000000023,4.949999999999989,0,0,1,1,1
2018-02-27,435.5,436.35,424.45,426.95,455.2142857142859,0.9396126617484792,25.12254901960783,2.5,1.5,1,1,1,1,1
2018-02-28,425.0,430.85,424.15,429.55,451.87857142857166,0.9250788440570823,30.09771986970685,-1.9499999999999886,-10.5,1,1,1,1,1
2018-03-01,432.0,443.9,430.2,441.9,449.2857142857145,0.8537727325325014,27.64666217127443,2.4499999999999886,7.0,0,1,1,1,0
2018-03-05,441.55,441.75,433.0,434.3,446.35000000000025,0.8200754571817647,28.314917127071837,-0.3499999999999659,9.550000000000011,1,1,1,1,1
2018-03-06,441.0,455.0,435.5,445.2,444.75357142857166,0.7112979095601839,42.175957018132955,6.699999999999989,-0.5500000000000114,0,0,0,1,1
2018-03-07,445.1,448.65,438.7,443.4,443.5607142857144,0.6259162853913461,43.340234644582445,-0.0999999999999659,4.100000000000023,0,0,1,1,1
2018-03-08,446.0,446.95,431.6,442.2,441.21428571428584,0.47805566828721274,46.07483492296404,2.6000000000000227,0.8999999999999773,0,1,1,1,1
2018-03-09,443.2,444.9,438.0,439.4,439.3357142857144,0.28371103676989473,61.75024582104228,1.0,-2.8000000000000114,1,1,1,1,1
2018-03-12,440.0,448.0,437.95,446.75,438.6142857142858,-0.0631594975252598,65.11210762331841,0.6000000000000227,-3.1999999999999886,1,1,1,1,0
2018-03-13,447.0,468.4,445.55,466.65,439.58571428571435,-0.4979828942437328,73.1909028256375,0.25,7.0,0,0,0,0,0
2018-03-14,464.0,464.45,457.45,462.8,440.67500000000007,-0.7475149748870302,75.4797441364606,-2.6499999999999773,17.0,0,0,0,0,0
2018-03-15,462.0,465.5,456.1,462.05,443.14642857142866,-0.7075696036077084,73.72262773722632,-0.8000000000000114,-2.0,0,0,0,0,0
2018-03-16,456.5,458.5,443.0,447.55,444.40714285714296,-0.6860257589266027,53.998584571833014,-5.550000000000011,-5.5,0,0,0,0,0
2018-03-19,446.0,446.0,429.0,430.75,444.2464285714287,-0.6433168630938072,47.777082028803996,-1.5500000000000114,-10.5,0,0,0,0,0
2018-03-20,429.0,438.8,422.5,424.9,444.1000000000001,-0.509243420113865,36.43048128342246,-1.75,-17.0,1,0,0,0,0
2018-03-21,426.7,434.5,424.75,430.65,444.1785714285715,-0.42083190624470934,41.904761904761905,1.8000000000000114,-2.3000000000000114,0,0,0,0,0
2018-03-22,432.5,432.5,413.6,414.7,442.2357142857144,-0.38925529843866186,35.294117647058826,1.8500000000000227,5.800000000000011,0,1,1,1,1
2018-03-23,409.9,417.55,406.25,413.45,440.7464285714286,-0.22118599694171154,35.88907014681892,-4.800000000000011,-22.600000000000023,1,1,1,1,1
2018-03-26,412.5,422.8,402.5,419.55,438.91428571428577,-0.11058947294204204,35.00551267916208,-0.9499999999999886,2.6000000000000227,1,1,1,1,0
2018-03-27,422.8,426.0,415.15,420.75,437.2964285714287,0.015684884334415353,18.125000000000014,3.25,10.300000000000011,1,1,1,0,1
2018-03-28,419.0,430.0,415.65,427.45,436.24285714285725,0.08306729913261175,26.38610554442218,-1.75,-3.8000000000000114,0,0,0,0,1
2018-04-02,428.85,433.5,422.25,423.4,435.1000000000001,0.17128971347067684,25.271912987843876,1.400000000000034,9.850000000000023,1,0,0,1,1
2018-04-03,423.7,429.8,423.7,426.25,433.6357142857144,0.24059724521571646,33.98496240601504,0.30000000000001137,-5.150000000000034,0,0,1,1,1
2018-04-04,429.0,429.0,413.8,414.95,429.94285714285724,0.40422563006858026,37.049180327868854,2.75,5.300000000000011,1,1,1,1,1
2018-04-05,417.65,423.6,416.55,422.45,427.06071428571437,0.42179826825705324,48.04469273743018,2.6999999999999886,-11.350000000000023,1,1,1,0,0
2018-04-06,423.0,435.2,423.0,433.95,425.0535714285715,0.1633629592695233,52.41228070175439,0.5500000000000114,5.350000000000023,1,1,0,0,0
2018-04-09,437.9,453.85,435.0,450.35,425.2535714285715,-0.3867971883141934,75.88961510530137,3.9499999999999886,14.899999999999977,1,0,0,0,0
2018-04-10,454.0,454.5,439.2,451.15,426.71071428571435,-0.5603718636071504,77.55847953216372,3.6499999999999773,16.100000000000023,0,0,0,0,0
2018-04-11,446.95,451.0,415.1,417.3,426.16785714285726,-0.48158358988624195,48.829953198127924,-4.199999999999989,-7.050000000000011,1,0,0,0,0
2018-04-12,414.0,423.25,402.45,418.65,425.31071428571437,-0.514128080715056,48.909657320872256,-3.3000000000000114,-32.94999999999999,0,0,0,0,0
2018-04-13,421.0,421.95,403.5,405.4,424.64642857142866,-0.2688686030730777,39.280505590666,2.3500000000000227,7.0,1,1,0,0,0
2018-04-16,405.0,410.85,400.05,408.2,424.27142857142866,-0.05696990014082825,42.519685039370074,-0.39999999999997726,-16.0,1,0,0,0,0
2018-04-17,410.0,412.4,403.45,410.65,423.6357142857143,0.0719471952840229,42.292490118577064,1.8000000000000114,5.0,0,0,0,0,0
2018-04-18,407.2,409.0,402.55,405.2,422.52500000000003,0.2175195672311301,44.88725747246985,-3.4499999999999886,-2.8000000000000114,0,0,0,0,0
2018-04-19,396.0,397.85,375.35,376.55,418.8892857142858,0.4549404891983997,30.300429184549344,-9.199999999999989,-11.199999999999989,0,1,1,1,1
2018-04-20,371.85,381.9,369.85,371.4,415.17500000000007,0.6852326225722314,21.606899682251452,-4.699999999999989,-24.149999999999977,1,1,1,1,1
2018-04-23,376.0,385.2,373.6,381.35,411.9678571428572,0.7590029573145368,16.73095467695272,4.600000000000023,4.149999999999977,1,1,1,1,1
2018-04-24,376.1,388.45,376.0,383.7,409.7357142857144,0.7919046869528579,17.957244655581945,-5.25,0.10000000000002274,1,1,1,1,0
2018-04-25,385.3,390.95,382.15,385.8,407.11785714285725,0.7644249740882157,28.57142857142857,1.6000000000000227,9.199999999999989,0,1,1,0,0
2018-04-26,388.3,388.3,377.2,385.5,403.65714285714296,0.7281729236604342,27.12215320910977,2.5,3.0,1,1,0,0,0
2018-04-27,387.85,394.75,383.2,390.15,399.35714285714295,0.6762150407228453,38.057948316366485,2.3500000000000227,-0.44999999999998863,0,0,0,0,0
2018-04-30,395.0,396.45,384.1,387.35,394.8000000000001,0.6400292456993142,33.67267032106501,4.850000000000023,7.149999999999977,0,0,0,0,1
2018-05-02,390.6,391.25,380.0,380.95,392.20357142857154,0.609935417001778,28.09734513274337,3.25,-4.399999999999977,0,0,1,1,1
2018-05-03,380.2,380.55,374.0,377.7,389.2785714285715,0.5883240186370179,29.03963414634147,-0.75,-10.400000000000034,1,1,1,1,1
2018-05-04,375.0,383.55,372.1,380.2,387.47857142857157,0.5450274522217218,54.62610899873254,-2.6999999999999886,-5.199999999999989,1,1,1,1,1
2018-05-07,375.5,388.3,374.0,385.8,385.87857142857155,0.4073919436356924,68.04511278195491,-4.699999999999989,0.5,1,0,1,1,1
2018-05-08,381.0,395.4,381.0,392.6,384.5892857142859,0.05539642777309983,65.3061224489796,-4.800000000000011,5.5,0,0,1,1,1
2018-05-09,381.25,387.5,377.45,385.45,383.1785714285716,-0.47789539912164625,52.105896510228646,-11.350000000000023,0.25,1,1,1,1,1
2018-05-10,385.9,391.35,380.85,390.2,384.1535714285716,-0.4425041530882727,54.977375565610835,0.44999999999998863,4.649999999999977,1,1,1,1,1
2018-05-11,389.25,400.5,389.25,399.3,386.14642857142877,-0.2916943812020424,63.0188679245283,-0.9499999999999886,3.3500000000000227,1,1,0,0,0
2018-05-14,402.0,410.4,399.45,404.2,387.7785714285716,-0.25032305449934034,63.19248826291079,2.6999999999999886,12.75,1,0,0,0,0
2018-05-15,402.0,413.0,399.55,405.8,389.35714285714306,-0.19858494415624114,67.72334293948121,-2.1999999999999886,0.0,0,0,0,0,0
2018-05-16,405.8,405.8,396.1,398.35,390.25357142857166,-0.14893056129953927,66.38418079096046,0.0,3.8000000000000114,0,0,0,0,0
2018-05-17,395.0,395.0,385.15,390.6,390.61785714285736,-0.06079183952985785,61.197916666666686,-3.3500000000000227,-10.800000000000011,0,1,1,0,0
2018-05-18,389.0,392.75,382.7,386.35,390.3464285714289,-0.09029751578029391,55.18112889637744,-1.6000000000000227,-6.0,1,1,0,0,0
2018-05-21,388.0,394.7,385.5,393.85,390.8107142857146,-0.011756447526391075,56.57142857142858,1.6499999999999773,-1.0,1,0,0,0,1
2018-05-22,395.5,400.45,388.4,397.6,392.00000000000034,0.21013329589265115,54.29553264604811,1.6499999999999773,7.5,0,0,0,1,1
2018-05-23,393.8,394.5,370.05,373.95,391.7321428571432,0.04755288390308673,42.30254350736279,-3.8000000000000114,-1.6999999999999886,0,1,1,1,1
2018-05-24,376.0,376.85,359.55,371.35,391.10000000000036,-0.12168067512297033,37.00895933838735,2.0500000000000114,-17.80000000000001,1,1,1,1,1
2018-05-25,371.0,383.0,367.25,380.55,390.72500000000036,-0.20733624275609475,37.0956641431521,-0.35000000000002274,-5.0,1,1,1,1,1
2018-05-28,395.0,405.35,393.0,402.0,391.3964285714289,-0.12987668549981005,48.76681614349776,14.449999999999989,24.0,1,0,1,1,1
2018-05-29,402.1,410.65,400.3,405.35,392.8178571428575,-0.14878825490998362,49.7526113249038,0.10000000000002274,7.100000000000023,0,0,1,1,0
2018-05-30,407.5,409.0,395.95,400.25,393.5357142857147,-0.16727552308851332,51.072234762979676,2.1499999999999773,5.399999999999977,1,1,1,1,1
2018-05-31,400.25,407.7,392.95,403.95,393.86785714285753,0.03970826244698572,57.89473684210524,0.0,-7.25,1,1,1,1,1
2018-06-01,405.0,411.5,403.55,409.25,394.2285714285718,0.384409257509471,63.37616822429904,1.0500000000000114,4.75,0,0,1,1,1
2018-06-04,411.1,417.05,393.05,408.5,394.4214285714289,0.6434834764099391,59.28979074191501,1.8500000000000227,6.100000000000023,0,1,1,1,1
2018-06-05,409.9,410.45,403.05,405.35,394.9214285714289,0.7275949993822324,54.95207667731629,1.3999999999999773,-1.2000000000000455,1,1,1,1,1
2018-06-06,408.0,412.0,405.1,410.0,396.3071428571432,0.7497114038425344,80.42194092827009,2.6499999999999773,-1.8999999999999773,1,0,1,1,1
2018-06-07,411.0,417.85,410.2,416.05,398.42857142857173,0.7596971282267684,85.64593301435407,1.0,3.0,0,0,0,1,1
2018-06-08,412.1,412.8,404.9,409.85,399.5714285714289,0.7290530837951912,74.53936348408712,-3.9499999999999886,1.1000000000000227,1,1,1,1,1
2018-06-11,410.0,418.0,408.6,414.4,400.7714285714288,0.7383230868955676,64.4859813084112,0.14999999999997726,-2.1000000000000227,1,1,1,0,1
2018-06-12,418.0,420.5,414.7,415.1,403.7107142857146,0.7180256334785952,62.14196762141968,3.6000000000000227,8.0,1,1,0,1,0
2018-06-13,417.5,421.45,413.6,419.9,407.1785714285717,0.7764511396187286,74.65495608531998,2.3999999999999773,-0.5,0,0,1,0,0
2018-06-14,419.9,419.9,413.7,416.35,409.73571428571455,0.864725451627814,65.61712846347616,0.0,2.3999999999999773,0,1,0,0,1
2018-06-15,416.5,416.6,409.3,412.25,410.46785714285744,0.768401938728032,53.89610389610391,0.14999999999997726,-3.3999999999999773,1,1,0,1,1
2018-06-18,419.5,429.15,415.75,423.1,411.73571428571455,0.8100282589289636,65.02057613168729,7.25,3.0,0,0,0,1,0
2018-06-19,418.85,420.0,408.45,413.6,412.68928571428603,0.7441283538513661,57.50682438580529,-4.25,-0.6499999999999773,0,1,1,0,1
2018-06-20,415.0,418.0,405.05,410.7,413.17142857142886,0.586831155510572,50.657894736842096,1.3999999999999773,-3.8500000000000227,1,1,1,1,0
2018-06-21,414.9,426.4,407.25,421.95,414.0785714285717,0.6234069732353642,55.051369863013676,4.199999999999989,-0.10000000000002274,1,0,0,0,0
2018-06-22,423.0,429.0,420.2,426.35,415.35357142857174,0.645206389938565,64.57597173144876,1.0500000000000114,8.100000000000023,0,0,0,0,0
2018-06-25,424.0,425.0,409.3,412.0,415.8285714285717,0.42473567931932454,48.19277108433737,-2.3500000000000227,1.0,1,0,0,0,0
2018-06-26,407.65,417.75,407.5,415.25,416.2035714285717,0.2869960483574525,50.108774474256684,-4.350000000000023,-16.350000000000023,0,0,0,0,0
2018-06-27,408.0,408.7,378.4,382.8,413.8285714285717,-0.007185968036489155,30.797101449275402,-7.25,0.35000000000002274,0,0,0,0,0
2018-06-28,372.0,385.2,363.5,366.95,410.76428571428596,-0.03659404904791099,27.31864095500461,-10.800000000000011,-36.0,1,1,1,1,1
2018-06-29,370.0,378.9,361.85,373.3,407.8285714285717,0.16433418075639664,32.478632478632505,3.0500000000000114,-2.0,0,1,0,0,1
2018-07-02,375.0,378.0,367.25,369.2,404.55000000000024,0.4957339423597456,24.185823754789297,1.6999999999999886,5.0,1,0,1,1,1
2018-07-03,367.75,376.75,364.1,373.9,401.26428571428596,0.6747182249700943,30.070281124497996,-1.4499999999999886,-7.25,0,0,1,1,1
2018-07-04,373.0,375.45,364.65,367.85,397.80000000000024,0.7417523518535019,29.148418491484207,-0.8999999999999773,5.25,1,1,1,1,0
2018-07-05,371.7,375.5,369.1,371.55,394.8928571428574,0.7471466527312819,23.529411764705912,3.849999999999966,-1.3000000000000114,1,1,1,0,1
2018-07-06,375.0,381.4,372.55,374.55,391.42500000000024,0.7328835680947144,22.388059701492523,3.4499999999999886,3.3000000000000114,1,1,0,1,1
2018-07-09,376.0,378.6,371.1,376.3,388.7607142857145,0.6944699701315797,28.01724137931035,1.4499999999999886,1.0,0,0,1,1,1
2018-07-10,376.4,377.75,373.55,375.25,386.2285714285717,0.6570343329761515,24.68354430379746,0.0999999999999659,0.39999999999997726,0,1,1,1,1
2018-07-11,375.9,379.0,363.75,366.5,382.2678571428574,0.6440302147878308,35.26220614828209,0.6499999999999773,-0.5,1,1,1,1,1
2018-07-12,386.0,386.0,376.05,377.35,378.7678571428574,0.54106592718711,60.33797216699805,19.5,10.100000000000023,1,1,1,1,1
2018-07-13,381.1,389.0,375.3,386.65,376.9571428571431,0.27517722694490815,62.53521126760562,3.75,-4.899999999999977,0,1,1,1,1
2018-07-16,385.0,392.0,379.9,382.2,374.5964285714288,-0.3750659461829195,62.126865671641816,-1.6499999999999773,3.8999999999999773,1,1,1,1,1
2018-07-17,389.95,395.5,384.6,392.65,375.3000000000002,-0.7042605837308696,65.79612468407753,7.75,4.949999999999989,1,1,0,0,1
2018-07-18,396.0,404.85,393.9,402.35,377.82857142857165,-0.6436626575262638,77.38095238095238,3.3500000000000227,6.050000000000011,0,0,0,0,0
2018-07-19,399.9,402.95,391.45,398.3,379.6142857142859,-0.671762686696024,71.11286503551696,-2.4500000000000455,3.8999999999999773,0,0,0,0,0
2018-07-20,394.1,395.0,384.15,388.85,381.0178571428574,-0.6545965147425102,60.24355300859599,-4.199999999999989,-5.7999999999999545,1,1,1,1,1
2018-07-23,391.5,400.5,384.6,389.7,382.1464285714288,-0.6683470458430588,59.7242380261248,2.6499999999999773,-2.6000000000000227,1,1,0,1,1
2018-07-24,392.7,397.95,389.65,396.95,384.22500000000025,-0.5358072437916739,64.4474034620506,3.0,1.1999999999999886,0,0,1,0,0
2018-07-25,391.35,399.3,388.55,395.65,385.9464285714288,-0.3580966288017963,71.54471544715446,-5.599999999999966,-1.349999999999966,0,1,1,0,1
2018-07-26,390.75,396.3,387.7,388.9,386.9714285714287,-0.20537311030554542,59.08733280881192,-4.899999999999977,-0.6000000000000227,1,1,1,1,1
2018-07-27,390.0,399.0,384.05,397.2,388.46428571428584,0.044031010686174155,58.43325339728218,1.1000000000000227,-0.75,0,0,0,1,1
2018-07-30,399.0,407.5,392.7,395.75,389.92857142857156,0.24092216111199857,61.37699412258607,1.8000000000000114,9.0,0,1,1,1,1
2018-07-31,391.1,392.9,385.65,389.75,391.58928571428584,0.28983450506505176,47.368421052631604,-4.649999999999977,-7.899999999999977,1,1,1,1,1
2018-08-01,395.0,399.9,393.2,396.0,392.9214285714287,0.27185096810077397,43.852855759922534,5.25,3.8999999999999773,1,1,1,0,0
2018-08-02,401.4,404.0,397.5,401.8,394.00357142857155,0.3271247545788387,53.27715355805243,5.399999999999977,6.399999999999977,0,0,0,0,0
2018-08-03,398.0,405.0,396.0,400.95,395.34285714285727,0.2088590308057475,63.50446428571425,-3.8000000000000114,-3.3999999999999773,1,0,0,0,1
2018-08-06,400.0,404.0,399.45,401.0,395.93928571428586,0.25018272332328906,62.840909090909086,-0.9499999999999886,2.0,0,0,0,1,0
2018-08-07,401.0,402.3,392.6,394.1,395.3500000000002,0.46272012191856277,46.735395189003476,0.0,1.0,0,0,1,0,0
2018-08-08,395.0,397.85,383.15,387.3,394.56428571428586,0.4444094140425399,41.50559511698885,0.8999999999999773,-6.0,1,1,0,0,0
2018-08-09,397.5,397.5,385.9,388.95,394.5714285714287,0.23648037723629178,50.0567536889898,10.199999999999989,2.5,1,0,0,0,0
2018-08-10,391.45,404.0,387.6,401.6,395.42142857142875,0.18328363064852685,54.54545454545457,2.5,-6.050000000000011,0,0,0,0,0
2018-08-13,400.4,400.4,376.5,379.7,394.18928571428586,0.11968710731431134,38.344226579520694,-1.2000000000000455,8.949999999999989,0,0,0,0,0
2018-08-14,382.5,383.45,375.75,376.65,392.832142857143,0.16385496434474703,40.06069802731411,2.8000000000000114,-17.899999999999977,1,1,0,0,0
2018-08-16,380.0,384.0,375.25,378.3,392.0750000000002,0.16166310772797632,35.56280587275697,3.3500000000000227,-2.5,0,0,0,0,0
2018-08-17,381.0,381.0,375.1,377.6,390.67500000000024,0.4630788732600657,28.46975088967976,2.6999999999999886,1.0,0,0,0,0,0
2018-08-20,378.1,382.25,374.45,375.95,389.2607142857145,0.7155798508404502,28.070175438596536,0.5,-2.8999999999999773,0,0,0,0,0
2018-08-21,378.5,378.5,368.1,368.75,387.7607142857145,0.8099239903186953,24.8636009353079,2.5500000000000114,0.39999999999997726,0,0,0,0,0
2018-08-23,369.3,369.65,357.0,357.75,385.02857142857164,0.8917930682323685,23.369963369963386,0.5500000000000114,-9.199999999999989,0,1,1,1,1
2018-08-24,358.25,362.0,353.5,356.95,381.8250000000002,0.9218267214272676,25.622489959839385,0.5,-11.050000000000011,1,1,1,1,1
2018-08-27,358.5,362.35,357.0,361.55,379.0107142857145,0.8954634541746528,28.987730061349765,1.5500000000000114,0.25,0,1,1,1,0
2018-08-28,361.55,364.9,357.15,358.55,375.9785714285717,0.8843457167527327,11.251125112511332,0.0,3.0500000000000114,1,1,1,1,0
2018-08-29,358.5,363.3,357.0,361.7,373.66428571428594,0.8489605824918639,25.543478260869605,-0.05000000000001137,-3.0500000000000114,1,1,0,0,0
2018-08-30,359.9,364.5,357.85,363.35,371.95357142857165,0.8065872650543702,31.214689265536833,-1.8000000000000114,1.3999999999999773,0,0,0,0,0
2018-08-31,356.0,366.3,356.0,362.1,370.03571428571456,0.7681947066416736,26.857142857142904,-7.350000000000023,-3.8999999999999773,0,0,0,0,0
2018-09-03,365.5,365.5,358.6,360.1,367.07142857142884,0.7870948893688319,25.89531680440777,3.3999999999999773,9.5,0,0,0,0,0
2018-09-04,358.5,359.85,350.0,351.3,365.04285714285743,0.7999017289534602,21.634062140391308,-1.6000000000000227,-7.0,0,1,1,0,0
2018-09-05,349.5,355.75,345.5,349.1,363.07500000000033,0.81124893931888,24.447334200260144,-1.8000000000000114,-9.0,1,1,0,0,0
2018-09-06,351.15,354.95,349.65,353.6,361.31071428571465,0.7845503984214454,43.50547730829426,2.0499999999999545,1.6499999999999773,1,0,0,0,1
2018-09-07,355.4,359.5,353.05,356.95,359.8357142857146,0.7099287848688611,50.0,1.7999999999999545,4.25,0,0,0,0,0
2018-09-10,357.0,357.05,343.5,344.1,357.56071428571465,0.6936242286365216,29.59064327485379,0.05000000000001137,1.6000000000000227,0,0,1,0,0
2018-09-11,345.8,349.0,337.1,338.05,355.36785714285753,0.6831155449911694,27.620087336244524,1.6999999999999886,-11.199999999999989,0,1,0,0,0
2018-09-12,336.7,336.7,324.25,334.15,353.6821428571432,0.7884958533993665,20.408163265306115,-1.3500000000000227,-9.100000000000023,1,0,0,0,0
2018-09-14,340.15,356.6,340.0,354.5,353.5071428571432,0.7721553610477122,43.21839080459769,6.0,3.4499999999999886,0,0,0,0,0
