2016-08-29,343.5,347.75,335.25,342.6,347.9857142857141,0.0008973691762456335,42.28486646884274,-0.44999999999998863,-4.0,0,0,0,0,0
2016-08-30,342.75,344.1,328.75,331.85,346.7285714285713,0.2698341962799823,36.44501278772382,0.14999999999997726,-0.75,0,0,0,0,0
2016-08-31,332.25,336.9,328.85,331.65,345.6714285714284,0.486499285517733,30.60941828254849,0.39999999999997726,-10.5,0,0,0,0,0
2016-09-01,330.0,332.35,301.5,310.85,343.13571428571413,0.6983832817628641,7.186234817813798,-1.6499999999999773,-2.25,1,1,1,1,1
2016-09-02,308.15,320.95,306.5,318.9,341.0714285714284,0.8129073741555429,20.825852782764784,-2.7000000000000455,-21.850000000000023,1,1,1,1,0
2016-09-06,318.9,322.8,312.65,321.5,339.5749999999998,0.9020151894406484,24.86865148861645,0.0,10.75,0,1,1,0,0
2016-09-07,318.5,322.4,316.1,320.15,337.75357142857126,0.9268396582255484,19.39890710382511,-3.0,-0.39999999999997726,1,1,0,0,1
2016-09-08,320.15,327.2,319.0,324.4,335.6999999999998,0.8825264499327878,25.68965517241375,0.0,1.6499999999999773,0,0,0,0,0
2016-09-09,323.5,326.75,318.35,322.1,333.6071428571427,0.845593371035345,27.746741154562386,-0.8999999999999773,3.3500000000000227,0,0,1,1,1
2016-09-12,317.9,321.95,314.1,318.05,331.3107142857142,0.8233094491668448,26.7504488330341,-4.2000000000000455,-5.600000000000023,1,1,1,1,1
2016-09-14,317.1,323.25,317.1,319.85,328.8892857142856,0.77322021685678,29.74176313446125,-0.9499999999999886,-0.7999999999999545,1,1,1,0,1
2016-09-15,319.05,325.0,316.9,322.7,326.7535714285713,0.6812965821344972,40.51813471502586,-0.8000000000000114,1.9499999999999886,1,1,0,0,1
2016-09-16,322.1,326.5,321.1,323.6,325.15357142857135,0.5628856897965171,41.777323799795745,-0.5999999999999659,3.0500000000000114,1,0,0,1,1
2016-09-19,323.0,325.0,321.05,324.15,323.7392857142856,0.40015179778274856,73.17073170731705,-0.6000000000000227,0.8999999999999773,0,0,1,1,0
2016-09-20,324.0,324.0,317.7,319.2,322.067857142857,0.2127058169164782,50.58593750000002,-0.14999999999997726,1.0,1,1,1,1,0
2016-09-21,320.4,323.0,318.8,321.85,321.3535714285713,-0.02983742953240468,50.682261208577046,1.1999999999999886,-3.6000000000000227,1,1,0,0,0
2016-09-22,323.6,327.95,322.65,327.0,321.02142857142843,-0.5779664127570134,61.629881154499216,1.75,3.2000000000000455,0,0,0,0,0
2016-09-23,326.0,330.0,324.0,326.95,322.1714285714284,-0.47094960484953763,55.04950495049508,-1.0,2.3999999999999773,0,0,0,0,0
2016-09-26,326.0,328.7,319.1,320.35,322.2749999999999,-0.3067337169092474,47.038917089678506,-0.9499999999999886,0.0,0,1,0,0,0
2016-09-27,321.9,321.9,314.05,314.8,321.79642857142846,-0.09588877272723027,44.766505636070846,1.5499999999999545,-4.100000000000023,1,1,0,1,1
2016-09-28,313.55,323.45,311.1,321.75,321.9107142857142,-0.019077257419816283,52.62430939226517,-1.25,-8.349999999999966,0,0,0,1,0
2016-09-29,322.5,323.7,314.1,315.7,321.28928571428565,-0.0610785239388567,41.116751269035525,0.75,8.949999999999989,0,1,1,1,1
2016-09-30,315.75,316.5,308.1,314.0,320.71071428571423,0.006593863837569351,38.059701492537265,0.05000000000001137,-6.75,1,1,1,1,1
2016-10-03,314.0,320.0,314.0,318.7,320.75714285714275,0.2138385844093156,43.855693348365286,0.0,-1.75,1,1,1,1,0
2016-10-04,317.5,324.85,316.1,324.0,321.0535714285713,0.3120384151913874,55.36912751677854,-1.1999999999999886,3.5,0,0,0,0,0
2016-10-05,322.0,326.15,320.6,321.7,320.9821428571427,0.31828938683756614,49.830890642615515,-2.0,4.5,1,0,0,0,0
2016-10-06,324.95,325.25,319.1,322.3,320.88928571428556,0.24913149575994767,44.09547738693469,3.25,2.9499999999999886,0,0,0,0,0
2016-10-07,322.6,324.45,317.2,319.45,320.5535714285713,0.14046151973107746,41.19718309859155,0.30000000000001137,-2.349999999999966,0,0,0,0,0
2016-10-10,318.1,319.9,315.0,315.9,320.317857142857,0.2916898523083906,44.37420986093548,-1.349999999999966,-4.5,0,0,0,0,0
2016-10-13,312.95,313.9,305.5,306.75,319.23928571428553,0.5927112910766519,40.6720741599073,-2.9499999999999886,-5.150000000000034,0,0,0,1,1
2016-10-14,307.9,307.9,302.4,305.4,317.6964285714284,0.7871182448138802,28.229027962716387,1.1499999999999773,-5.050000000000011,0,1,1,1,1
2016-10-17,305.4,305.85,296.25,301.3,315.86428571428553,0.8533488859217966,29.775280898876446,0.0,-2.5,1,1,1,1,1
2016-10-18,302.0,308.0,297.05,306.65,314.8857142857141,0.8228725432725831,40.636942675159204,0.6999999999999886,-3.3999999999999773,1,1,1,0,1
2016-10-19,306.65,309.45,304.0,306.95,314.32499999999976,0.8343610099303257,33.14203730272598,0.0,4.649999999999977,1,1,0,1,1
2016-10-20,307.1,310.5,305.0,309.1,313.42142857142835,0.7748455252222937,26.498422712933817,0.1500000000000341,0.4500000000000455,1,0,1,1,1
2016-10-21,311.4,311.4,305.6,309.75,312.99642857142834,0.7439727925640225,30.11647254575709,2.2999999999999545,4.2999999999999545,0,1,1,1,1
2016-10-24,306.35,308.0,303.65,306.65,312.47142857142836,0.7617059057470217,25.96006144393236,-3.3999999999999773,-5.0499999999999545,1,1,1,1,1
2016-10-25,303.5,312.4,301.7,311.8,311.97857142857123,0.6863883225861283,39.024390243902474,-3.1499999999999773,-2.8500000000000227,1,1,1,1,1
2016-10-26,315.0,322.9,314.8,317.7,311.5285714285712,0.4686081163761899,52.419354838709694,3.1999999999999886,11.5,1,1,1,0,0
2016-10-27,314.55,325.65,313.6,323.1,311.62857142857126,0.14758670715345512,74.43946188340807,-3.1499999999999773,-0.44999999999998863,0,0,0,0,0
2016-10-28,322.95,322.95,318.25,318.85,311.3821428571427,-0.15285531222518542,68.50068775790926,-0.1500000000000341,8.399999999999977,0,0,0,0,0
2016-10-30,319.0,321.5,318.05,318.7,311.32857142857125,-0.45691083176177905,76.85185185185173,0.14999999999997726,-3.9499999999999886,0,0,0,0,0
2016-11-01,318.0,320.7,316.25,317.45,311.4392857142856,-0.7413351057294137,69.08127208480559,-0.6999999999999886,-1.0,0,0,0,0,0
2016-11-02,315.5,315.6,308.65,309.6,311.642857142857,-0.7733826121801903,53.69595536959557,-1.9499999999999886,-2.5,0,0,0,0,0
2016-11-03,309.0,315.35,305.3,308.95,311.89642857142843,-0.791108430797049,49.78165938864624,-0.6000000000000227,-6.5,0,0,0,0,0
2016-11-04,309.75,310.55,304.05,306.7,312.28214285714273,-0.6765030505762134,45.757997218358824,0.8000000000000114,0.75,0,0,0,1,0
2016-11-07,311.9,311.9,303.7,305.6,312.20714285714274,-0.633917012679882,48.45360824742275,5.199999999999989,2.1499999999999773,0,0,1,0,0
2016-11-08,306.6,306.75,301.0,304.9,312.0607142857142,-0.6206755354490026,38.30508474576268,1.0,-5.2999999999999545,0,1,0,0,1
2016-11-09,288.0,305.0,283.05,301.0,311.4821428571427,-0.4970060331996016,19.636363636363726,-16.899999999999977,-18.600000000000023,1,1,1,1,0
2016-11-10,305.0,314.1,303.25,308.65,311.4035714285713,-0.5376367468847657,25.714285714285637,4.0,17.0,0,0,1,0,0
2016-11-11,304.0,307.95,298.35,301.4,311.0285714285713,-0.21600170295636179,23.35877862595413,-4.649999999999977,-1.0,1,1,0,1,0
2016-11-15,303.0,304.9,294.0,302.65,310.37499999999983,0.04779602860114101,26.29246676514029,1.6000000000000227,-1.0,1,0,1,0,1
2016-11-16,305.05,311.35,303.3,309.65,309.7999999999998,0.04290594007687724,40.15151515151513,2.400000000000034,2.0500000000000114,0,0,0,0,0
2016-11-17,311.4,315.6,295.15,297.15,307.9464285714283,0.3721179640624595,35.93220338983046,1.75,6.349999999999966,1,1,1,1,1
2016-11-18,298.4,304.45,295.25,303.75,306.86785714285685,0.38040154866394366,44.82071713147412,1.25,-13.0,0,1,0,0,0
2016-11-21,304.4,305.55,297.45,299.5,305.4964285714283,0.5044962395698291,43.10344827586208,0.6499999999999773,6.0,1,1,1,1,1
2016-11-22,301.0,305.45,295.0,303.95,304.53214285714256,0.4741191621537441,48.51485148514848,1.5,-3.3999999999999773,0,0,0,1,1
2016-11-23,305.45,308.25,299.15,300.55,303.885714285714,0.4987051031469518,46.266094420600886,1.5,4.449999999999989,1,1,1,1,1
2016-11-24,301.0,304.7,298.4,302.4,303.41785714285686,0.4393838280743245,51.24555160142348,0.44999999999998863,-4.449999999999989,0,1,1,1,1
2016-11-25,302.9,306.0,298.65,301.0,303.010714285714,0.41947935928029795,42.342342342342356,0.5,1.8999999999999773,1,1,1,1,1
2016-11-28,301.0,321.2,301.0,318.8,303.95357142857114,-0.01441742500363278,64.38016528925624,0.0,-1.8999999999999773,1,1,0,0,1
2016-11-29,320.8,326.0,316.8,324.85,305.3785714285712,-0.13194790794299674,66.9984686064319,2.0,19.80000000000001,0,0,0,1,1
2016-11-30,325.0,326.8,323.8,324.6,307.0642857142855,-0.04433361156380243,62.76686592655855,0.14999999999997726,4.199999999999989,0,0,1,1,1
2016-12-01,324.0,324.8,313.55,318.2,307.74642857142834,-0.027618458413466593,70.06673021925644,-0.6000000000000227,-1.0,1,1,1,1,1
2016-12-02,315.0,321.3,314.3,318.6,308.97499999999985,0.15851975274586855,66.05405405405408,-3.1999999999999886,-9.0,1,1,1,1,1
2016-12-05,317.5,328.65,317.5,326.75,310.69642857142844,0.44071218137554796,77.16849451645066,-1.1000000000000227,2.5,1,1,1,1,1
2016-12-06,326.9,331.95,324.75,328.85,312.06785714285706,0.6044555497423154,76.04602510460253,0.14999999999997726,9.399999999999977,0,1,1,1,1
2016-12-07,329.7,334.95,325.1,328.15,314.2821428571428,0.7414228193273857,80.59866962305978,0.8499999999999659,2.8000000000000114,1,1,1,1,0
2016-12-08,330.8,334.0,328.4,332.45,316.33214285714274,0.796661182177868,81.5983175604626,2.650000000000034,1.1000000000000227,0,0,0,0,0
2016-12-09,334.15,337.45,329.1,332.0,318.65357142857135,0.8185827340373865,83.2618025751072,1.6999999999999886,3.349999999999966,0,0,0,0,0
2016-12-12,329.5,330.0,326.55,329.15,320.4535714285713,0.7885532736522938,66.3507109004738,-2.5,-4.649999999999977,1,0,0,0,0
2016-12-13,326.0,330.95,326.0,330.0,322.55714285714276,0.7643710233845117,59.735349716446024,-3.1499999999999773,-3.5,0,0,0,0,0
2016-12-14,328.1,329.75,321.5,322.6,323.99999999999994,0.6295758132158911,47.02380952380953,-1.8999999999999773,2.1000000000000227,0,0,0,0,0
2016-12-15,320.8,322.35,317.5,318.45,325.2464285714285,0.3108399838539631,50.3987240829346,-1.8000000000000114,-7.300000000000011,0,0,0,0,0
2016-12-16,319.0,319.6,308.45,310.25,324.6357142857142,-0.10367703490340013,39.335887611749676,0.5500000000000114,-1.8000000000000114,0,0,0,0,0
2016-12-19,310.4,311.5,304.1,305.5,323.2535714285713,-0.25473263557933856,20.279720279720365,0.14999999999997726,-8.600000000000023,0,0,0,0,0
2016-12-20,306.0,306.75,299.1,302.55,321.6785714285713,-0.3103077023817618,14.07103825136619,0.5,-4.399999999999977,0,0,0,0,0
2016-12-21,304.1,306.35,300.0,301.7,320.4999999999999,-0.4003045007424758,14.013605442176953,1.5500000000000114,-1.8999999999999773,0,0,0,0,0
2016-12-22,299.5,300.95,290.25,292.25,318.61785714285696,-0.381657174649448,2.0286396181384703,-2.1999999999999886,-4.600000000000023,1,1,1,1,1
2016-12-23,295.4,297.15,291.15,295.55,316.38928571428556,-0.203626504082847,9.273743016759852,3.1499999999999773,-4.100000000000023,1,1,1,1,1
2016-12-26,294.5,297.0,288.7,296.1,314.04999999999984,0.08897748188920158,11.071849234393497,-1.0500000000000114,-0.8999999999999773,1,1,1,1,1
2016-12-27,296.0,300.8,291.15,299.6,312.0107142857142,0.3273699814871239,16.297117516629754,-0.10000000000002274,1.5,0,1,1,1,1
2016-12-28,299.0,303.1,296.8,299.5,309.6571428571428,0.5027329922192099,19.44444444444447,-0.6000000000000227,3.0,1,1,1,1,1
2016-12-29,301.4,304.45,297.5,303.0,307.58571428571423,0.5475092298810295,29.205921938088863,1.8999999999999773,2.3999999999999773,1,1,1,1,1
2016-12-30,301.3,307.1,300.1,305.65,305.9071428571428,0.5046377646474608,42.721518987341746,-1.6999999999999886,-0.0999999999999659,1,0,1,1,1
2017-01-02,303.1,312.0,303.1,311.0,304.5499999999999,0.32359285431278484,58.54037267080745,-2.5499999999999545,1.8000000000000114,0,1,1,1,1
2017-01-03,311.95,313.95,300.0,304.45,303.2535714285713,0.14573314792485934,52.65363128491616,0.9499999999999886,8.849999999999966,1,1,1,1,1
2017-01-04,302.4,315.2,299.15,313.9,302.9285714285713,-0.309251597335444,63.73873873873871,-2.0500000000000114,-9.550000000000011,1,1,1,1,1
2017-01-05,313.15,323.0,310.05,321.1,303.7035714285713,-0.5891026573422508,84.22301304863578,-0.75,10.75,0,0,0,1,1
2017-01-06,319.15,330.0,318.3,319.75,304.7214285714285,-0.7065129169471217,80.09950248756209,-1.9500000000000455,6.0,0,1,1,1,1
2017-01-09,320.6,321.4,316.2,317.95,305.82142857142844,-0.7649194253070648,76.35705669481293,0.8500000000000227,1.4500000000000455,1,1,1,1,1
2017-01-10,319.0,321.0,317.05,320.1,307.1357142857142,-0.7970029222141515,75.56109725685776,1.0500000000000114,-1.6000000000000227,1,1,1,0,0
2017-01-11,321.1,324.65,318.8,322.75,309.31428571428563,-0.6377022130288255,77.25674091441964,1.0,2.1000000000000227,0,0,0,0,0
2017-01-12,323.45,325.35,320.0,321.8,311.18928571428563,-0.38387920785166096,73.44139650872815,0.6999999999999886,2.349999999999966,0,0,0,0,0
2017-01-13,322.4,325.0,316.0,320.2,312.91071428571416,-0.03221440935986632,68.62996158770802,0.5999999999999659,-1.0500000000000114,0,0,0,0,1
2017-01-16,320.0,323.4,317.3,318.6,314.267857142857,0.23543275421706428,60.76487252124647,-0.19999999999998863,-2.3999999999999773,0,0,0,1,1
2017-01-17,318.9,319.8,317.1,318.5,315.6249999999999,0.39931938641828363,74.3500866551126,0.2999999999999545,-1.1000000000000227,0,0,1,1,0
2017-01-18,318.0,318.8,311.25,313.9,316.4035714285713,0.3446263993514584,50.0,-0.5,-0.8999999999999773,1,1,1,1,0
2017-01-19,314.0,322.6,311.0,317.1,317.2214285714285,0.2817125992960665,40.00000000000006,0.10000000000002274,-4.0,1,1,0,0,1
2017-01-20,314.05,327.5,314.05,320.55,317.90357142857135,0.2554020041989746,51.80995475113124,-3.0500000000000114,0.05000000000001137,0,0,0,1,1
2017-01-23,321.0,322.0,315.4,319.65,318.9892857142856,-0.042687543024439285,54.0094339622641,0.44999999999998863,6.949999999999989,0,0,1,1,1
2017-01-24,318.0,319.0,314.65,316.5,319.1749999999999,-0.44703726850432424,41.89189189189186,-1.6499999999999773,-3.0,0,1,1,1,1
2017-01-25,305.0,314.7,305.0,311.35,318.47857142857134,-0.4669264849710621,26.923076923077005,-11.5,-13.0,1,1,1,1,1
2017-01-27,310.3,328.0,310.3,323.75,318.7642857142856,-0.2960985615676893,52.69709543568463,-1.0500000000000114,5.300000000000011,1,1,1,1,1
2017-01-30,323.1,369.95,322.1,345.65,320.7428571428571,0.1720386349427857,72.54207263064659,-0.6499999999999773,12.800000000000011,1,0,1,1,1
2017-01-31,349.05,353.0,343.05,348.2,322.7499999999999,0.4459100089344645,75.7839721254355,3.400000000000034,25.94999999999999,0,1,1,1,1
2017-02-01,346.0,349.9,340.15,345.1,324.3464285714285,0.6592501475604126,72.0198675496689,-2.1999999999999886,-3.0500000000000114,1,1,1,1,1
2017-02-02,345.0,359.8,344.25,353.3,326.5964285714285,0.8193881765774059,80.78125000000006,-0.10000000000002274,-1.0,1,1,0,0,1
2017-02-03,353.3,362.0,352.2,353.8,328.9964285714285,0.8831200155512104,79.93474714518764,0.0,8.300000000000011,1,0,0,1,1
2017-02-06,354.0,356.95,352.65,355.25,331.6142857142856,0.8941822547905098,79.25801011804388,0.19999999999998863,0.6999999999999886,0,0,0,1,1
2017-02-07,354.2,358.8,350.8,353.15,334.0892857142856,0.8708190635488615,77.6859504132232,-1.0500000000000114,0.19999999999998863,0,1,1,1,1
2017-02-08,355.0,355.85,346.9,352.2,336.8249999999999,0.8287622065645441,80.61749571183537,1.8500000000000227,0.8000000000000114,1,1,1,1,1
2017-02-09,352.05,357.0,350.8,355.25,339.54999999999984,0.8018418504647181,89.05693950177938,-0.14999999999997726,-2.9499999999999886,1,1,1,1,1
2017-02-10,357.0,360.4,355.05,357.55,342.192857142857,0.7822078516886173,86.65943600867683,1.75,4.949999999999989,1,1,1,1,1
2017-02-13,353.45,360.0,353.35,358.05,344.9357142857142,0.7588168411948677,75.10121457489886,-4.100000000000023,-3.5500000000000114,1,1,1,1,1
2017-02-14,357.5,369.9,355.0,368.95,348.68214285714276,0.7817266460981596,81.39183055975798,-0.5500000000000114,4.050000000000011,0,0,1,1,0
2017-02-15,369.9,372.5,360.1,365.3,352.53571428571416,0.8299749053517282,80.05952380952382,0.9499999999999886,12.399999999999977,1,1,1,0,0
2017-02-16,361.3,368.9,360.3,365.7,355.53214285714273,0.9195581673931055,74.03100775193798,-4.0,-8.599999999999966,1,1,0,0,1
2017-02-17,367.0,372.2,362.3,369.5,357.23571428571415,0.924698569535659,76.97594501718214,1.3000000000000114,5.699999999999989,1,0,0,0,0
2017-02-20,370.15,379.0,370.15,375.35,359.1749999999999,0.9259376663786396,80.00000000000003,0.6499999999999773,3.1499999999999773,0,0,0,0,0
2017-02-21,372.1,377.9,359.5,362.85,360.44285714285706,0.8663747357038963,61.04783599088844,-3.25,1.9500000000000455,0,1,0,1,0
2017-02-22,362.9,372.5,359.1,361.0,360.9928571428571,0.8020450305207103,59.82142857142858,0.049999999999954525,-9.200000000000045,1,0,1,1,0
2017-02-23,371.0,401.0,363.7,366.25,361.88214285714275,0.7876808836376814,61.702127659574465,10.0,8.100000000000023,0,0,0,0,0
2017-02-27,367.0,367.45,352.55,355.7,361.9142857142856,0.6315697624563676,48.325791855203605,0.75,-4.0,1,1,1,1,1
2017-02-28,357.0,373.1,356.4,365.15,362.77142857142843,0.5605968363955028,55.5295950155763,1.3000000000000114,-10.0,0,0,0,0,0
2017-03-01,368.55,368.85,361.45,362.75,363.5249999999999,0.3895433716081187,44.43447037701976,3.400000000000034,11.550000000000011,0,0,0,0,0
2017-03-02,364.0,366.0,352.2,356.85,363.6392857142856,0.09379729347861535,42.709232096635034,1.25,-4.550000000000011,0,1,1,1,1
2017-03-03,356.85,361.5,353.3,356.15,363.5392857142856,-0.2037537537282316,41.802575107296136,0.0,-7.149999999999977,1,1,1,1,1
2017-03-06,360.0,364.0,357.2,361.5,363.78571428571416,-0.5381271821656464,43.31103678929767,3.8500000000000227,3.1499999999999773,0,0,0,1,0
2017-03-07,361.0,362.45,356.35,361.1,363.2249999999999,-0.512578217472967,36.890524379024846,-0.5,1.0,0,0,1,0,1
2017-03-08,360.2,364.1,358.5,360.7,362.89642857142843,-0.6070520148740738,47.45562130177511,-0.9000000000000341,-0.8000000000000114,0,1,1,1,0
2017-03-09,359.85,361.9,356.65,360.2,362.5035714285713,-0.6893571413461261,49.02200488997554,-0.8499999999999659,-0.3499999999999659,1,1,1,1,0
2017-03-10,360.85,366.5,359.95,364.9,362.17499999999984,-0.641561246506001,48.32713754646838,0.6500000000000341,1.0,0,0,0,0,0
2017-03-14,366.0,369.8,358.6,361.1,361.15714285714273,-0.2553779684226196,58.03571428571435,1.1000000000000227,5.149999999999977,1,0,0,0,0
2017-03-15,360.0,366.15,356.2,363.2,361.18214285714265,-0.25926426234470223,46.2857142857143,-1.1000000000000227,-6.0,0,0,0,0,0
2017-03-16,364.0,365.6,359.1,360.65,361.1571428571427,-0.2530583055518608,46.022727272727224,0.8000000000000114,4.0,0,0,0,0,0
2017-03-17,361.15,363.0,344.0,346.85,359.7714285714284,0.3989481466166973,35.42274052478132,0.5,-2.8500000000000227,1,1,0,0,0
2017-03-20,346.0,352.3,339.25,349.4,359.3214285714284,0.5703005630868759,40.663900414937714,-0.8500000000000227,-15.149999999999977,1,0,0,0,0
2017-03-21,349.0,351.8,345.05,349.9,358.23214285714266,0.6639901343491195,31.469648562300193,-0.39999999999997726,3.0,0,0,0,0,0
2017-03-22,347.0,348.5,325.8,338.2,356.47857142857123,0.7969889156882626,23.122065727699393,-2.8999999999999773,-2.0,1,1,1,1,1
2017-03-23,338.8,341.7,335.55,338.5,355.1678571428569,0.8816223469643731,23.882352941176393,0.6000000000000227,-8.199999999999989,1,1,1,1,1
2017-03-24,341.4,347.7,338.2,340.5,354.0499999999998,0.917538448615581,27.61363636363629,2.8999999999999773,2.599999999999966,0,1,1,1,1
2017-03-27,340.0,341.85,335.15,338.7,352.42142857142835,0.9171659681046773,18.126520681265106,-0.5,-1.3999999999999773,1,1,1,1,1
2017-03-28,340.9,343.5,338.6,340.75,350.9678571428569,0.8890651228568285,24.142312579415417,2.1999999999999886,0.8999999999999773,1,1,1,1,1
2017-03-29,342.5,346.4,341.2,344.85,349.83571428571406,0.8220402334488082,27.811366384522387,1.75,1.6000000000000227,1,1,0,0,0
2017-03-30,344.85,352.4,342.2,351.2,349.19285714285695,0.6848268511751787,39.53488372093023,0.0,2.3500000000000227,0,0,0,0,0
2017-03-31,350.0,352.3,345.0,350.05,348.1321428571427,0.5326190609813566,54.92307692307692,-1.1999999999999886,5.149999999999977,0,0,0,0,0
2017-04-03,346.0,346.0,336.25,341.8,346.75357142857126,0.4804443783841776,40.05235602094245,-4.050000000000011,-4.0,1,0,1,1,1
2017-04-05,342.95,347.25,339.1,344.5,345.417857142857,0.3213756937597343,43.31683168316834,1.1499999999999773,-3.0500000000000114,0,1,1,1,1
2017-04-06,343.0,343.0,337.6,341.8,344.07142857142844,0.09211601063894787,55.73248407643316,-1.5,0.05000000000001137,1,1,1,1,0
2017-04-07,344.05,350.45,341.75,344.7,343.917857142857,0.0009224367514151445,59.11764705882353,2.25,1.0500000000000114,1,1,1,0,0
2017-04-10,348.3,348.4,342.05,345.7,343.6535714285713,-0.22550030758664896,57.878787878787875,3.6000000000000227,4.25,1,1,0,0,0
2017-04-11,343.0,355.75,342.85,350.2,343.67499999999984,-0.6018223000147228,66.10644257703085,-2.6999999999999886,-5.300000000000011,1,0,0,0,0
2017-04-12,347.0,353.9,345.35,350.8,344.5749999999999,-0.5636726750097482,64.67153284671537,-3.1999999999999886,4.0,0,0,0,0,0
2017-04-13,350.0,353.5,339.25,340.25,344.6999999999999,-0.36969878209718704,44.34889434889431,-0.8000000000000114,3.0,1,0,0,1,1
2017-04-17,342.8,343.3,338.4,341.3,344.75714285714275,-0.2173002609580564,36.01694915254239,2.5500000000000114,-7.199999999999989,0,0,1,1,1
2017-04-18,340.0,343.35,336.3,338.8,344.7642857142856,0.07274264724433756,34.69387755102041,-1.3000000000000114,-2.8000000000000114,1,1,1,1,1
2017-04-19,339.4,341.75,332.75,339.95,344.70714285714274,0.30847367626957706,46.88026981450249,0.5999999999999659,-0.6000000000000227,1,1,1,1,1
2017-04-20,342.0,343.8,338.05,342.75,344.55714285714276,0.3845122405996369,47.05882352941176,2.0500000000000114,2.6000000000000227,1,1,1,1,1
2017-04-21,342.0,346.0,340.3,342.8,343.95714285714274,0.14279147780604726,51.8450184501845,-0.75,0.0,1,1,1,1,1
2017-04-24,344.0,346.45,338.65,344.65,343.57142857142844,-0.351450207849059,49.90403071017272,1.1999999999999886,2.0,1,1,1,1,1
2017-04-25,343.0,359.8,341.4,353.95,344.4392857142856,-0.26716339702631353,62.008733624454145,-1.6499999999999773,-1.0,1,1,1,0,0
2017-04-26,353.95,360.0,352.0,357.55,345.37142857142845,0.13097526311449756,60.98654708520182,0.0,10.949999999999989,1,0,0,0,0
2017-04-27,354.25,361.95,353.75,357.9,346.5214285714284,0.4369866792099443,60.69277108433731,-3.3000000000000114,0.30000000000001137,0,0,0,0,0
2017-04-28,355.3,357.9,350.5,355.5,347.292857142857,0.5304212500012089,80.43912175648708,-2.599999999999966,1.0500000000000114,0,0,0,0,0
2017-05-02,355.5,355.95,346.7,347.6,347.4285714285713,0.446109215904704,59.874608150470266,0.0,0.19999999999998863,0,0,0,1,0
2017-05-03,348.1,350.0,343.85,346.35,347.15357142857135,0.45001316541695274,62.31647634584019,0.5,-7.399999999999977,0,0,1,0,1
2017-05-04,346.7,351.4,343.7,346.0,346.8107142857142,0.45289439586633584,60.13400335008378,0.3499999999999659,-1.400000000000034,0,1,0,1,1
2017-05-05,346.45,349.0,343.15,344.75,347.13214285714275,0.37259389821891964,53.53356890459365,0.44999999999998863,-0.25,1,1,1,1,1
2017-05-08,344.75,355.25,344.3,351.3,347.8464285714285,0.37380341668591205,62.21264367816094,0.0,-1.6999999999999886,0,1,1,1,1
2017-05-09,350.0,351.0,343.6,345.25,348.30714285714276,0.23190741382153,50.76923076923079,-1.3000000000000114,5.25,1,1,1,1,1
2017-05-10,336.5,380.4,336.5,372.75,350.6499999999999,0.5449936990574601,66.43356643356645,-8.75,-13.5,0,0,0,1,1
2017-05-11,370.0,370.85,362.45,366.0,352.3107142857142,0.6312054337707756,57.000828500414244,-2.75,33.5,0,0,1,1,1
2017-05-12,362.25,370.3,361.5,365.1,353.90357142857135,0.6493368599684731,55.91133004926113,-3.75,-7.75,0,1,1,1,1
2017-05-15,366.0,369.95,361.4,364.15,355.29642857142846,0.6345563708944562,57.2750210260723,0.8999999999999773,3.75,1,1,1,1,1
2017-05-16,365.9,377.65,365.45,374.35,356.7535714285714,0.7574641172391203,71.65991902834004,1.75,-0.10000000000002274,1,0,0,0,0
2017-05-17,371.2,380.9,371.2,375.95,358.06785714285706,0.8499665296491198,73.83252818035422,-3.150000000000034,5.300000000000011,0,0,0,0,0
2017-05-18,373.7,381.6,368.6,370.75,358.9857142857142,0.8755919618598473,68.48394324122478,-2.25,2.5,1,1,1,0,0
2017-05-19,373.0,379.5,368.15,372.75,360.2178571428571,0.8851786698077568,70.67946824224518,2.25,-0.6999999999999886,0,0,0,0,1
2017-05-22,374.0,378.6,371.4,372.55,361.99999999999994,0.8644499928610891,67.31866340668296,1.25,1.0,0,0,0,1,1
2017-05-23,372.05,376.25,371.0,371.9,363.8249999999999,0.825839516044604,73.81590705987485,-0.5,-1.9499999999999886,0,0,1,1,0
2017-05-24,368.0,373.0,365.65,368.35,365.42142857142846,0.737220969498824,43.125000000000036,-3.8999999999999773,-4.050000000000011,1,1,1,1,1
2017-05-25,367.0,376.35,360.75,370.7,367.2749999999999,0.6405107570788,58.51449275362318,-1.3500000000000227,-1.0,1,1,0,1,0
2017-05-26,369.0,380.45,368.5,373.6,368.8678571428571,0.5516628975819453,64.3581081081081,-1.6999999999999886,2.0,0,0,0,0,0
2017-05-29,374.7,378.9,367.9,373.1,370.8571428571428,0.3608231992400103,65.35162950257299,1.099999999999966,5.699999999999989,0,0,0,1,0
2017-05-30,374.8,376.8,369.35,370.7,370.71071428571423,0.43791885826658744,41.451990632318406,1.6999999999999886,0.10000000000002274,1,0,1,1,0
2017-05-31,374.0,376.9,368.05,371.55,371.1071428571428,0.316833969281362,39.32038834951463,3.3000000000000114,-0.8000000000000114,0,1,1,0,1
2017-06-01,370.0,373.4,365.85,366.9,371.23571428571415,-0.03956314597845287,40.399002493765565,-1.5500000000000114,-4.0,1,1,1,1,1
2017-06-02,370.8,381.35,369.8,373.25,371.8857142857142,-0.41009787925270363,51.02459016393441,3.900000000000034,0.8000000000000114,0,0,0,0,0
2017-06-05,373.2,377.8,371.35,372.4,371.74642857142845,-0.2811546661553109,49.70059880239514,-0.05000000000001137,2.3999999999999773,0,1,0,0,0
2017-06-06,370.0,372.5,367.0,369.0,371.2499999999999,-0.103190154915595,44.78417266187056,-2.3999999999999773,-3.1999999999999886,1,0,0,0,0
2017-06-07,373.45,375.25,371.0,372.8,371.39642857142843,-0.11799564424364448,57.932263814616704,4.449999999999989,3.4499999999999886,0,0,0,0,0
2017-06-08,372.95,374.3,366.7,367.7,371.03571428571416,-0.07605286765681936,45.129870129870156,0.14999999999997726,-0.5,1,0,0,0,0
2017-06-09,367.75,371.1,366.25,367.8,370.69642857142844,0.02378418493518704,39.64285714285718,0.05000000000001137,-5.199999999999989,0,0,0,0,0
2017-06-12,366.9,371.8,363.55,365.2,370.21785714285704,0.150507535392,36.87707641196016,-0.9000000000000341,-0.8500000000000227,0,1,1,0,1
2017-06-13,364.0,368.5,362.1,363.2,369.84999999999985,0.10124427012471776,37.37373737373744,-1.1999999999999886,-2.8999999999999773,1,1,1,1,1
2017-06-14,363.5,368.55,361.55,365.5,369.4785714285713,0.3538125819444876,40.28892455858752,0.30000000000001137,-0.5,0,0,1,1,1
2017-06-15,365.5,370.5,364.45,365.3,368.88571428571413,0.7655072007474928,47.00374531835214,0.0,2.0,0,1,1,1,1
2017-06-16,366.0,367.5,360.6,364.85,368.2964285714284,0.7915546085300758,29.807692307692434,0.6999999999999886,0.5,1,1,1,1,1
2017-06-19,364.0,368.75,363.25,367.5,368.067857142857,0.7075862735769954,39.159292035398295,-0.8500000000000227,-2.0,0,0,0,0,1
2017-06-20,368.75,370.85,365.75,366.6,367.7142857142856,0.6572860739068077,44.02985074626872,1.25,4.75,1,0,0,1,1
2017-06-21,366.4,368.2,364.5,367.3,367.7428571428571,0.6503488491835898,33.82352941176471,-0.20000000000004547,-2.3500000000000227,0,0,1,1,1
2017-06-22,367.75,368.95,362.5,366.2,367.2392857142856,0.562750882945123,44.23076923076923,0.44999999999998863,1.3500000000000227,0,1,1,1,1
2017-06-23,365.9,368.55,363.25,366.2,366.79642857142846,0.43134505184777633,43.798449612403004,-0.30000000000001137,-1.8500000000000227,1,1,1,1,1
2017-06-27,365.0,375.9,365.0,371.45,366.9714285714285,0.11677596251064341,70.09646302250809,-1.1999999999999886,-0.8999999999999773,1,1,1,1,1
2017-06-28,374.9,381.65,367.5,377.2,367.28571428571416,-0.37026472993848003,86.26943005181356,3.4499999999999886,9.899999999999977,1,1,1,1,0
2017-06-29,377.75,386.35,377.7,382.45,368.3392857142856,-0.2973456360849598,88.0898876404495,0.5500000000000114,2.8500000000000227,0,0,0,0,0
2017-06-30,382.45,383.9,372.6,379.7,369.1892857142856,-0.16341837944581242,79.03225806451613,0.0,4.699999999999989,1,0,0,1,1
2017-07-03,381.45,384.15,376.8,382.05,370.392857142857,0.20366390569658,82.20973782771534,1.75,-1.0,0,0,0,1,1
2017-07-04,383.9,383.9,378.1,379.3,371.54285714285703,0.47587011320565004,72.01492537313433,1.849999999999966,2.4499999999999886,0,1,1,1,1
2017-07-05,377.0,378.5,373.35,376.3,372.31428571428563,0.5391200174310516,66.78200692041518,-2.3000000000000114,-6.899999999999977,1,1,1,1,1
2017-07-06,376.55,382.85,373.95,381.3,373.45714285714274,0.6336121325904399,71.08433734939756,0.25,-0.44999999999998863,1,1,1,1,1
2017-07-07,384.0,387.55,383.0,385.9,374.9607142857141,0.7293330238760023,76.8392370572207,2.6999999999999886,7.449999999999989,1,1,1,1,1
2017-07-10,388.1,410.15,388.0,405.7,377.6892857142856,0.8483480563534752,84.95575221238938,2.2000000000000455,4.100000000000023,0,0,0,1,1
2017-07-11,404.15,408.9,393.45,395.45,379.74999999999983,0.8606994476550602,69.51219512195122,-1.5500000000000114,16.049999999999955,1,1,1,1,1
2017-07-12,397.8,402.3,394.45,397.1,381.87857142857126,0.8681912476382119,67.33449477351918,2.3500000000000227,-6.349999999999966,1,1,1,1,1
2017-07-13,402.25,404.9,398.7,403.15,384.51785714285694,0.8902763311475305,67.78350515463917,5.149999999999977,4.449999999999989,1,1,1,1,1
2017-07-14,405.05,408.6,402.2,407.0,387.43214285714265,0.9095262501892786,73.01854974704891,1.900000000000034,2.8000000000000114,1,1,1,1,1
2017-07-17,409.5,410.0,405.95,408.45,390.0749999999998,0.91547629592319,72.60273972602738,2.5,4.449999999999989,0,1,1,1,1
2017-07-18,406.2,430.0,406.2,408.3,392.2964285714284,0.9133028487316893,75.9856630824373,-2.25,-3.3000000000000114,1,1,1,1,1
2017-07-19,410.0,422.8,407.25,421.25,395.067857142857,0.936327288868955,84.18250950570344,1.6999999999999886,3.8000000000000114,0,0,0,1,1
2017-07-20,422.0,424.5,416.1,419.8,397.93214285714276,0.9414012251249351,80.94855305466241,0.75,12.0,0,1,1,1,0
2017-07-21,417.0,417.0,402.6,411.3,400.02142857142843,0.9109700281547832,69.21331316187599,-2.8000000000000114,-5.0,1,1,1,1,1
2017-07-24,407.0,422.5,406.05,420.05,402.93214285714276,0.9050815241119032,63.0336058128974,-4.300000000000011,-10.0,1,1,0,0,0
2017-07-25,422.65,431.6,418.65,427.8,406.61071428571415,0.9164478410107543,80.78020932445295,2.599999999999966,15.649999999999977,0,0,0,0,0
2017-07-26,430.0,430.05,421.75,426.25,409.82142857142844,0.9171879734730901,77.78836987607247,2.1999999999999886,7.350000000000023,0,0,0,0,0
2017-07-27,426.0,426.75,411.45,416.05,411.9749999999999,0.8514235891059179,61.395759717314526,-0.25,-4.0,0,1,1,0,1
2017-07-28,413.05,415.5,408.2,413.3,412.51785714285705,0.8027729228408945,55.67567567567569,-3.0,-12.949999999999989,1,1,1,1,1
2017-07-31,415.0,421.45,410.0,418.95,414.1964285714285,0.7421649627798158,58.793969849246245,1.6999999999999886,1.9499999999999886,0,0,1,1,0
2017-08-01,420.15,423.0,413.75,417.05,415.6214285714285,0.630951302129019,57.11960943856795,1.1999999999999886,5.149999999999977,0,1,1,1,1
2017-08-02,420.85,422.65,412.75,415.85,416.5285714285714,0.4758266072380175,44.567404426559364,3.8000000000000114,0.7000000000000455,1,1,1,1,1
2017-08-03,415.95,425.1,413.25,424.2,417.7571428571428,0.4157479256026335,53.886925795052996,0.0999999999999659,-4.900000000000034,0,0,0,0,0
2017-08-04,423.35,423.35,411.6,420.9,418.64642857142854,0.2823153945578153,59.33852140077819,-0.8499999999999659,7.400000000000034,0,0,0,0,0
2017-08-07,420.85,422.6,416.45,417.45,419.2999999999999,-0.02891234172638175,47.18004338394791,-0.049999999999954525,-2.5,1,0,0,0,0
2017-08-08,417.5,425.0,414.1,417.8,419.0535714285714,0.016055022497744032,37.08010335917311,0.05000000000001137,-3.3500000000000227,0,0,0,0,0
2017-08-09,418.95,418.95,412.0,416.05,418.7857142857142,0.003470814995999518,36.88946015424163,1.1499999999999773,1.4499999999999886,1,0,0,0,1
2017-08-10,415.1,420.5,412.3,416.25,419.1392857142856,-0.41571432519009444,50.34602076124565,-0.9499999999999886,-3.849999999999966,0,0,0,1,1
2017-08-11,412.0,418.0,410.0,414.55,418.7464285714285,-0.5235290521471953,52.244165170556556,-4.25,-3.1000000000000227,0,0,1,1,1
2017-08-14,413.0,414.45,405.15,408.55,417.3714285714285,-0.2430021636696475,31.560283687943254,-1.5500000000000114,1.0,0,1,1,1,1
2017-08-16,407.0,411.1,403.75,407.75,416.0499999999999,0.1940664035804111,32.84132841328409,-1.5500000000000114,-6.0,1,1,1,1,1
2017-08-17,411.0,420.0,405.95,416.35,416.0714285714285,0.22991064237611805,50.724637681159415,3.25,4.0,1,1,1,1,1
2017-08-18,413.95,422.4,412.75,421.0,416.6214285714285,0.09787810862675358,44.80519480519482,-2.400000000000034,2.9499999999999886,0,1,1,1,1
2017-08-21,423.45,425.8,417.5,419.15,416.6357142857142,0.18945725551048548,47.01873935264055,2.4499999999999886,9.5,1,1,1,1,1
2017-08-22,422.7,425.0,416.55,422.1,416.9964285714285,0.1561017275400015,58.05892547660316,3.5500000000000114,-0.75,1,1,1,1,1
2017-08-23,424.25,434.0,424.2,431.9,418.142857142857,0.16113058535578528,68.40731070496079,2.1499999999999773,1.5500000000000114,1,1,0,0,0
2017-08-24,433.0,434.35,428.0,432.95,418.767857142857,0.2593804368183212,72.47340425531911,1.1000000000000227,8.75,1,0,0,0,0
2017-08-28,434.0,438.15,430.2,434.4,419.7321428571427,0.39895367604377635,73.35907335907332,1.0500000000000114,1.0,0,0,0,0,0
2017-08-29,435.5,435.5,427.35,428.1,420.4928571428571,0.5006010057240355,65.5926352128884,1.1000000000000227,1.5,1,0,0,0,0
2017-08-30,431.5,431.7,427.5,429.0,421.29285714285703,0.570435950886683,76.66232073011736,3.3999999999999773,-4.0,0,0,0,0,0
2017-08-31,431.8,431.8,424.15,427.7,422.1249999999999,0.594439005457284,75.67567567567568,2.8000000000000114,0.30000000000001137,0,0,0,0,0
2017-09-01,430.0,430.45,421.2,422.55,422.5749999999999,0.5447403564296875,58.757062146892665,2.3000000000000114,-1.8000000000000114,0,0,0,0,0
2017-09-04,423.0,424.95,413.7,416.4,422.7071428571427,0.4074283261029813,43.76693766937666,0.44999999999998863,-7.0,0,0,0,0,0
2017-09-05,414.1,414.9,397.9,406.5,422.56071428571414,0.10687266873075511,35.928809788654064,-2.2999999999999545,-8.899999999999977,0,0,0,0,0
2017-09-06,401.55,405.55,401.55,402.5,422.18571428571414,-0.2282762467391013,28.695652173912976,-4.949999999999989,-12.550000000000011,0,1,1,1,0
2017-09-07,402.6,407.45,395.05,397.3,420.8249999999998,-0.32544798213130655,8.212560386473399,0.10000000000002274,1.0500000000000114,1,1,1,1,1
2017-09-08,397.9,404.85,396.6,403.5,419.5749999999998,-0.2935111777131945,18.367346938775455,0.5999999999999659,-4.7000000000000455,0,1,0,0,0
2017-09-11,407.0,407.4,398.5,402.95,418.417857142857,-0.20599689517486883,15.553121577217922,3.5,9.100000000000023,1,0,0,0,0
2017-09-12,407.0,407.0,398.0,405.2,417.21071428571406,-0.033241354460748496,22.475961538461476,4.050000000000011,0.0,0,0,0,0,0
2017-09-13,407.4,407.7,399.8,401.65,415.0499999999998,0.25083908574141733,19.096045197740096,2.1999999999999886,0.39999999999997726,0,0,0,0,0
2017-09-14,406.5,406.5,397.0,398.9,412.6178571428569,0.4524292046704139,18.4901531728665,4.850000000000023,-0.8999999999999773,0,0,0,0,1
2017-09-15,400.0,402.95,393.35,396.0,409.87499999999983,0.5850116142629873,19.447640966628285,1.1000000000000227,-6.5,1,0,1,1,0
2017-09-18,399.0,401.25,395.2,396.65,407.6285714285712,0.6296540915366082,23.97891963109349,3.0,-1.0,0,1,1,0,0
2017-09-19,399.0,399.0,390.6,394.8,405.185714285714,0.6743812898070184,30.434782608695613,2.3500000000000227,0.0,1,1,1,0,0
2017-09-20,371.0,398.9,371.0,396.85,402.98214285714266,0.693382697736713,39.89266547406084,-23.80000000000001,-28.0,1,0,0,0,0
2017-09-21,392.0,402.4,389.75,400.1,401.37857142857126,0.6619484880531835,55.384615384615415,-4.850000000000023,21.0,0,0,0,0,0
2017-09-22,398.0,400.95,391.25,395.35,399.8749999999999,0.7224185052316628,33.401221995926704,-2.1000000000000227,6.0,0,0,0,0,0
2017-09-25,396.9,396.9,387.4,389.75,398.6785714285713,0.7401920502551406,27.70270270270268,1.5499999999999545,-1.1000000000000227,0,0,0,0,0
2017-09-26,387.25,392.4,383.05,387.35,397.5964285714285,0.7677950218845033,20.0,-2.5,-9.649999999999977,0,0,1,0,0
2017-09-27,387.95,390.0,384.3,385.95,396.78571428571416,0.8664550180572547,21.557971014492736,0.5999999999999659,0.6999999999999886,0,1,0,0,0
2017-09-28,387.5,388.9,377.5,382.05,395.2535714285713,0.8637700915459068,20.695652173913047,1.5500000000000114,-0.44999999999998863,1,1,0,0,1
2017-09-29,381.95,391.85,379.15,389.45,394.2892857142856,0.8513060311553066,40.150375939849596,-0.10000000000002274,-5.550000000000011,0,0,0,0,0
2017-10-03,392.0,392.9,383.0,384.65,392.82142857142844,0.8322465324175429,33.957219251336895,2.5500000000000114,10.050000000000011,0,0,0,0,0
2017-10-04,386.0,386.55,376.1,377.15,391.07142857142844,0.8295222473442598,29.500580720092884,1.3500000000000227,-6.0,1,1,1,1,1
2017-10-05,376.75,380.65,373.15,377.7,389.55714285714276,0.8565435928409306,26.95547533092656,-0.39999999999997726,-9.25,1,1,1,1,1
2017-10-06,378.2,383.55,378.2,382.3,388.5785714285713,0.8741907331430666,29.254079254079258,0.5,1.4499999999999886,0,1,1,1,1
2017-10-09,380.4,381.6,377.55,378.95,387.31428571428563,0.8862149254909774,30.24096385542167,-1.900000000000034,2.1999999999999886,1,1,1,1,1
2017-10-10,379.45,387.55,375.0,384.6,386.58571428571423,0.8378578450278488,43.80264741275575,0.5,-0.9499999999999886,1,1,1,1,1
2017-10-11,386.2,406.4,386.0,403.55,387.06428571428563,0.39212216364109803,63.94148020654042,1.599999999999966,6.75,0,1,1,1,1
2017-10-12,403.2,404.8,395.7,400.25,387.0749999999999,0.04023550143880453,61.916666666666664,-0.35000000000002274,17.0,1,1,1,1,1
2017-10-13,430.0,437.0,420.8,430.9,389.61428571428553,-0.17213176873228028,78.15561959654175,29.75,26.80000000000001,1,1,1,1,1
2017-10-16,432.2,457.8,432.2,453.3,394.1535714285713,0.04297350479877936,81.37592137592135,1.3000000000000114,2.1999999999999886,1,1,1,1,1
2017-10-17,456.0,469.35,455.1,465.95,399.76785714285694,0.43809957800642696,87.08941605839414,2.6999999999999886,23.80000000000001,0,1,1,1,1
2017-10-18,468.0,469.0,457.5,461.95,405.1964285714284,0.6752295455659141,89.96229971724786,2.0500000000000114,12.0,1,1,1,1,1
2017-10-19,465.0,477.8,463.5,473.75,411.74642857142834,0.7961162598344848,90.92458457605451,3.0500000000000114,-3.0,1,1,1,1,1
2017-10-23,475.0,501.4,475.0,497.35,419.45357142857125,0.865545509057532,92.18921892189216,1.25,10.0,1,1,1,0,0
2017-10-24,493.65,504.7,493.65,502.05,427.8392857142856,0.8903893696375689,94.69862018881626,-3.7000000000000455,18.649999999999977,1,1,0,0,0
2017-10-25,502.9,518.0,493.9,515.75,437.7392857142856,0.9097889560923704,94.99142367066895,0.8499999999999659,9.25,0,0,0,0,1
2017-10-26,511.6,519.35,502.45,511.3,447.2821428571428,0.9052876824387404,91.04761904761905,-4.149999999999977,8.700000000000045,0,0,0,1,1
2017-10-27,511.6,511.7,483.0,485.3,454.6392857142856,0.8513451968853383,77.6226047417993,0.30000000000001137,0.0,1,1,1,1,1
2017-10-30,490.5,497.7,486.05,492.9,462.77857142857135,0.8192274818330006,73.6822001527884,5.199999999999989,-21.100000000000023,1,1,1,1,1
2017-10-31,490.0,503.4,486.7,497.2,470.82142857142844,0.7934242488287003,69.45921985815602,-2.8999999999999773,-0.5,1,1,1,1,1
2017-11-01,518.5,544.7,510.0,539.1,480.5035714285713,0.8209078573169591,75.74797606476594,21.30000000000001,28.5,1,1,0,0,0
2017-11-02,544.95,548.55,530.6,543.2,490.7142857142856,0.8584090920463217,78.57896588111151,5.850000000000023,26.450000000000045,0,0,0,0,0
2017-11-03,543.2,564.8,537.3,541.25,498.5964285714285,0.8660823573134273,75.51020408163264,0.0,-1.75,0,0,0,0,0
2017-11-06,539.9,544.6,527.15,532.55,504.25714285714275,0.8488389029813022,64.99148211243607,-1.3500000000000227,-3.300000000000068,0,0,0,0,0
2017-11-07,535.9,536.6,512.1,514.35,507.71428571428567,0.7769071346068718,54.69824293353705,3.3500000000000227,-4.0,0,0,0,0,0
2017-11-08,496.0,509.0,483.1,495.3,510.09642857142853,0.5777927467677645,42.4954128440367,-18.350000000000023,-39.89999999999998,1,1,1,1,0
2017-11-09,502.25,508.0,495.3,504.25,512.275,0.3857855316292697,47.4955595026643,6.949999999999989,6.25,0,0,0,0,0
2017-11-10,507.0,511.75,496.6,503.45,512.7107142857142,0.26299864811981727,57.85374296841193,2.75,4.75,0,0,0,0,0
2017-11-13,503.0,506.75,496.65,498.0,512.4214285714285,0.13939086227592468,52.24867724867726,-0.44999999999998863,-4.0,1,0,0,0,0
2017-11-14,499.75,504.9,494.8,498.15,511.1642857142856,0.13757340269027293,50.43478260869564,1.75,-3.25,0,0,0,0,1
2017-11-15,498.0,499.0,483.5,486.75,509.41071428571416,0.09139027894085137,16.761904761904745,-0.14999999999997726,-1.75,1,1,1,1,1
2017-11-16,489.0,494.9,481.15,489.9,509.73928571428553,-0.17505055656023927,15.745501285346975,2.25,-9.0,1,1,1,1,1
2017-11-17,495.0,505.95,491.05,493.5,509.78214285714273,-0.44882758452660176,19.949653870358688,5.100000000000023,6.0,0,1,1,1,1
2017-11-20,494.15,496.7,489.0,492.65,509.4571428571427,-0.8153743997453823,22.13687150837987,0.6499999999999773,-0.8500000000000227,1,1,1,1,1
2017-11-21,495.3,509.25,494.5,503.25,506.8964285714284,-0.8475505184978973,41.328124999999986,2.650000000000034,1.150000000000034,0,0,0,0,0
2017-11-22,504.5,507.5,495.45,499.1,503.74642857142845,-0.7236852998396026,53.869653767820786,1.25,9.199999999999989,0,0,0,0,0
2017-11-23,503.0,507.0,493.5,496.35,500.5392857142856,-0.2811859797875304,40.79254079254081,3.8999999999999773,-1.5,1,1,0,0,1
2017-11-24,497.0,501.25,495.0,496.8,497.98571428571415,0.026574857037989563,42.18566392479438,0.6499999999999773,-6.0,1,0,0,0,0
2017-11-27,495.9,499.8,491.0,498.0,496.817857142857,0.013269925122410518,50.0,-0.9000000000000341,-1.1000000000000227,0,0,0,0,0
2017-11-28,497.95,497.95,490.2,492.0,496.5821428571427,0.1411338893204457,43.035107587768984,-0.05000000000001137,2.0500000000000114,1,1,0,0,0
2017-11-29,492.0,497.25,490.0,495.75,495.97499999999985,0.02890466467831393,62.32876712328767,0.0,-5.949999999999989,1,0,0,0,0
2017-11-30,492.35,499.4,490.8,496.45,495.47499999999985,-0.16369296104044603,59.618208516886945,-3.3999999999999773,0.35000000000002274,0,0,0,0,1
2017-12-01,498.9,498.9,481.85,484.15,494.4857142857141,0.025347690563609058,39.06432748538008,2.4499999999999886,6.5499999999999545,1,1,0,1,1
2017-12-04,485.0,492.0,482.5,484.3,493.49642857142845,0.1197765184831123,40.071343638525605,0.8500000000000227,-13.899999999999977,1,0,1,1,1
2017-12-05,485.65,491.95,476.85,490.65,493.7749999999998,0.31044063476112144,33.333333333333286,1.349999999999966,0.6499999999999773,0,1,1,1,1
2017-12-06,486.5,493.0,479.0,483.45,493.3142857142856,0.5171049518039487,30.844553243573998,-4.149999999999977,0.8500000000000227,1,1,1,1,1
2017-12-07,485.0,518.5,484.2,514.7,494.82857142857125,0.2985289166939124,63.22999279019468,1.5500000000000114,-1.5,1,1,1,1,1
2017-12-08,515.15,530.85,515.1,525.15,497.1499999999998,0.31775750515591,67.86389413988657,0.4499999999999318,30.149999999999977,1,0,0,0,0
2017-12-11,530.8,538.0,524.35,532.7,499.25357142857126,0.3830624832822628,70.24504084014004,5.649999999999977,15.649999999999977,0,0,0,0,0
2017-12-12,533.1,533.9,520.55,523.85,501.0214285714284,0.6250925219091187,67.98418972332016,0.39999999999997726,2.300000000000068,0,0,0,1,1
2017-12-13,528.0,533.0,514.2,517.35,502.5214285714284,0.7323780170560651,61.82913472070099,4.149999999999977,-5.100000000000023,1,1,1,1,1
2017-12-14,517.9,525.0,511.0,520.3,504.1999999999998,0.7452518619488251,62.7471940138963,0.5499999999999545,-10.100000000000023,0,1,1,1,1
2017-12-15,527.8,529.85,514.75,517.95,505.62499999999983,0.7214185215376548,70.21531100478475,7.5,9.899999999999977,1,1,1,1,1
2017-12-18,505.1,531.8,495.1,526.25,508.0714285714284,0.7382431080897209,72.86103542234335,-12.850000000000023,-22.699999999999932,1,1,0,1,1
2017-12-19,526.75,540.2,520.2,536.6,510.98928571428553,0.7754825654451575,73.99477806788516,0.5,21.649999999999977,0,0,0,1,0
2017-12-20,540.0,540.85,526.45,528.9,513.3071428571427,0.7558177604128384,73.61038961038962,3.3999999999999773,13.25,0,0,1,1,1
2017-12-21,528.5,531.75,522.0,524.1,516.1607142857141,0.6929824036485511,56.73352435530086,-0.39999999999997726,-11.5,1,1,1,1,1
2017-12-22,526.9,538.95,523.45,528.55,519.3214285714284,0.6352273925729809,52.664576802507824,2.7999999999999545,-1.6000000000000227,1,1,1,1,0
2017-12-26,531.0,546.4,525.25,542.95,523.0571428571427,0.6530984024056571,57.25406935598019,2.4500000000000455,4.100000000000023,0,0,0,0,0
2017-12-27,544.5,547.5,530.6,534.65,526.7142857142856,0.6535983261819984,57.70328102710412,1.5499999999999545,13.5,0,0,0,0,0
2017-12-28,534.5,537.55,530.1,531.35,527.9035714285714,0.5711265419335239,60.463378176382676,-0.14999999999997726,-10.0,0,0,0,0,0
2017-12-29,531.8,538.45,522.0,529.65,528.2249999999999,0.5485125491582047,57.121096725057136,0.4499999999999318,-2.7000000000000455,0,0,0,0,1
2018-01-01,531.0,538.1,525.4,527.9,527.8821428571428,0.6380241933291656,57.64796310530355,1.3500000000000227,-0.7999999999999545,0,0,0,1,0
2018-01-02,532.9,532.9,511.85,516.55,527.3607142857142,0.4337481535022376,42.87812041116004,5.0,1.8999999999999773,1,1,1,0,0
2018-01-03,519.15,525.5,514.75,518.2,527.4214285714285,0.20178778631622662,34.51178451178458,2.6000000000000227,-13.75,1,1,0,0,0
2018-01-04,519.0,527.2,514.5,523.0,527.6142857142855,0.04296865533791472,44.77876106194694,0.7999999999999545,-0.14999999999997726,1,0,0,0,0
2018-01-05,525.0,542.5,518.55,540.0,529.1892857142856,-0.05880964585864583,61.57205240174668,2.0,6.0,0,0,0,0,0
2018-01-08,534.15,534.15,514.2,516.35,528.4821428571428,-0.22039474906003964,43.06029579067127,-5.850000000000023,9.149999999999977,0,0,0,0,0
2018-01-09,518.0,521.05,504.7,509.8,526.567857142857,-0.10751856682641629,29.294191130543425,1.6499999999999773,-16.149999999999977,0,1,0,0,0
2018-01-10,515.0,517.5,504.3,506.4,524.9607142857142,-0.038518504076088825,31.20425815036596,5.199999999999989,-3.0,1,1,0,0,0
2018-01-11,508.0,516.7,503.2,514.75,524.292857142857,-0.02108680893965331,39.65087281795512,1.6000000000000227,-7.0,0,0,0,0,0
2018-01-12,516.0,517.35,504.5,509.55,522.9357142857141,0.2534940923583841,37.99283154121867,1.25,8.0,0,0,0,0,0
2018-01-15,509.8,511.95,502.45,504.5,520.1892857142856,0.7210737744959699,36.55172413793106,0.25,-6.199999999999989,0,0,0,0,0
2018-01-16,508.0,513.65,491.4,497.25,517.517857142857,0.8214022743462107,38.359469240048284,3.5,-1.8000000000000114,1,0,1,0,0
2018-01-17,495.0,503.2,491.45,499.9,515.2714285714284,0.8248240706991448,39.09415971394513,-2.25,-13.0,0,0,0,0,0
2018-01-18,501.0,508.8,493.0,495.0,512.7964285714285,0.84446158431743,33.33333333333333,1.1000000000000227,6.0,1,0,0,0,0
2018-01-19,484.0,500.25,483.5,497.9,510.6535714285713,0.8338556897682525,19.88555078683831,-11.0,-17.0,0,0,0,0,0
2018-01-22,495.6,498.5,488.0,490.7,508.80714285714265,0.8592947276985891,26.005612722170213,-2.2999999999999545,11.600000000000023,1,0,0,0,0
2018-01-23,494.0,498.8,488.8,492.1,506.942857142857,0.8616584923732197,31.6770186335404,3.3000000000000114,-1.6000000000000227,0,0,0,0,0
2018-01-24,486.9,487.0,455.15,459.5,502.40714285714273,0.880983158320908,19.74193548387099,-5.2000000000000455,-7.100000000000023,0,0,0,0,0
2018-01-25,463.5,463.5,444.45,452.7,496.1714285714284,0.9243616892839895,9.150757077024338,4.0,-23.399999999999977,0,0,0,0,0
2018-01-29,444.0,446.4,435.05,440.6,490.76071428571413,0.9454623402561355,8.388654194327088,-8.699999999999989,-19.5,0,0,0,0,0
2018-01-30,440.6,451.1,437.25,440.6,485.817857142857,0.9609173989891705,8.933161953727492,0.0,-3.3999999999999773,0,0,0,0,0
2018-01-31,442.5,446.0,436.4,439.85,481.06428571428563,0.9657522340886715,9.747545582047678,1.8999999999999773,1.8999999999999773,0,0,1,0,0
2018-02-01,440.05,447.0,430.1,438.4,475.61071428571415,0.9556157026428395,6.1340941512125795,0.19999999999998863,-2.4499999999999886,0,1,1,0,0
2018-02-02,437.8,440.5,415.8,422.35,469.38214285714275,0.9585396262278439,5.292307692307702,-0.5999999999999659,-2.25,1,1,1,1,1
2018-02-05,417.75,446.75,411.2,440.2,464.7892857142856,0.9233046762026459,20.010395010395015,-4.600000000000023,-20.05000000000001,0,0,0,0,0
2018-02-06,420.0,447.75,418.55,439.15,460.63928571428556,0.8902741850472283,21.377012770682953,-20.19999999999999,2.25,0,0,0,0,0
2018-02-07,444.95,449.4,427.1,430.25,455.6642857142856,0.8713486233004079,18.298308559712936,5.800000000000011,24.94999999999999,0,0,0,1,0
2018-02-08,434.0,436.0,425.0,429.8,451.00714285714275,0.8460517518084848,27.293577981651353,3.75,-10.949999999999989,0,0,1,0,0
2018-02-09,424.0,433.95,419.7,422.5,445.6214285714285,0.8352872357047629,27.086494688922585,-5.800000000000011,-10.0,1,1,1,0,0
2018-02-12,429.8,431.0,421.35,424.4,440.8857142857142,0.8111982154210005,35.45780969479347,7.300000000000011,5.800000000000011,1,1,0,0,0
2018-02-14,426.3,438.5,426.3,434.8,436.79285714285703,0.7874328833243847,45.6127080181543,1.900000000000034,-3.5,0,0,0,0,0
2018-02-15,439.3,439.3,426.7,428.95,434.61071428571415,0.7205215070258082,42.3455056179775,4.5,13.0,0,0,0,0,0
2018-02-16,434.95,434.95,418.4,419.7,432.2535714285713,0.6909200290439973,38.164556962025316,6.0,-4.350000000000023,0,0,0,0,1
2018-02-19,419.85,420.0,403.2,414.35,430.3785714285713,0.7088594031518806,44.143484626647144,0.1500000000000341,-15.099999999999966,1,1,1,1,1
2018-02-20,415.1,422.2,415.1,418.1,428.77142857142843,0.7043586735351111,29.61254612546128,0.75,-4.75,1,0,1,1,1
2018-02-21,420.0,422.5,417.35,419.65,427.32857142857125,0.6768401182092304,32.175502742230336,1.8999999999999773,4.899999999999977,0,1,1,1,1
2018-02-22,418.8,419.25,413.35,416.1,425.73571428571415,0.6523252890702661,35.66362715298885,-0.8499999999999659,-1.1999999999999886,1,1,1,1,1
2018-02-23,419.0,428.2,417.1,425.55,425.9642857142856,0.7990922814872706,46.35818337617823,2.8999999999999773,0.19999999999998863,0,1,1,1,0
2018-02-26,430.0,430.0,420.85,423.15,424.74642857142845,0.711516380129226,50.60804490177733,4.449999999999989,11.0,1,1,1,0,0
2018-02-27,425.8,432.65,424.3,430.5,424.1285714285713,0.43139316905138897,55.17826825127337,2.650000000000034,-4.199999999999989,0,0,0,0,0
2018-02-28,430.0,433.5,425.9,428.55,424.00714285714275,0.25609687828622196,43.80574826560951,-0.5,4.199999999999989,0,0,0,0,0
2018-03-01,429.05,436.6,425.75,427.75,423.86071428571415,0.050971166372308925,48.678414096916306,0.5,-0.9499999999999886,0,0,0,0,0
2018-03-05,426.95,427.1,417.6,421.45,423.78571428571416,0.14690290604378503,52.06124852767963,-0.8000000000000114,-2.1000000000000227,0,0,0,0,1
2018-03-06,423.7,427.65,410.6,413.9,423.03571428571416,0.26395454517960515,49.49608062709961,2.25,-3.25,0,0,0,1,1
2018-03-07,410.65,416.3,391.25,403.2,420.7785714285713,0.23048737228935617,35.56201550387593,-3.25,-13.050000000000011,0,0,1,1,1
2018-03-08,411.5,414.1,395.0,401.3,418.8035714285713,0.3356187728119279,32.33878729547645,8.300000000000011,0.8500000000000227,1,1,1,1,1
2018-03-09,404.9,408.5,397.55,402.15,417.54999999999984,0.5354282349100237,35.8375634517766,3.599999999999966,-6.600000000000023,1,1,1,1,1
2018-03-12,405.0,424.5,404.0,421.55,418.0642857142856,0.558153389093235,46.62162162162163,2.8500000000000227,0.10000000000002274,1,1,0,0,0
2018-03-13,423.0,429.8,420.15,426.3,418.6499999999998,0.4961283841759435,52.55889520714869,1.4499999999999886,18.0,0,0,0,0,0
2018-03-14,425.9,425.9,418.55,422.6,418.86071428571415,0.4758359950293856,43.17789291882558,-0.4000000000000341,2.8999999999999773,0,0,0,0,0
2018-03-15,422.6,424.3,417.25,420.45,419.1714285714284,0.5162962642445931,43.02925989672976,0.0,-3.2999999999999545,0,0,0,0,0
2018-03-16,415.25,426.75,413.65,416.75,418.542857142857,0.4895140009837415,40.98360655737705,-5.199999999999989,-7.350000000000023,0,0,1,0,0
2018-03-19,418.0,421.6,396.7,399.65,416.86428571428553,0.5664527409814483,34.81894150417827,1.25,2.75,1,1,1,1,1
2018-03-20,399.0,403.5,392.7,400.4,414.7142857142855,0.5855366962388837,39.61538461538462,-0.6499999999999773,-19.0,1,1,1,1,1
2018-03-21,403.0,420.15,402.2,418.2,413.9749999999998,0.3883306163000898,60.40221914008321,2.6000000000000227,4.0,0,0,1,0,0
2018-03-22,414.0,420.25,412.1,415.6,413.10714285714266,0.18925749456562393,59.82142857142858,-4.199999999999989,11.0,0,1,0,0,0
2018-03-23,412.65,418.95,405.2,412.7,412.48214285714266,0.06015394434118994,57.04742818971276,-2.9500000000000455,-1.3500000000000227,1,1,0,0,0
2018-03-26,412.0,423.0,406.6,421.5,413.0249999999998,-0.06081753177437381,49.96108949416341,-0.6999999999999886,-0.6499999999999773,0,0,0,0,0
2018-03-27,422.0,422.4,408.2,413.2,413.73928571428553,0.07513117563507522,40.33923303834808,0.5,10.0,0,0,0,0,0
2018-03-28,411.0,413.05,395.4,398.7,413.5535714285712,0.2988081254618599,34.796437659033074,-2.1999999999999886,-11.0,0,1,0,0,0
2018-04-02,399.5,401.75,390.5,395.1,413.04999999999984,0.46634134345057165,34.16614615865086,0.8000000000000114,-11.5,1,0,0,0,0
2018-04-03,391.25,404.0,391.25,402.2,411.667857142857,0.4815988618622436,41.28220491312162,-3.8500000000000227,-8.25,0,0,0,0,0
2018-04-04,404.0,404.8,392.95,395.05,409.43571428571414,0.5077416009590173,46.87074829931976,1.8000000000000114,12.75,0,0,0,0,0
2018-04-05,398.1,400.9,391.15,393.9,407.3857142857141,0.5291031711139946,45.6021650879567,3.0500000000000114,-5.899999999999977,0,0,0,0,0
2018-04-06,394.2,396.5,383.1,384.95,404.8499999999998,0.609214883806188,24.44273635664871,0.30000000000001137,-3.900000000000034,0,1,1,0,0
2018-04-09,382.9,386.7,376.65,380.3,402.24642857142834,0.6930950370216579,23.695976154992522,-2.0500000000000114,-11.300000000000011,1,1,0,0,0
2018-04-10,381.05,386.7,374.5,385.55,401.23928571428553,0.7948903689682505,30.4535637149028,0.75,-1.849999999999966,0,0,0,0,0
2018-04-11,388.0,390.8,383.35,385.3,400.16071428571416,0.8380126178302336,20.27914614121508,2.4499999999999886,6.949999999999989,0,0,0,0,0
2018-04-12,384.0,385.5,379.2,380.2,397.44642857142844,0.8447590203298491,21.403812824956645,-1.3000000000000114,-4.0,0,0,1,1,1
2018-04-13,382.95,386.2,375.8,377.9,394.75357142857126,0.8527565488762853,27.142857142857096,2.75,-1.0500000000000114,0,1,1,1,1
2018-04-16,377.0,380.3,374.5,376.65,392.1785714285712,0.8563809115135934,28.621089223638407,-0.8999999999999773,-5.949999999999989,1,1,1,1,1
2018-04-17,377.0,383.45,374.15,382.05,389.3607142857141,0.8641436595556653,25.693606755126723,0.35000000000002274,0.0,1,1,1,1,1
2018-04-18,383.7,391.85,382.35,384.25,387.292857142857,0.8286833013708959,35.2054794520548,1.6499999999999773,6.699999999999989,1,1,1,1,1
2018-04-19,388.75,397.3,385.45,395.35,387.0535714285713,0.5633483486315998,51.560818083961294,4.5,5.050000000000011,1,1,1,1,1
2018-04-20,393.55,403.7,391.45,402.0,387.5464285714284,0.24242299632290515,69.30917327293318,-1.8000000000000114,4.800000000000011,1,1,1,1,1
2018-04-23,401.5,406.5,396.85,402.85,387.59285714285704,-0.14161602900391437,77.94299876084258,-0.5,7.949999999999989,1,1,1,1,1
2018-04-24,401.9,408.6,396.6,406.25,388.392857142857,-0.382261195286257,76.88311688311683,-0.9500000000000455,0.39999999999997726,1,1,1,1,1
2018-04-25,414.45,427.4,412.0,419.85,390.2464285714285,-0.5002121970545835,83.31726133076177,8.199999999999989,12.550000000000011,0,0,0,0,0
2018-04-26,420.0,420.0,405.45,409.2,391.97857142857134,-0.4925725047787043,75.2613240418118,0.14999999999997726,5.550000000000011,0,1,0,0,0
2018-04-27,406.25,411.75,401.0,408.75,394.0107142857142,-0.38276576042268023,77.76777677767775,-2.9499999999999886,-13.75,1,0,0,0,0
2018-04-30,407.0,413.25,404.2,409.55,395.7249999999999,-0.2455450731721929,79.85480943738656,-1.75,0.75,0,0,0,0,0
2018-05-02,412.9,412.9,406.0,408.45,397.3785714285713,-0.03811053331383102,75.98425196850387,3.349999999999966,5.899999999999977,0,0,0,0,0
2018-05-03,406.3,408.0,399.0,404.4,399.1071428571427,0.17598585178056503,69.13580246913574,-2.1499999999999773,-6.599999999999966,0,0,0,0,1
2018-05-04,410.85,418.35,394.0,396.75,400.4535714285713,0.22324731676549942,51.42276422764226,6.4500000000000455,4.550000000000011,1,1,1,1,0
2018-05-07,401.5,404.55,395.5,398.25,401.9964285714285,0.18492683033610074,45.74347332576618,4.75,-9.350000000000023,1,1,1,0,0
2018-05-08,401.45,402.95,396.8,401.15,403.36071428571415,0.05404718511749581,48.1561822125813,3.1999999999999886,-0.05000000000001137,1,1,0,0,0
2018-05-09,403.2,409.5,397.2,402.45,404.66071428571416,-0.2312668190946058,45.68181818181818,2.0500000000000114,1.75,1,0,0,0,0
2018-05-10,404.85,413.7,403.9,412.1,405.8571428571427,-0.2661572382778661,40.32459425717854,2.400000000000034,1.650000000000034,0,0,0,0,0
2018-05-11,400.15,402.7,381.5,386.6,404.75714285714275,-0.4815631441837434,29.417122040072897,-11.950000000000045,-4.7000000000000455,0,0,0,0,0
2018-05-14,386.0,394.0,378.3,383.15,403.34999999999985,-0.5897441933080042,27.892918825561324,-0.6000000000000227,-14.149999999999977,0,0,0,0,0
2018-05-15,383.0,388.15,378.35,381.95,401.61428571428553,-0.6057092671731337,26.329331046312177,-0.14999999999997726,-3.0,0,0,0,0,0
2018-05-16,382.95,382.95,374.0,375.35,398.43571428571414,-0.32857276102221955,24.05956112852668,1.0,-0.05000000000001137,0,0,0,0,0
2018-05-17,377.25,378.95,365.45,367.6,395.4642857142856,0.03716900198818146,22.740740740740762,1.8999999999999773,-5.699999999999989,0,0,0,0,1
2018-05-18,368.05,368.05,355.05,361.35,392.0785714285713,0.45207349040468475,23.222390317700473,0.44999999999998863,-9.199999999999989,0,1,0,1,1
2018-05-21,361.35,369.25,355.2,360.0,388.5392857142856,0.7168699683455847,21.00075815011374,0.0,-6.699999999999989,1,0,1,1,1
2018-05-22,356.95,371.1,351.6,361.85,385.21071428571423,0.8260195805379882,19.722650231124888,-3.0500000000000114,-4.400000000000034,0,1,1,1,1
2018-05-23,361.8,365.8,354.25,356.8,381.81071428571425,0.8758557387523941,16.751638747268814,-0.05000000000001137,4.850000000000023,1,1,1,1,1
2018-05-24,359.0,373.9,356.9,371.9,380.0357142857142,0.816489744464917,22.874493927125485,2.1999999999999886,-2.8000000000000114,1,1,1,1,1
2018-05-25,372.3,380.0,367.0,376.95,378.5142857142856,0.7327086070363472,41.00652376514443,0.4000000000000341,13.300000000000011,0,1,0,0,1
2018-05-28,377.6,380.8,370.8,375.15,376.6571428571428,0.654538763798932,42.30769230769231,0.6500000000000341,5.300000000000011,1,1,0,1,0
2018-05-29,375.95,381.7,371.25,379.15,374.9928571428571,0.5160337576540298,47.445255474452544,0.8000000000000114,-1.650000000000034,0,0,1,0,0
2018-05-30,378.9,378.9,373.0,375.8,372.3999999999999,0.28531484041062527,50.43646944713869,-0.25,2.9499999999999886,0,1,0,0,1
2018-05-31,376.1,383.2,371.25,373.6,371.4714285714285,0.08607864550364305,56.52173913043478,0.30000000000001137,-2.7999999999999545,1,0,0,1,1
2018-06-01,374.55,385.9,372.55,383.7,371.5107142857142,-0.2399341924699367,72.41725175526578,0.9499999999999886,-1.5500000000000114,0,0,0,0,0
2018-06-04,384.0,386.75,370.1,372.3,370.8214285714285,-0.5072503161098565,60.26711185308851,0.30000000000001137,9.449999999999989,0,1,1,1,1
2018-06-05,371.4,372.25,357.55,364.3,370.0321428571428,-0.5928448609605197,51.85465556396669,-0.9000000000000341,-12.600000000000023,1,1,1,1,1
2018-06-06,362.1,381.9,362.1,379.75,370.8999999999999,-0.6859906510041031,65.00981033355136,-2.1999999999999886,-9.299999999999955,1,0,1,1,0
2018-06-07,379.7,386.25,375.0,379.95,372.2285714285713,-0.6622963102979454,56.539398862713256,-0.05000000000001137,17.599999999999966,0,1,1,0,0
2018-06-08,379.5,383.45,372.25,377.55,373.4821428571427,-0.5683056167244357,50.509337860781,-0.44999999999998863,-0.19999999999998863,1,1,0,0,1
2018-06-11,377.75,391.8,377.75,388.8,375.40714285714273,-0.32298646930497743,59.98536942209222,0.19999999999998863,-1.75,0,0,0,0,0
2018-06-12,389.95,393.4,379.55,380.65,377.1107142857141,0.16342300834074225,51.03448275862069,1.1499999999999773,12.199999999999989,0,0,0,0,0
2018-06-13,374.0,382.9,373.3,375.65,377.37857142857126,0.31852109468991735,49.89885367498312,-6.649999999999977,-15.949999999999989,1,1,0,0,0
2018-06-14,373.5,384.0,373.5,376.5,377.3464285714284,0.3285763345044229,51.99175824175822,-2.1499999999999773,-0.5,1,0,0,0,0
2018-06-15,378.7,380.25,370.2,378.25,377.567857142857,0.36809049810716066,45.771916214119486,2.1999999999999886,5.199999999999989,0,0,0,0,0
2018-06-18,377.95,380.9,368.05,370.9,376.9785714285713,0.2386973745840892,48.84105960264898,-0.30000000000001137,-0.75,1,1,0,1,1
2018-06-19,371.0,375.9,369.2,371.2,376.6499999999998,0.157499792429124,56.546489563567334,0.10000000000002274,-6.949999999999989,1,0,1,1,1
2018-06-20,372.5,376.5,370.45,371.9,376.5285714285712,0.0776865940572847,39.65744400527007,1.3000000000000114,1.5,0,1,1,1,1
2018-06-21,374.95,375.0,363.8,368.7,375.4571428571426,0.16857256803426848,36.263736263736284,3.0500000000000114,2.4499999999999886,1,1,1,1,1
2018-06-22,370.95,376.5,366.3,374.55,375.6178571428569,0.11595956279127823,46.62162162162163,2.25,-4.0,0,1,1,1,1
2018-06-25,372.0,377.95,371.8,374.15,376.3214285714283,-0.30055188246596337,28.166915052160988,-2.5500000000000114,1.0500000000000114,1,1,1,1,0
2018-06-26,374.0,382.75,373.2,380.2,376.3535714285712,-0.21771742630330565,49.28457869634342,-0.14999999999997726,2.0,0,0,1,0,0
2018-06-27,381.25,381.55,373.1,375.65,376.0464285714283,-0.10789702422087927,50.0,1.0500000000000114,7.25,1,1,0,0,0
2018-06-28,373.7,381.4,368.55,377.95,376.0749999999997,-0.08298567586533932,52.23420647149458,-1.9499999999999886,-7.550000000000011,1,0,0,0,0
2018-06-29,375.3,383.3,375.3,381.95,375.58571428571395,0.1262323072041612,55.33141210374637,-2.6499999999999773,1.6000000000000227,0,0,0,0,0
2018-07-02,381.1,381.4,365.55,368.05,374.68571428571397,0.28975039129612024,46.5454545454546,-0.8499999999999659,5.800000000000011,1,0,0,0,0
2018-07-03,374.6,374.6,366.1,370.75,374.335714285714,0.36421678776434013,49.48453608247424,6.550000000000011,-6.5,0,0,0,0,0
2018-07-04,370.85,371.9,362.7,367.4,373.68571428571397,0.4821347300840821,45.1403887688985,0.10000000000002274,-3.75,0,0,0,1,0
2018-07-05,365.0,366.75,359.65,363.4,372.62499999999966,0.6056136264843102,44.373673036093415,-2.3999999999999773,-5.850000000000023,0,0,1,0,0
2018-07-06,362.0,365.4,359.9,362.25,372.0071428571426,0.7674518020409641,35.49528301886794,-1.3999999999999773,-3.0,0,1,0,0,0
2018-07-09,366.0,366.4,361.6,362.1,371.3571428571426,0.8462756762619834,35.705812574140026,3.75,4.0,1,0,1,0,0
2018-07-10,362.5,369.8,362.5,367.8,371.0642857142855,0.8247044102725302,35.167464114832555,0.39999999999997726,-3.5,0,0,0,0,0
2018-07-11,368.9,368.9,360.9,362.0,370.58571428571406,0.8757204021338443,34.14634146341464,1.099999999999966,6.399999999999977,1,0,0,0,0
2018-07-12,365.0,365.0,360.35,362.15,369.69999999999976,0.8753407368222232,30.68459657701706,3.0,-3.8999999999999773,0,0,0,0,0
2018-07-13,364.0,364.85,357.35,358.95,368.6142857142855,0.8920480982505102,21.321695760598445,1.8500000000000227,-1.0,0,0,0,0,0
2018-07-16,356.0,359.75,344.8,347.4,366.2714285714283,0.9197540954326784,22.649006622516467,-2.9499999999999886,-8.0,0,0,0,0,0
2018-07-17,347.0,350.7,340.0,342.55,363.9071428571427,0.9436344648082644,14.661654135338296,-0.39999999999997726,-9.0,0,1,1,0,0
2018-07-18,344.1,345.1,331.0,336.8,360.967857142857,0.9571408410320119,13.829787234042513,1.5500000000000114,-2.8999999999999773,1,1,0,0,0
2018-07-19,339.0,347.5,337.6,345.0,358.32857142857125,0.9293196841148141,30.215053763440835,2.1999999999999886,-5.100000000000023,1,0,0,0,0
2018-07-20,343.0,347.7,340.35,345.4,356.71071428571406,0.8988629704490938,31.58469945355185,-2.0,4.0,0,0,0,0,0
