2016-08-29,4925.0,4955.0,4920.9,4927.4,4897.985714285715,-0.07915297506201215,54.54258675078851,4.100000000000364,-9.800000000000182,1,1,1,1,1
2016-08-30,4955.0,5103.9,4951.0,5067.65,4905.614285714286,0.3461513277854474,74.05699420598312,27.600000000000364,30.0,0,0,1,1,1
2016-08-31,5063.9,5103.85,5036.3,5053.65,4919.332142857143,0.38371666574557534,69.91731517509716,-3.75,108.89999999999964,1,1,1,1,1
2016-09-01,5074.0,5100.0,5019.3,5060.75,4932.339285714285,0.5120039258614358,68.46800917665043,20.350000000000364,10.100000000000364,1,1,1,1,1
2016-09-02,5078.0,5188.65,5075.0,5160.45,4951.0428571428565,0.7855410910618982,77.33333333333323,17.25,4.0,1,1,1,1,1
2016-09-06,5201.0,5335.0,5201.0,5319.7,4983.578571428571,0.913930414160478,92.0439675477623,40.55000000000018,123.0,1,1,1,1,1
2016-09-07,5319.0,5362.0,5290.1,5336.05,5015.449999999999,0.9288021734321692,92.88702928870285,-0.6999999999998181,118.0,1,1,0,1,1
2016-09-08,5321.0,5499.0,5319.0,5489.4,5056.417857142856,0.9523770147404881,93.32692461747969,-15.050000000000182,2.0,0,0,0,0,1
2016-09-09,5489.7,5489.95,5377.05,5403.0,5092.3392857142835,0.9304468736797749,83.72861865746732,0.3000000000001819,168.69999999999982,0,0,1,1,1
2016-09-12,5305.0,5350.0,5251.0,5329.0,5127.42857142857,0.8885783684358021,76.95864711322503,-98.0,-184.69999999999982,1,1,1,1,1
2016-09-14,5330.05,5384.75,5330.05,5363.9,5165.292857142855,0.8638404395346395,77.79192665223485,1.050000000000182,25.050000000000182,1,1,1,1,1
2016-09-15,5356.0,5461.0,5349.55,5452.4,5201.28214285714,0.8639131476552839,76.22520618908052,-7.899999999999636,25.949999999999818,1,1,1,1,1
2016-09-16,5473.0,5619.9,5473.0,5573.3,5246.967857142854,0.8845664816559556,80.9149860193944,20.600000000000364,117.0,0,0,0,1,1
2016-09-19,5569.0,5569.0,5485.0,5491.9,5287.753571428569,0.8740009264875573,73.56654823722327,-4.300000000000182,96.0,1,1,1,1,1
2016-09-20,5525.0,5560.0,5498.35,5514.85,5329.7142857142835,0.8681244048152695,71.145584725537,33.100000000000364,-44.0,0,1,1,1,0
2016-09-21,5526.0,5542.5,5462.1,5501.25,5360.6857142857125,0.8400414351025646,63.111143207915056,11.149999999999636,1.0,1,1,1,1,1
2016-09-22,5565.35,5634.1,5564.95,5597.1,5399.5035714285705,0.8418295658586219,66.91066917147111,64.10000000000036,39.350000000000364,1,0,0,0,0
2016-09-23,5630.0,5630.0,5565.6,5601.8,5438.15,0.8538111849184217,59.01797175866497,32.899999999999636,64.64999999999964,0,0,0,0,0
2016-09-26,5586.0,5625.0,5555.55,5568.9,5467.324999999999,0.8425291720324624,64.56029489204835,-15.800000000000182,-44.0,0,0,0,0,1
2016-09-27,5598.95,5599.95,5500.0,5511.4,5481.017857142856,0.7737228369865194,66.48590021691963,30.050000000000182,12.949999999999818,1,0,0,1,1
2016-09-28,5510.6,5555.0,5506.0,5521.8,5494.285714285713,0.6954907036351434,64.9328541706071,-0.7999999999992724,-88.34999999999945,0,0,1,1,1
2016-09-29,5575.0,5577.0,5395.0,5438.6,5490.657142857142,0.6598707418730334,48.68169659915942,53.19999999999982,64.39999999999964,1,1,1,1,1
2016-09-30,5420.0,5497.5,5382.6,5477.3,5495.964285714285,0.5653507611927339,39.12058023572082,-18.600000000000364,-155.0,1,1,1,1,1
2016-10-03,5661.0,5720.0,5631.8,5681.0,5521.107142857143,0.48541025575459384,66.77905944986688,183.69999999999982,241.0,0,1,1,1,1
2016-10-04,5715.15,5717.95,5650.0,5680.0,5543.685714285714,0.39419809508285003,65.24789954759481,34.149999999999636,54.149999999999636,1,1,1,1,1
2016-10-05,5707.0,5767.0,5673.0,5689.2,5560.6,0.38287801469334065,67.49511309690027,27.0,-8.149999999999636,1,0,1,1,1
2016-10-06,5700.0,5745.6,5700.0,5710.45,5570.396428571429,0.5749317065526253,62.25272943465565,10.800000000000182,-7.0,0,1,1,0,0
2016-10-07,5709.45,5717.25,5667.3,5683.8,5584.103571428573,0.5967609457670349,58.46233230134159,-1.0,9.449999999999818,1,1,1,0,0
2016-10-10,5724.9,5734.4,5695.95,5712.35,5598.210714285715,0.6450873147927723,64.93804019577225,41.099999999999454,15.449999999999818,1,0,0,0,0
2016-10-13,5690.0,5752.8,5652.6,5718.55,5613.732142857144,0.6583602301632965,74.15180132913616,-22.350000000000364,-34.899999999999636,0,0,0,0,0
2016-10-14,5760.2,5766.95,5669.1,5690.45,5620.400000000001,0.7549439326659908,68.88366364348896,41.649999999999636,70.19999999999982,0,0,0,0,0
2016-10-17,5699.0,5699.0,5574.6,5599.1,5620.2071428571435,0.7428383742051846,67.64899934022436,8.550000000000182,-61.19999999999982,1,1,1,1,1
2016-10-18,5621.0,5645.35,5580.1,5626.7,5624.335714285715,0.710545721897048,66.8394950405771,21.899999999999636,-78.0,0,1,1,1,1
2016-10-19,5633.7,5647.9,5593.05,5604.6,5630.992857142859,0.5963320675905189,35.41984732824423,7.0,12.699999999999818,1,1,1,1,1
2016-10-20,5615.0,5683.5,5615.0,5644.5,5639.757142857145,0.5046923538476513,44.10103024260548,10.399999999999636,-18.699999999999818,1,1,1,1,1
2016-10-21,5650.5,5670.0,5616.0,5650.2,5654.8714285714295,0.22919836387017906,43.44317417619364,6.0,35.5,1,1,1,1,1
2016-10-24,5666.0,5748.0,5666.0,5713.9,5671.771428571429,-0.27256860223638635,50.50757687214945,15.800000000000182,15.5,1,1,1,1,1
2016-10-25,5734.0,5799.0,5725.65,5781.45,5678.946428571428,0.06537916522054822,62.823374917925165,20.100000000000364,68.0,1,1,1,1,1
2016-10-26,5796.6,5898.0,5785.0,5869.1,5692.453571428572,0.394064051326326,67.81857451403894,15.150000000000546,62.600000000000364,0,1,1,1,0
2016-10-27,5897.0,5948.0,5789.1,5860.15,5704.664285714286,0.5861208558859667,65.99638499774058,27.899999999999636,100.39999999999964,1,1,1,0,0
2016-10-28,5922.0,5928.55,5865.75,5876.15,5716.5,0.7518969055465549,71.56794425087111,61.850000000000364,25.0,1,1,0,0,0
2016-10-30,5900.0,5903.75,5880.0,5896.15,5731.6678571428565,0.8377897467628264,91.35458721982452,23.850000000000364,-22.0,0,0,0,0,0
2016-11-01,5919.0,5974.0,5855.2,5878.1,5743.507142857142,0.8984065579251161,85.95537757437084,22.850000000000364,19.0,0,0,0,0,0
2016-11-02,5805.0,5864.9,5785.0,5794.6,5748.939285714286,0.8848577471133775,73.11435523114355,-73.10000000000036,-114.0,1,0,0,0,0
2016-11-03,5799.9,5859.9,5780.0,5805.55,5757.160714285715,0.8614352869707101,71.07708415128911,5.299999999999272,-5.100000000000364,0,0,0,0,0
2016-11-04,5789.0,5789.0,5667.3,5704.85,5764.714285714285,0.6883708631298789,55.72791112042768,-16.550000000000182,-10.899999999999636,1,0,0,0,0
2016-11-07,5763.0,5784.85,5708.0,5715.95,5771.089285714285,0.5101262411439681,50.24148898574628,58.149999999999636,-26.0,0,0,0,0,0
2016-11-08,5727.8,5731.0,5581.5,5669.0,5775.689285714286,0.19688398136972984,36.077751640460576,11.850000000000364,-35.19999999999982,0,0,0,0,0
2016-11-09,5305.0,5553.0,5305.0,5392.95,5757.721428571428,-0.18420073373706447,9.80160405234264,-364.0,-422.8000000000002,0,0,0,0,0
2016-11-10,5505.5,5517.25,5305.0,5328.5,5734.742857142856,-0.2855576020171825,8.9617908143573,112.55000000000018,200.5,0,0,0,0,0
2016-11-11,5290.0,5292.95,5103.0,5134.25,5693.339285714285,0.0067708089553628415,5.090799031476919,-38.5,-215.5,0,0,0,0,0
2016-11-15,5101.9,5119.05,4806.4,4846.6,5626.564285714287,0.5397026973028133,2.0161843368535983,-32.350000000000364,-188.10000000000036,1,1,1,0,1
2016-11-16,4924.0,5009.4,4901.55,4990.8,5563.828571428572,0.7159134817132714,13.629283489096522,77.39999999999964,-177.89999999999964,0,0,0,0,0
2016-11-17,5030.0,5048.0,4916.3,4925.55,5497.071428571429,0.7858732013906059,13.836294785901487,39.19999999999982,106.0,1,0,1,0,0
2016-11-18,4935.0,4989.9,4887.9,4950.9,5430.982142857144,0.8022469536801359,14.856696410214155,9.449999999999818,-95.0,0,0,0,0,0
2016-11-21,4990.0,4990.0,4765.3,4787.45,5351.789285714287,0.8345816673721347,14.12762962383664,39.100000000000364,55.0,1,1,1,1,1
2016-11-22,4830.0,4956.0,4825.55,4934.55,5284.392857142858,0.8149658204850424,22.38283735067506,42.55000000000018,-160.0,0,0,0,0,1
2016-11-23,4945.0,4945.0,4860.0,4880.85,5219.125000000001,0.8025039450043584,22.276548594744796,10.449999999999818,115.0,0,0,1,1,1
2016-11-24,4862.0,4883.9,4804.0,4830.15,5149.453571428572,0.7987207403516876,26.473539001755697,-18.850000000000364,-83.0,1,1,1,1,1
2016-11-25,4849.0,4905.0,4792.45,4873.6,5090.078571428572,0.7706075135618112,30.644200493575028,18.850000000000364,-13.0,1,1,1,1,1
2016-11-28,4866.0,4913.0,4833.0,4893.75,5031.35,0.7335454718288623,37.98701298701298,-7.600000000000364,17.0,1,1,1,1,1
2016-11-29,4898.0,5119.0,4896.0,5088.15,4989.8607142857145,0.5772788471184932,63.304874690167956,4.25,32.0,1,1,0,1,1
2016-11-30,5110.55,5282.0,5100.1,5266.0,4980.792857142857,0.17463780589589176,64.61652857446356,22.400000000000546,212.55000000000018,0,0,0,0,0
2016-12-01,5266.0,5307.5,5204.25,5252.1,4975.335714285715,-0.28372393675885116,68.34447502949273,0.0,155.44999999999982,0,0,0,0,0
2016-12-02,5220.0,5236.2,5046.0,5068.1,4970.610714285715,-0.5314123691620217,55.587870697053525,-32.100000000000364,-46.0,1,1,1,1,1
2016-12-05,5063.9,5219.9,5055.0,5202.95,4996.064285714287,-0.5333435970893603,70.36565042642877,-4.200000000000728,-156.10000000000036,0,0,1,1,0
2016-12-06,5220.0,5261.0,5118.05,5135.2,5006.378571428571,-0.6378837085796535,60.66436353972892,17.050000000000182,156.10000000000036,0,1,1,1,1
2016-12-07,5150.95,5209.75,5035.05,5116.65,5020.028571428571,-0.6866252203585945,63.01899293286215,15.75,-69.05000000000018,1,1,1,1,1
2016-12-08,5172.0,5269.9,5170.0,5234.6,5040.292857142857,-0.7557179284931972,70.78686333967212,55.350000000000364,21.050000000000182,1,0,0,0,0
2016-12-09,5290.0,5312.5,5201.2,5235.0,5072.260714285715,-0.6489906303244671,69.43428694342869,55.399999999999636,118.0,0,0,0,0,0
2016-12-12,5228.0,5228.0,5120.05,5144.4,5087.25,-0.6414681636563928,62.529367658085455,-7.0,-62.0,1,0,1,1,0
2016-12-13,5178.75,5207.0,5134.05,5163.15,5107.414285714285,-0.48368848249449337,54.54765947125879,34.350000000000364,-49.25,0,0,1,0,0
2016-12-14,5179.95,5214.75,5130.2,5141.05,5129.621428571429,-0.1940395969496407,40.65934065934067,16.800000000000182,1.199999999999818,1,1,0,0,0
2016-12-15,5099.95,5197.0,5080.0,5152.05,5149.510714285714,-0.011078154249958654,42.48817478789698,-41.100000000000364,-80.0,1,0,0,0,0
2016-12-16,5174.5,5207.0,5151.2,5188.65,5170.574999999999,-0.014342258787738177,61.6237585575161,22.449999999999818,74.55000000000018,0,0,0,0,1
2016-12-19,5175.0,5195.45,5104.05,5115.05,5172.496428571429,-0.22774699923583494,40.3892411983381,-13.649999999999636,0.5,0,1,0,1,1
2016-12-20,5135.9,5147.5,5072.0,5108.0,5161.210714285714,-0.18107804256711804,46.57085224407465,20.849999999999454,-39.100000000000364,1,0,1,1,1
2016-12-21,5119.4,5160.0,5073.55,5137.85,5153.05,-0.017620915604280137,52.59867614611434,11.399999999999636,-16.5,0,1,1,1,1
2016-12-22,5144.0,5144.0,5053.0,5084.4,5154.214285714284,-0.4044762254443663,28.130460104833887,6.149999999999636,24.600000000000364,1,1,1,1,1
2016-12-23,5050.0,5214.0,5041.0,5197.15,5153.799999999998,-0.2359089233703924,45.8475041140976,-34.399999999999636,-94.0,0,1,1,1,1
2016-12-26,5179.0,5257.8,5151.1,5167.35,5156.096428571428,-0.33331085178178266,52.9054310672238,-18.149999999999636,129.0,1,1,1,1,1
2016-12-27,5185.0,5237.4,5117.2,5224.0,5163.7642857142855,-0.4869248253618188,57.028993877786824,17.649999999999636,6.0,1,1,1,1,1
2016-12-28,5250.0,5278.0,5219.45,5231.25,5163.525,-0.18683913289283693,60.789473684210535,26.0,65.0,1,1,1,1,1
2016-12-29,5217.2,5349.0,5217.2,5314.8,5169.224999999999,0.2567615557080595,66.58852308633169,-14.050000000000182,-32.80000000000018,1,1,1,1,1
2016-12-30,5347.0,5377.9,5303.0,5319.55,5181.7357142857145,0.40732151226932994,64.26858513189455,32.19999999999982,129.80000000000018,1,1,1,1,1
2017-01-02,5320.05,5474.2,5267.8,5466.0,5203.367857142858,0.7624578751901167,83.0119461950898,0.5,-26.949999999999818,1,1,1,1,1
2017-01-03,5466.0,5524.2,5432.6,5508.4,5229.607142857143,0.885574249351726,85.31487034750396,0.0,145.94999999999982,0,1,1,1,1
2017-01-04,5530.0,5554.7,5494.0,5502.15,5254.614285714285,0.8866621028309354,83.52659672372536,21.600000000000364,64.0,1,1,1,1,1
2017-01-05,5525.1,5649.9,5525.1,5634.95,5286.492857142856,0.9212230051084853,94.21023046655435,22.950000000000728,-4.899999999999636,0,1,1,1,1
2017-01-06,5650.0,5657.3,5597.0,5615.55,5322.242857142856,0.9264303259360368,89.52389948989249,15.050000000000182,124.89999999999964,1,1,1,1,1
2017-01-09,5644.8,5680.0,5610.6,5658.5,5361.564285714286,0.9267256653056247,95.2714535901927,29.25,-5.199999999999818,1,1,1,1,1
2017-01-10,5680.0,5693.7,5641.0,5674.85,5399.921428571428,0.917249471550024,94.89196455242464,21.5,35.19999999999982,1,1,1,1,0
2017-01-11,5691.0,5772.9,5691.0,5762.35,5448.346428571429,0.9355400386668481,95.5958104395605,16.149999999999636,11.0,1,0,0,0,0
2017-01-12,5770.0,5795.0,5742.0,5777.35,5489.789285714287,0.9335840631280536,95.00827089617599,7.649999999999636,79.0,0,0,0,0,0
2017-01-13,5792.0,5794.0,5683.65,5699.5,5527.800000000001,0.9087011727720153,82.36647073856375,14.649999999999636,22.0,0,0,0,1,0
2017-01-16,5697.95,5725.2,5661.0,5676.9,5560.150000000001,0.8721451946041838,72.77045994385657,-1.550000000000182,-94.05000000000018,0,1,1,0,1
2017-01-17,5690.0,5718.9,5657.05,5669.4,5591.446428571428,0.8328831135471412,68.79962634283042,13.100000000000364,-7.949999999999818,1,1,0,1,1
2017-01-18,5685.0,5719.0,5665.0,5684.45,5617.849999999999,0.784967777830123,70.85812356979403,15.600000000000364,-5.0,1,0,1,1,1
2017-01-19,5675.0,5728.0,5675.0,5718.35,5646.335714285714,0.7673100266323256,62.333629103815476,-9.449999999999818,-10.0,0,0,1,1,1
2017-01-20,5717.0,5749.0,5642.0,5668.95,5660.832142857143,0.6621791522135702,57.25346373268124,-1.3500000000003638,42.0,1,1,1,1,1
2017-01-23,5668.95,5712.75,5643.8,5700.0,5674.517857142857,0.5585492920920445,55.82537900056144,0.0,-48.05000000000018,1,1,1,1,1
2017-01-24,5704.0,5745.75,5688.95,5737.2,5691.307142857143,0.42325053407406615,58.26813419970815,4.0,35.05000000000018,1,1,1,1,1
2017-01-25,5763.9,5834.0,5708.05,5802.55,5703.278571428572,0.4310803437855502,55.66356720202868,26.699999999999818,59.899999999999636,1,1,1,1,1
2017-01-27,5842.0,5927.7,5825.05,5915.9,5724.732142857143,0.41918887474764,65.28405956977372,39.44999999999982,78.10000000000036,0,0,1,1,1
2017-01-30,5916.0,5939.0,5885.0,5894.95,5741.621428571429,0.46367796672407635,74.65623817333154,0.1000000000003638,74.0,0,1,1,1,1
2017-01-31,5889.0,5934.9,5875.5,5894.25,5757.2928571428565,0.5097177848874296,79.02256643076511,-5.949999999999818,-27.0,1,1,1,1,1
2017-02-01,5900.0,6203.5,5886.0,6179.2,5787.067857142856,0.682290272410108,89.10108912409876,5.75,11.0,0,0,0,1,1
2017-02-02,6170.0,6218.35,6130.0,6144.35,5813.2821428571415,0.843729216937236,84.23403305046901,-9.199999999999818,270.0,0,1,1,1,1
2017-02-03,6147.9,6156.65,6096.55,6115.45,5842.992857142855,0.9066302217995326,79.7810109494525,3.5499999999992724,-22.100000000000364,1,1,1,1,0
2017-02-06,6157.0,6187.0,6125.0,6149.7,5876.764285714285,0.9330767435589093,86.89279410636179,41.55000000000018,9.100000000000364,1,1,1,0,0
2017-02-07,6166.0,6231.5,6144.0,6213.2,5915.607142857142,0.9408595142660099,87.51461988304096,16.300000000000182,9.0,0,0,0,0,0
2017-02-08,6219.7,6233.9,6165.15,6194.65,5952.049999999998,0.92511486440002,84.37664387164652,6.5,53.69999999999982,0,0,0,0,0
2017-02-09,6195.5,6204.0,6111.6,6157.1,5983.389285714285,0.888422604765339,77.80566230099609,0.8500000000003638,-24.199999999999818,0,0,0,0,0
2017-02-10,6170.0,6173.75,6096.4,6112.25,6015.053571428571,0.8233705541470083,67.2524382743169,12.899999999999636,-25.5,0,0,0,0,0
2017-02-13,6092.0,6139.9,6002.0,6022.0,6038.053571428571,0.6883700735198245,59.95143729928726,-20.25,-78.0,0,0,1,0,1
2017-02-14,6045.0,6045.0,5928.1,5939.85,6052.528571428571,0.44602559404191744,53.16754654070578,23.0,-47.0,0,1,1,1,1
2017-02-15,5950.0,5961.8,5842.2,5862.7,6056.824999999999,0.08818711001704302,19.091796875,10.149999999999636,-95.0,1,1,1,1,1
2017-02-16,5860.0,6037.95,5860.0,6024.55,6064.585714285714,-0.07661514722928335,40.62597809076682,-2.699999999999818,-90.0,0,1,1,1,1
2017-02-17,6038.0,6055.85,5955.05,5989.75,6071.357142857143,-0.34782931074058554,40.25430299271207,13.449999999999818,178.0,1,1,1,1,0
2017-02-20,5989.75,6120.75,5912.3,6093.15,6085.564285714286,-0.6678477441906737,46.040193263777034,0.0,-48.25,0,0,0,0,0
2017-02-21,6071.1,6090.65,6043.0,6063.15,6077.275,-0.6294757471556564,38.97582837410916,-22.049999999999272,81.35000000000036,1,0,0,0,0
2017-02-22,6073.0,6116.15,6040.0,6079.65,6072.65357142857,-0.6141705118710437,41.525423728813564,9.850000000000364,1.8999999999996362,0,0,0,0,0
2017-02-23,6090.0,6092.1,6015.05,6031.0,6066.621428571428,-0.6774591228257988,40.85701856148489,10.350000000000364,17.0,0,0,0,0,0
2017-02-27,6005.0,6050.95,5940.0,5951.5,6052.464285714284,-0.6916592503515513,38.90231273731447,-26.0,-85.0,0,0,0,0,0
2017-02-28,5946.3,6000.0,5914.8,5922.5,6031.699999999999,-0.5092231287763974,42.49622926093514,-5.199999999999818,-58.69999999999982,0,0,0,1,0
2017-03-01,5960.0,5998.8,5885.15,5919.6,6012.053571428572,-0.11350029532101354,48.265524625267666,37.5,13.699999999999818,0,0,1,0,0
2017-03-02,5951.0,5998.8,5900.25,5918.75,5995.028571428571,0.4018602285126211,55.52271159720171,31.399999999999636,-9.0,0,1,0,0,1
2017-03-03,5924.0,5928.95,5875.0,5887.75,5978.992857142856,0.7116697329398501,31.83749336165687,5.25,-27.0,1,1,0,1,1
2017-03-06,5925.5,5974.8,5912.0,5934.85,5972.767857142857,0.6967616422527664,42.94163023913607,37.75,1.5,0,0,1,1,1
2017-03-07,5931.0,5954.0,5881.0,5888.5,5969.099999999999,0.7442132950208438,19.165285520566613,-3.850000000000364,5.5,0,1,1,1,1
2017-03-08,5895.0,5904.9,5800.0,5864.15,5969.203571428571,0.8990692059305332,19.497240956468502,6.5,-36.0,1,1,1,1,1
2017-03-09,5884.0,5975.0,5864.15,5964.4,5964.9071428571415,0.8375214553499672,35.94340773265036,19.850000000000364,-11.0,0,1,1,1,1
2017-03-10,5997.0,6008.4,5936.05,5955.6,5962.467857142857,0.815069461665916,39.813563901648266,32.600000000000364,113.0,1,1,1,1,1
2017-03-14,6060.0,6144.4,6010.0,6132.4,5965.271428571427,0.4357051407880905,69.3517329910141,104.39999999999964,63.0,1,1,1,1,0
2017-03-15,6115.0,6168.8,6092.5,6137.35,5970.571428571428,0.16624213199912918,74.23029209428219,-17.399999999999636,55.0,1,1,1,0,0
2017-03-16,6159.6,6186.3,6131.7,6155.45,5975.9857142857145,-0.08754807263497266,75.71693381310646,22.25,44.600000000000364,1,1,0,0,0
2017-03-17,6165.0,6226.8,6150.0,6192.6,5987.528571428572,-0.1984160458522158,77.67000101040722,9.550000000000182,5.399999999999636,0,0,0,0,0
2017-03-20,6220.0,6220.0,6151.1,6158.9,6002.342857142858,-0.06679889256933313,77.24851773691077,27.399999999999636,55.0,0,0,0,0,0
2017-03-21,6164.75,6200.55,6051.85,6076.3,6013.328571428572,0.15141965234961688,63.267986117624964,5.850000000000364,-55.25,0,0,0,0,0
2017-03-22,6046.4,6053.4,5977.4,6005.8,6019.4857142857145,0.23491252451840722,60.525843503230455,-29.900000000000546,-118.35000000000036,1,0,0,0,0
2017-03-23,6015.9,6069.0,6015.9,6034.8,6027.775000000001,0.25726340189928937,65.18643766129756,10.099999999999454,-30.5,0,0,0,0,0
2017-03-24,6047.0,6047.0,5992.1,6004.65,6036.125,0.16687094937590524,54.092526690391466,12.199999999999818,31.100000000000364,0,0,0,0,1
2017-03-27,5977.0,6020.0,5965.65,5985.8,6039.7642857142855,0.04227589474781514,53.00916699880428,-27.649999999999636,-70.0,0,0,0,1,1
2017-03-28,5971.2,6049.0,5962.55,5974.25,6045.8892857142855,-0.14920599090821499,26.504234140543886,-14.600000000000364,-5.800000000000182,0,0,1,1,1
2017-03-29,6008.9,6008.9,5929.35,5944.15,6051.603571428571,-0.4548576562081418,23.2927840752004,34.649999999999636,37.69999999999982,1,1,1,1,1
2017-03-30,5965.0,6000.9,5935.05,5956.6,6051.046428571429,-0.6567578545123841,22.07555118663133,20.850000000000364,-43.899999999999636,1,1,1,1,1
2017-03-31,5952.0,6041.0,5940.1,6015.7,6055.339285714285,-0.8955763058225502,26.600529100529087,-4.600000000000364,-13.0,1,1,1,1,1
2017-04-03,6095.0,6095.0,6030.0,6072.0,6051.025000000001,-0.8502288846427809,39.15376934598108,79.30000000000018,143.0,1,1,1,1,1
2017-04-05,6110.0,6359.0,6071.05,6342.4,6065.671428571428,-0.2823636004219758,72.61216859279395,38.0,15.0,0,0,0,0,0
2017-04-06,6335.0,6336.0,6260.0,6291.65,6075.4,0.07536981989976783,75.13408951024348,-7.399999999999636,225.0,0,0,0,0,0
2017-04-07,6250.0,6336.0,6236.05,6259.35,6080.1678571428565,0.4224264528847915,69.6302124311566,-41.649999999999636,-85.0,1,0,0,0,0
2017-04-10,6282.0,6307.8,6245.05,6268.85,6088.021428571429,0.6801556724660361,73.9615454380556,22.649999999999636,32.0,0,0,0,0,0
2017-04-11,6274.8,6305.0,6230.0,6247.8,6100.271428571429,0.7693486014190846,73.66757000903343,5.949999999999818,-7.199999999999818,0,0,0,0,0
2017-04-12,6263.9,6263.9,6126.7,6154.5,6110.892857142857,0.6961384502365804,64.18732782369146,16.099999999999454,-10.900000000000546,0,0,0,1,1
2017-04-13,6155.0,6175.0,6066.9,6077.95,6113.974999999999,0.5720637957310156,59.81370104151388,0.5,-108.89999999999964,1,1,1,1,1
2017-04-17,6070.6,6137.5,6021.0,6115.55,6121.896428571429,0.4672790401541345,61.24354530664214,-7.349999999999454,-84.39999999999964,1,1,1,1,1
2017-04-18,6120.0,6234.35,6120.0,6137.15,6132.707142857143,0.35969087515865766,59.072234257115106,4.449999999999818,49.399999999999636,1,1,1,1,1
2017-04-19,6131.9,6222.35,6113.8,6196.95,6148.614285714285,0.289646231236478,59.285130415397184,-5.25,11.899999999999636,1,0,1,1,1
2017-04-20,6200.0,6303.15,6188.0,6273.5,6172.1392857142855,0.27403459824356163,42.80793319415452,3.050000000000182,68.10000000000036,0,1,1,1,1
2017-04-21,6283.9,6295.05,6177.0,6185.8,6188.510714285714,0.0821874514870298,39.742223083632176,10.399999999999636,83.89999999999964,1,1,1,1,1
2017-04-24,6223.2,6335.0,6200.0,6318.35,6210.128571428571,0.09764249164023271,54.787406686140855,37.399999999999636,-60.69999999999982,1,1,1,1,1
2017-04-25,6327.7,6350.0,6282.5,6337.2,6229.071428571428,0.117095264480153,55.46319239069614,9.349999999999454,104.5,1,1,1,1,1
2017-04-26,6335.0,6424.75,6311.0,6406.3,6233.635714285715,0.47698858937303795,61.765142517814716,-2.199999999999818,7.300000000000182,0,1,1,1,1
2017-04-27,6439.0,6450.0,6320.35,6374.05,6239.52142857143,0.6573970841210767,67.92098604195577,32.69999999999982,104.0,1,1,1,1,1
2017-04-28,6410.0,6589.8,6390.55,6524.85,6258.485714285715,0.7940020219650114,82.53494467093772,35.94999999999982,-29.0,1,1,1,1,1
2017-05-02,6676.0,6730.0,6618.0,6705.5,6289.675000000001,0.8919721698623939,85.54558052660121,151.14999999999964,266.0,0,0,0,0,0
2017-05-03,6714.8,6714.95,6631.1,6644.0,6317.975,0.9521868479947528,79.13768324231103,9.300000000000182,38.80000000000018,0,1,0,0,1
2017-05-04,6662.0,6686.95,6626.0,6639.8,6352.639285714286,0.9547860926165803,77.19707670576679,18.0,-52.80000000000018,1,0,0,1,1
2017-05-05,6625.55,6676.4,6602.0,6654.15,6393.796428571429,0.9344964394217846,75.31085843473636,-14.25,-36.44999999999982,0,0,1,1,1
2017-05-08,6688.0,6703.65,6612.55,6630.55,6430.5821428571435,0.8954984890275882,82.32899614741592,33.850000000000364,62.44999999999982,0,1,1,1,1
2017-05-09,6666.0,6666.0,6615.0,6629.3,6465.735714285715,0.8486820275993597,77.93549546312107,35.44999999999982,-22.0,1,1,1,1,1
2017-05-10,6645.0,6754.0,6635.9,6737.75,6504.364285714287,0.8417722592740507,80.99512497098205,15.699999999999818,-21.0,1,0,1,1,1
2017-05-11,6749.0,6789.4,6711.1,6762.5,6539.292857142858,0.8384252933869648,79.59454968428057,11.25,104.0,0,1,1,1,1
2017-05-12,6798.0,6798.0,6691.0,6730.2,6578.1785714285725,0.8266189337197675,79.58793719365295,35.5,49.0,1,1,1,1,1
2017-05-15,6759.4,6839.1,6733.45,6823.9,6614.289285714286,0.8379858020612048,77.44837081229925,29.199999999999818,-38.600000000000364,1,1,1,0,0
2017-05-16,6850.0,6977.55,6830.0,6953.95,6658.342857142858,0.8674967776390616,75.13912779520393,26.100000000000364,90.60000000000036,1,0,0,0,0
2017-05-17,6950.0,6979.0,6885.85,6958.2,6697.7642857142855,0.8804693910244653,85.9578850995652,-3.949999999999818,100.0,0,0,0,0,0
2017-05-18,6918.3,6948.0,6814.45,6831.05,6730.407142857142,0.8611767997673266,67.08046798249535,-39.899999999999636,-31.699999999999818,0,0,1,1,1
2017-05-19,6854.8,6893.9,6691.55,6790.55,6749.385714285714,0.7905426990107393,61.63822525597276,23.75,-63.5,0,1,1,1,1
2017-05-22,6803.95,6843.95,6689.25,6701.7,6749.114285714285,0.7183474348600122,55.46257197696734,13.399999999999636,-50.850000000000364,1,1,1,1,1
2017-05-23,6765.0,6910.0,6743.65,6878.85,6765.8892857142855,0.7244573716699522,65.08493018195007,63.30000000000018,-38.94999999999982,0,1,1,1,1
2017-05-24,6903.0,6912.55,6813.0,6869.65,6782.307142857142,0.7056640234013177,59.06031048220905,24.149999999999636,138.0,1,1,1,1,1
2017-05-25,6879.95,7018.0,6835.0,6985.7,6805.989285714285,0.7109774659886529,63.623046874999964,10.300000000000182,-23.050000000000182,1,1,1,1,1
2017-05-26,6971.15,7085.05,6936.2,7064.8,6837.007142857142,0.700241718421989,69.31870669745956,-14.550000000000182,91.19999999999982,1,1,1,1,1
2017-05-29,7050.0,7197.8,7025.55,7134.45,6873.089285714284,0.690028023360627,68.44230655027019,-14.800000000000182,78.85000000000036,1,1,1,0,0
2017-05-30,7134.45,7206.6,7084.15,7147.5,6902.357142857142,0.7311045341906502,63.34919649631007,0.0,84.44999999999982,1,0,0,0,0
2017-05-31,7138.0,7248.0,7134.95,7211.0,6934.392857142856,0.7815039782853843,66.11833715888802,-9.5,3.550000000000182,0,0,0,0,0
2017-06-01,7242.0,7245.0,7110.1,7146.6,6964.135714285714,0.7736830823407975,71.86915240141379,31.0,104.0,0,0,0,1,1
2017-06-02,7182.0,7187.7,7100.0,7114.7,6984.907142857142,0.7708684438464959,72.73619976152057,35.399999999999636,-60.0,1,0,1,1,1
2017-06-05,7139.8,7161.9,7091.1,7125.7,6997.175,0.830745469550612,83.38582677165346,25.100000000000364,-42.19999999999982,0,1,1,1,1
2017-06-06,7134.0,7154.3,7085.05,7112.1,7008.167857142857,0.864458671581236,74.7375119312758,8.300000000000182,-5.800000000000182,1,1,1,1,1
2017-06-07,7135.0,7225.0,7107.6,7205.7,7034.928571428572,0.861349819663547,80.22847890617977,22.899999999999636,1.0,1,1,1,1,1
2017-06-08,7199.0,7274.95,7198.0,7249.5,7067.710714285714,0.8556651007064046,77.27460711331685,-6.699999999999818,64.0,1,1,1,1,1
2017-06-09,7271.0,7480.9,7230.0,7464.85,7122.221428571429,0.8817984834160879,82.26990400903449,21.5,72.0,0,0,0,0,0
2017-06-12,7445.0,7450.0,7355.5,7373.65,7157.564285714286,0.8800865715432359,68.6467103211724,-19.850000000000364,174.0,0,0,0,0,0
2017-06-13,7394.6,7455.0,7335.0,7348.95,7191.8,0.8632063279758583,65.42378072123113,20.950000000000728,-50.399999999999636,1,0,0,0,0
2017-06-14,7343.0,7392.45,7331.85,7351.05,7217.896428571429,0.8399122347591772,61.83554466322995,-5.949999999999818,-51.600000000000364,0,0,0,0,0
2017-06-15,7348.35,7393.0,7272.15,7312.3,7235.575,0.7983949038681509,64.63780918727912,-2.699999999999818,5.350000000000364,0,0,0,0,1
2017-06-16,7332.0,7360.05,7250.0,7263.9,7244.821428571428,0.7384088721457062,62.80686695278966,19.699999999999818,-16.350000000000364,0,0,1,1,0
2017-06-19,7314.0,7322.15,7235.0,7249.25,7252.089285714285,0.6647018120003133,60.53911114902329,50.100000000000364,-18.0,0,1,1,0,0
2017-06-20,7265.0,7283.65,7190.3,7207.25,7251.821428571428,0.6022846601303175,57.74143682369209,15.75,-49.0,1,1,1,0,1
2017-06-21,7220.0,7284.5,7153.3,7268.2,7260.507142857142,0.535259530182309,55.37033854614193,12.75,-45.0,1,0,0,0,0
2017-06-22,7291.0,7352.0,7288.0,7316.1,7274.892857142857,0.450804540536169,55.6825938566553,22.800000000000182,71.0,0,0,0,0,0
2017-06-23,7321.25,7331.65,7205.0,7219.15,7281.567857142857,0.22013289998944915,23.727544910179688,5.149999999999636,30.25,0,1,1,0,1
2017-06-27,7239.5,7267.2,7155.1,7183.35,7286.657142857142,-0.2200207563144241,26.916545366327156,20.350000000000364,-81.75,1,1,1,1,1
2017-06-28,7213.95,7324.0,7205.0,7225.05,7288.039285714286,-0.5586159954433669,35.56616961789382,30.599999999999454,-25.550000000000182,0,0,1,1,1
2017-06-29,7254.9,7290.0,7205.0,7224.35,7286.242857142858,-0.9024248176828541,35.19167835437122,29.849999999999454,40.94999999999982,0,1,1,1,1
2017-06-30,7214.8,7233.6,7157.15,7217.6,7268.5821428571435,-0.8295585585348474,38.036887316826714,-9.550000000000182,-40.099999999999454,1,1,1,1,1
2017-07-03,7238.9,7365.0,7211.2,7354.0,7267.1785714285725,-0.6583014520004841,59.31169904919394,21.299999999999272,24.099999999999454,1,1,1,1,1
2017-07-04,7386.0,7415.05,7340.0,7376.15,7269.1214285714295,-0.45644761403235123,62.91471605943414,32.0,147.10000000000036,1,1,1,1,1
2017-07-05,7374.75,7394.0,7332.0,7377.65,7271.021428571429,-0.23375294232689267,68.8997338065661,-1.3999999999996362,-11.25,1,1,1,1,1
2017-07-06,7377.65,7498.0,7376.2,7474.05,7282.575,0.04406267504417702,71.16709511568128,0.0,2.899999999999636,0,0,0,1,1
2017-07-07,7470.0,7474.05,7420.0,7432.8,7294.639285714286,0.20033566787706483,62.16638865721434,-4.050000000000182,92.35000000000036,0,1,1,1,1
2017-07-10,7500.5,7500.5,6700.0,7430.45,7307.5821428571435,0.3261346974409395,77.44155844155853,67.69999999999982,30.5,1,1,1,1,1
2017-07-11,7473.9,7495.0,7400.0,7457.0,7325.421428571429,0.4019813945186765,86.41383898868924,43.44999999999982,-26.600000000000364,1,1,1,1,1
2017-07-12,7485.0,7485.0,7435.1,7476.65,7340.310714285714,0.5019665335103253,85.5668645744981,28.0,11.100000000000364,1,1,1,1,1
2017-07-13,7490.0,7574.5,7465.15,7567.55,7358.271428571429,0.6482673397217577,88.65735526019367,13.350000000000364,5.0,0,0,0,0,0
2017-07-14,7574.95,7588.95,7520.0,7557.25,7382.421428571429,0.7088074719495775,87.95396133646207,7.399999999999636,84.94999999999982,0,0,1,0,0
2017-07-17,7571.95,7578.0,7504.3,7522.3,7406.632142857144,0.7334580727009911,74.32080924855487,14.699999999999818,-3.0,1,1,0,1,1
2017-07-18,7525.0,7591.5,7515.0,7549.35,7429.796428571429,0.7655996996510674,74.67939583927046,2.699999999999818,-46.94999999999982,1,0,0,1,0
2017-07-19,7564.25,7584.0,7535.0,7561.5,7453.878571428571,0.8100784992760048,75.42525238556213,14.899999999999636,39.25,0,0,0,0,1
2017-07-20,7580.0,7584.5,7480.05,7490.95,7473.403571428571,0.7898187977733804,52.51712838844199,18.5,15.75,1,1,1,1,1
2017-07-21,7500.0,7549.9,7445.0,7543.0,7486.903571428571,0.7692522705096941,65.90187590187583,9.050000000000182,-80.0,1,0,1,1,1
2017-07-24,7554.0,7569.0,7495.0,7554.55,7499.646428571429,0.7492162788549297,67.44447568175431,11.0,54.0,0,1,1,1,1
2017-07-25,7573.0,7573.0,7493.55,7504.85,7508.732142857144,0.6273882940185583,56.31516431305269,18.449999999999818,19.0,1,1,1,1,1
2017-07-26,7539.0,7595.0,7504.0,7565.25,7515.2464285714295,0.6485202697340444,60.55767397521452,34.149999999999636,-34.0,1,1,1,1,1
2017-07-27,7615.0,7683.4,7536.0,7599.6,7527.160714285716,0.6265470144397992,54.413992563007874,49.75,76.0,1,1,1,1,1
2017-07-28,7617.0,7673.6,7584.0,7630.45,7541.446428571429,0.5912592632131716,59.541188738269014,17.399999999999636,2.0,1,1,1,1,1
2017-07-31,7664.0,7765.0,7651.0,7750.05,7562.378571428572,0.5768759326879237,74.31927389215163,33.55000000000018,47.0,1,1,0,1,1
2017-08-01,7759.9,7920.0,7725.0,7856.1,7589.482142857145,0.629577744525239,78.02649611694838,9.849999999999454,95.89999999999964,0,0,0,0,0
2017-08-02,7878.9,7880.0,7775.0,7795.5,7605.764285714287,0.7673034453786056,69.64075877119353,22.799999999999272,119.0,0,0,1,0,0
2017-08-03,7794.0,7829.0,7711.0,7737.4,7618.632142857145,0.8340742742106222,71.12730390055717,-1.5,-84.89999999999964,1,1,1,0,0
2017-08-04,7750.0,7804.9,7740.0,7770.3,7636.34642857143,0.8593076951314108,70.14713703244102,12.600000000000364,-44.0,1,0,0,0,0
2017-08-07,7779.5,7892.35,7771.0,7838.65,7657.010714285715,0.9005924119027956,72.8780802061523,9.199999999999818,29.5,0,0,0,0,0
2017-08-08,7849.0,7885.0,7736.9,7755.9,7670.896428571429,0.8833187882650343,69.19489257588492,10.350000000000364,69.5,0,0,0,0,0
2017-08-09,7759.0,7795.0,7639.1,7661.6,7683.085714285715,0.7467322780207916,57.00370720360546,3.100000000000364,-90.0,0,0,0,1,0
2017-08-10,7637.35,7640.0,7538.9,7578.75,7685.639285714286,0.5208611026764121,48.5842330413526,-24.25,-121.64999999999964,0,1,1,1,1
2017-08-11,7501.9,7533.8,7380.0,7457.4,7678.7,0.2043133884588442,39.53558686581606,-76.85000000000036,-135.45000000000073,1,1,1,1,1
2017-08-14,7516.0,7647.0,7515.0,7608.45,7686.099999999999,-0.021204447476403144,41.75113596644528,58.600000000000364,14.100000000000364,1,0,0,0,0
2017-08-16,7649.1,7720.1,7585.05,7701.15,7695.807142857142,-0.17903411547413284,40.830818391620774,40.650000000000546,133.10000000000036,0,0,0,0,0
2017-08-17,7701.0,7708.85,7565.0,7582.45,7694.582142857142,-0.42206186182286826,38.20386468080394,-0.1499999999996362,51.899999999999636,1,0,0,0,1
2017-08-18,7551.0,7624.0,7531.35,7598.8,7692.3214285714275,-0.6549736069822579,41.95402298850578,-31.449999999999818,-150.0,0,0,0,1,0
2017-08-21,7629.0,7658.05,7490.0,7501.9,7674.596428571427,-0.6952904002631183,35.49659569869229,30.199999999999818,78.0,0,1,1,1,1
2017-08-22,7540.0,7567.5,7475.1,7496.1,7648.882142857141,-0.49630032196192486,30.147783251231573,38.100000000000364,-89.0,1,1,1,1,1
2017-08-23,7548.0,7590.0,7501.0,7573.05,7632.992857142855,-0.2849662005161197,39.3313495536496,51.899999999999636,8.0,1,1,0,0,1
2017-08-24,7536.0,7635.0,7483.6,7612.85,7624.096428571428,-0.13021980450574785,46.96242756558041,-37.05000000000018,-12.0,0,0,0,1,1
2017-08-28,7649.0,7649.0,7568.05,7579.0,7610.432142857142,0.065629047804616,50.01659035105183,36.149999999999636,113.0,0,0,1,1,1
2017-08-29,7565.0,7575.55,7495.05,7521.5,7587.778571428571,0.2753335377074705,54.647621809744805,-14.0,-84.0,1,1,1,1,1
2017-08-30,7603.0,7639.35,7532.5,7557.45,7573.603571428571,0.2786946721217656,45.56135770234987,81.5,38.0,1,1,1,1,1
2017-08-31,7564.9,7720.4,7532.0,7700.3,7576.367857142856,-0.053624919739669416,49.931961898663296,7.449999999999818,-38.100000000000364,1,1,1,1,1
2017-09-01,7747.5,7834.9,7730.0,7812.3,7593.05,-0.23790398986992511,68.59778299215148,47.19999999999982,182.60000000000036,1,1,1,1,1
2017-09-04,7840.0,7876.0,7756.75,7821.5,7619.057142857143,-0.19215359285818312,68.23018991486573,27.699999999999818,92.5,0,1,1,1,1
2017-09-05,7843.0,7855.95,7801.0,7817.2,7633.967857142858,-0.1678240519908973,80.42261675028949,21.5,3.0,1,1,1,1,1
2017-09-06,7800.0,7904.0,7770.0,7846.65,7644.3607142857145,-0.18457878730872104,82.3475131493955,-17.199999999999818,-43.0,1,1,1,1,1
2017-09-07,7888.0,7949.0,7858.5,7919.2,7668.414285714286,0.04744400716849436,82.20299562750016,41.350000000000364,88.0,1,1,1,1,1
2017-09-08,7940.45,7979.75,7892.0,7970.75,7694.982142857143,0.3548087190914782,82.58375819373626,21.25,52.44999999999982,1,1,1,1,1
2017-09-11,8000.0,8168.0,8000.0,8142.4,7740.732142857143,0.7249185991193202,91.00436681222705,29.25,59.55000000000018,1,0,0,0,1
2017-09-12,8192.0,8192.0,8116.0,8154.5,7787.760714285714,0.8654056227772015,99.32980049875309,49.600000000000364,192.0,0,0,0,1,0
2017-09-13,8161.9,8200.0,8100.15,8122.6,7827.0142857142855,0.88827130148385,94.32201395968947,7.399999999999636,-30.100000000000364,0,0,1,1,0
2017-09-14,8139.95,8164.95,8042.05,8070.25,7859.685714285713,0.8701660861495583,83.81317978246958,17.349999999999454,-21.949999999999818,1,1,1,1,1
2017-09-15,8076.95,8119.1,8043.5,8099.75,7896.882142857142,0.8627947499816363,80.93854267570764,6.699999999999818,-63.0,1,1,1,1,0
2017-09-18,8130.7,8185.0,8130.7,8157.85,7942.335714285714,0.8770969313015368,82.75391956373551,30.949999999999818,53.75,0,0,0,0,0
2017-09-19,8178.0,8184.95,8124.45,8131.7,7983.353571428571,0.8765412547908535,79.37605081262836,20.149999999999636,47.30000000000018,0,1,0,0,0
2017-09-20,8164.4,8164.4,8109.1,8120.15,8013.342857142857,0.8446735688803498,76.43022806339381,32.69999999999982,-13.600000000000364,1,0,0,0,0
2017-09-21,8101.0,8170.9,8075.1,8144.95,8037.10357142857,0.8164235159355002,74.03385499840299,-19.149999999999636,-63.399999999999636,0,0,0,0,0
2017-09-22,8145.0,8175.5,8050.0,8068.2,8054.7249999999985,0.727833653206842,59.84641810649688,0.0500000000001819,44.0,0,0,0,0,0
2017-09-25,8074.0,8089.0,7855.05,7964.95,8065.27857142857,0.48234317702222623,29.194512838550935,5.800000000000182,-71.0,0,0,0,1,0
2017-09-26,7980.0,7980.05,7869.1,7889.9,8068.367857142855,0.042427108262790565,22.966898242746268,15.050000000000182,-94.0,0,1,1,0,0
2017-09-27,7949.0,7978.0,7715.0,7739.95,8055.564285714284,-0.35359366692795974,18.503580541608414,59.100000000000364,-31.0,1,1,1,1,1
2017-09-28,7735.1,7920.0,7651.0,7897.35,8050.3214285714275,-0.58222900635223,37.866666666666724,-4.849999999999454,-213.89999999999964,1,0,0,0,1
2017-09-29,7960.0,8007.8,7925.0,7978.2,8038.592857142857,-0.5822189810140334,42.04359494665183,62.649999999999636,224.89999999999964,0,0,0,0,0
2017-10-03,8055.35,8069.05,7855.0,7888.3,8019.578571428571,-0.5444865610502343,33.06101929240245,77.15000000000055,95.35000000000036,0,0,1,1,1
2017-10-04,7894.0,7933.9,7830.6,7847.2,7999.9071428571415,-0.48051363620757825,32.45127066370591,5.699999999999818,-161.35000000000036,0,1,1,1,0
2017-10-05,7836.0,7901.0,7807.2,7831.05,7982.8214285714275,-0.4137228257262021,32.26815505397451,-11.199999999999818,-58.0,1,1,1,0,1
2017-10-06,7864.95,7919.0,7845.05,7903.2,7968.7821428571415,-0.2664596092527002,35.98631963364441,33.899999999999636,28.949999999999818,0,0,0,1,0
2017-10-09,7909.0,7957.0,7866.7,7896.7,7950.12857142857,0.024482659181368712,39.17707938912028,5.800000000000182,44.05000000000018,0,0,1,0,0
2017-10-10,7890.5,7934.9,7885.3,7893.7,7933.12857142857,0.19144332582243584,44.85225055993064,-6.199999999999818,-18.5,0,1,0,0,0
2017-10-11,7892.0,7898.85,7801.0,7825.15,7912.057142857141,0.32047260665406474,45.27751440449274,-1.699999999999818,1.5,1,1,1,1,0
2017-10-12,7845.0,7918.0,7830.0,7904.25,7894.864285714284,0.23857377058015927,63.36424272002605,19.850000000000364,-47.0,0,0,0,0,0
2017-10-13,7900.0,7940.0,7860.05,7874.15,7881.00357142857,0.0959248820561517,47.62002462043488,-4.25,55.0,0,0,0,0,0
2017-10-16,7900.0,7935.0,7814.0,7842.0,7872.221428571427,0.02124905064491417,34.4768634602234,25.850000000000364,0.0,0,0,0,0,1
2017-10-17,7851.0,7902.3,7830.9,7838.9,7868.578571428569,0.04387735972254419,42.98096050014202,9.0,-49.0,0,0,0,1,1
2017-10-18,7859.0,7873.05,7748.2,7784.05,7871.72857142857,0.5590775829891671,41.36469301244364,20.100000000000364,8.0,0,1,1,1,1
2017-10-19,7803.0,7803.0,7690.0,7731.1,7859.85357142857,0.6220019673382609,37.58230836128713,18.949999999999818,-56.0,1,1,1,1,1
2017-10-23,7748.8,7860.0,7714.0,7818.5,7848.4464285714275,0.4979451834969078,39.8611443619823,17.699999999999818,-54.19999999999982,1,1,1,1,1
2017-10-24,7865.3,7932.2,7841.6,7875.0,7847.496428571428,0.3715000936436247,47.68013683985463,46.80000000000018,116.5,0,1,1,1,1
2017-10-25,7930.0,7945.0,7810.3,7870.2,7849.139285714285,0.37865251558065577,47.49733759318424,55.0,64.69999999999982,1,1,1,1,1
2017-10-26,7900.0,8086.0,7866.2,8068.05,7866.067857142856,0.21452528714879712,70.28223112892456,29.800000000000182,-30.0,1,1,1,1,1
2017-10-27,8123.95,8240.0,8062.6,8114.45,7881.1571428571415,0.12331904156213366,68.5656244479774,55.899999999999636,223.94999999999982,1,1,1,1,1
2017-10-30,8200.0,8279.0,8163.3,8195.25,7902.482142857142,0.2706253050697911,76.0295071335928,85.55000000000018,76.05000000000018,1,1,1,1,1
2017-10-31,8195.0,8226.5,8167.2,8211.25,7925.164285714285,0.5567037158407154,80.73753433780074,-0.25,-5.0,1,1,1,1,1
2017-11-01,8251.0,8256.45,8160.0,8238.4,7954.682142857142,0.7774633522583543,81.97534816712027,39.75,56.0,0,0,1,0,0
2017-11-02,8250.0,8273.95,8201.0,8225.8,7977.65,0.8086940109857237,87.92171001802723,11.600000000000364,-1.0,0,1,0,1,0
2017-11-03,8235.0,8242.9,8175.0,8219.4,8002.310714285713,0.806579686683785,95.55887292405296,9.200000000000728,-15.0,1,1,1,0,0
2017-11-06,8209.5,8370.55,8199.35,8310.2,8035.7535714285705,0.8269539107091822,95.5868718709438,-9.899999999999636,-25.5,0,0,0,0,0
2017-11-07,8348.0,8348.0,8210.0,8220.3,8062.996428571429,0.7917227730423229,80.14667365112604,37.79999999999927,138.5,1,0,0,0,0
2017-11-08,8218.0,8285.05,8204.9,8232.0,8094.992857142856,0.7693981036275737,81.21118012422346,-2.2999999999992724,-130.0,0,0,0,0,0
2017-11-09,8273.7,8273.7,8148.7,8204.8,8128.828571428571,0.7323487835931659,66.71964787871353,41.70000000000073,55.70000000000073,0,0,0,0,0
2017-11-10,8198.8,8234.9,8111.05,8183.5,8154.9,0.6456390274188611,58.99439885371885,-6.0,-74.90000000000146,0,0,0,0,1
2017-11-13,8185.0,8219.05,8080.0,8109.2,8171.6285714285705,0.4340380962993453,38.59811845766536,1.5,-13.799999999999272,1,1,1,1,1
2017-11-14,8129.0,8186.0,8109.0,8122.95,8189.682142857142,0.052560720510806985,38.22980538523068,19.800000000000182,-56.0,1,1,1,1,1
2017-11-15,8100.0,8180.0,8087.0,8127.25,8193.910714285714,-0.3213692467129996,34.22285308729617,-22.949999999999818,-29.0,1,1,1,1,1
2017-11-16,8130.0,8234.85,8129.25,8163.7,8197.42857142857,-0.6175001255508633,41.744216963573656,2.75,30.0,1,1,1,1,1
2017-11-17,8218.0,8362.45,8218.0,8348.35,8208.364285714286,-0.326428038050862,61.630738702985454,54.30000000000018,88.0,1,1,1,1,1
2017-11-20,8377.0,8449.0,8350.0,8425.65,8223.67857142857,-0.03617264883608024,60.67301469908463,28.649999999999636,159.0,0,1,1,1,1
2017-11-21,8446.0,8449.45,8401.0,8424.8,8236.992857142857,0.16895784931543498,72.63169544046033,20.350000000000364,69.0,1,1,1,1,1
2017-11-22,8448.0,8525.0,8444.0,8513.15,8257.517857142857,0.3550972174770966,76.6013813984293,23.200000000000728,2.0,0,0,0,1,1
2017-11-23,8512.0,8519.0,8443.5,8463.4,8274.946428571428,0.4723632141499149,73.46642468239568,-1.1499999999996362,64.0,1,1,1,1,1
2017-11-24,8463.4,8540.0,8463.4,8487.95,8287.642857142857,0.6814720705668121,77.46504285069912,0.0,-48.600000000000364,1,1,1,1,1
2017-11-27,8486.0,8524.2,8445.0,8508.6,8308.235714285713,0.7827050514925861,89.89212944466635,-1.9500000000007276,22.600000000000364,1,1,1,1,0
2017-11-28,8490.6,8658.0,8476.05,8624.15,8336.246428571427,0.8842339299076987,91.60026560424961,-18.0,4.600000000000364,1,0,0,0,0
2017-11-29,8649.0,8696.0,8576.0,8671.35,8369.571428571428,0.9232056935114694,92.15868588253521,24.850000000000364,158.39999999999964,0,0,0,0,0
2017-11-30,8650.0,8676.0,8575.0,8599.1,8399.257142857143,0.8957861578475727,81.96300102774921,-21.350000000000364,1.0,1,0,0,1,1
2017-12-01,8660.0,8695.0,8593.0,8609.0,8434.957142857142,0.8546481180651968,75.7381258023106,60.899999999999636,10.0,0,0,1,1,1
2017-12-04,8659.75,8659.95,8480.55,8500.8,8461.94642857143,0.7526315462484738,56.993950674732375,50.75,-0.25,0,1,1,1,1
2017-12-05,8519.95,8554.95,8476.5,8500.4,8488.6,0.6441092961345446,57.04172876304026,19.150000000001455,-139.79999999999927,1,1,1,1,1
2017-12-06,8494.0,8638.75,8450.05,8612.4,8520.65,0.6357089938247786,58.85449192613078,-6.399999999999636,-25.950000000000728,1,1,1,1,1
2017-12-07,8615.9,8988.25,8614.55,8882.4,8558.796428571428,0.6892613493193352,76.83489176380169,3.5,121.89999999999964,1,1,1,1,1
2017-12-08,8929.8,9119.0,8899.0,9042.25,8602.839285714284,0.7496027059774467,80.25655021834058,47.399999999999636,313.89999999999964,1,1,1,1,1
2017-12-11,9108.0,9167.0,9089.75,9133.8,8653.482142857141,0.8040210981773462,81.6749417367514,65.75,178.20000000000073,0,0,0,1,1
2017-12-12,9150.0,9218.5,9100.0,9131.35,8697.639285714286,0.8562351834033588,79.02265964751666,16.200000000000728,42.0,0,0,1,1,1
2017-12-13,9091.0,9176.0,9075.0,9120.65,8744.585714285715,0.8741187095678645,76.83028782992952,-40.350000000000364,-59.0,0,1,1,1,1
2017-12-14,9127.0,9146.8,9046.0,9112.75,8789.214285714286,0.8780563265928298,83.22659939194,6.350000000000364,36.0,1,1,1,1,1
2017-12-15,9170.0,9236.3,9147.3,9165.9,8836.164285714287,0.8800153777933752,84.11541288899781,57.25,43.0,1,1,1,1,1
2017-12-18,9110.0,9344.0,8990.15,9309.1,8885.089285714288,0.9067692348928613,97.48002819548884,-55.899999999999636,-60.0,1,1,1,1,1
2017-12-19,9345.0,9858.0,9326.0,9801.5,8965.814285714287,0.9325371863743636,98.43284693269808,35.899999999999636,235.0,0,0,0,0,0
2017-12-20,9966.0,9996.4,9700.25,9733.9,9046.871428571429,0.947834674334107,93.17446874037576,164.5,621.0,0,0,0,0,0
2017-12-21,9788.0,9817.4,9610.05,9631.05,9119.875,0.9384499783052613,83.07780674236733,54.100000000000364,-178.0,1,1,1,0,1
2017-12-22,9665.0,9824.8,9605.0,9700.0,9205.532142857142,0.9254060636479708,81.59980783089118,33.95000000000073,-123.0,0,0,0,1,0
2017-12-26,9741.0,9765.0,9616.2,9679.0,9289.717857142858,0.9069580249270984,78.09729952587097,41.0,76.0,0,0,1,0,0
2017-12-27,9694.0,9750.7,9629.1,9644.1,9363.410714285716,0.880001961603099,75.56974018850043,15.0,-47.0,0,1,1,0,0
2017-12-28,9693.5,9693.5,9615.8,9629.2,9416.753571428575,0.8379811087971283,75.25450662958737,49.399999999999636,-0.5,1,1,0,0,0
2017-12-29,9659.0,9769.0,9650.0,9729.55,9465.84642857143,0.8193162218949747,78.05421631947601,29.799999999999272,-34.5,0,0,0,0,0
2018-01-01,9749.0,9789.0,9629.8,9651.9,9502.853571428574,0.7783811852283568,71.62306460224241,19.450000000000728,90.0,0,0,0,0,0
2018-01-02,9699.0,9718.6,9525.0,9554.05,9533.04642857143,0.6868723056866132,61.35657656822287,47.100000000000364,-50.0,0,0,0,0,0
2018-01-03,9597.0,9598.0,9402.0,9416.6,9554.185714285717,0.4919112411175089,23.40013821700066,42.95000000000073,-102.0,0,1,1,0,0
2018-01-04,9450.0,9488.0,9367.2,9386.25,9573.72142857143,0.18641027519554623,24.670309653916178,33.399999999999636,-147.0,1,1,0,0,0
2018-01-05,9458.0,9532.0,9412.55,9433.85,9592.860714285718,-0.2580661738191159,34.37400950871637,71.75,8.0,1,0,0,0,1
2018-01-08,9488.0,9495.0,9425.0,9448.95,9602.850000000004,-0.7875097472521063,28.250887984059588,54.149999999999636,30.0,0,0,0,1,0
2018-01-09,9464.8,9491.45,9361.0,9383.55,9572.996428571432,-0.74568270469573,26.232805084063955,15.849999999998545,-23.200000000000728,0,0,1,0,0
2018-01-10,9387.8,9454.85,9315.9,9375.85,9547.421428571432,-0.7143864386666349,27.43333052914943,4.25,-77.0,0,1,0,0,0
2018-01-11,9410.0,9430.0,9326.0,9339.8,9526.61785714286,-0.7597233039900689,26.49065800162458,34.149999999999636,22.200000000000728,1,1,0,0,1
2018-01-12,9387.0,9494.75,9355.1,9459.15,9509.414285714289,-0.7460395739741478,28.691883372734523,47.20000000000073,-23.0,0,0,0,0,0
2018-01-15,9499.95,9508.55,9340.0,9358.45,9486.51785714286,-0.6523071786458815,27.686107520340784,40.80000000000109,112.95000000000073,0,0,1,0,0
2018-01-16,9371.0,9408.65,9300.0,9322.05,9463.51428571429,-0.43046442732448,30.540177822513073,12.549999999999272,-128.95000000000073,0,1,1,0,1
2018-01-17,9316.0,9368.8,9256.0,9313.9,9440.992857142859,-0.09294595333136237,38.99957155098542,-6.049999999999272,-55.0,1,1,0,1,1
2018-01-18,9350.0,9518.9,9332.0,9368.7,9415.217857142861,0.2441451958316421,48.21374045801535,36.100000000000364,34.0,0,0,1,1,0
2018-01-19,9325.0,9396.0,9282.0,9323.95,9391.792857142862,0.5391369386038924,38.74897624897636,-43.70000000000073,-25.0,0,1,1,0,1
2018-01-22,9349.0,9356.75,9271.6,9310.1,9374.367857142863,0.7369148714877921,35.74874268705743,25.049999999999272,24.0,1,1,0,1,1
2018-01-23,9347.0,9429.3,9290.0,9393.4,9372.710714285718,0.6052470502780379,50.975150975151,36.899999999999636,-2.0,1,0,1,1,1
2018-01-24,9419.0,9519.95,9340.45,9434.95,9376.189285714292,0.4287358856891461,55.483392095008355,25.600000000000364,72.0,0,1,1,1,0
2018-01-25,9485.0,9485.0,9250.0,9278.2,9365.071428571435,0.4433971493693058,45.330503335354884,50.04999999999927,66.0,1,1,1,1,0
2018-01-29,9481.0,9714.0,9461.0,9630.7,9378.053571428578,-0.060050847423229047,59.607952954354566,202.79999999999927,-4.0,0,0,0,0,0
2018-01-30,9620.0,9675.5,9550.0,9571.55,9391.482142857149,-0.1591760195651274,62.51762218045098,-10.700000000000728,139.0,0,0,0,0,0
2018-01-31,9558.05,9585.0,9458.9,9509.7,9401.042857142864,-0.182543858860884,60.702674955797704,-13.5,-61.95000000000073,0,0,0,0,0
2018-02-01,9545.0,9563.7,9312.0,9401.85,9405.475000000008,-0.11024364670215736,54.5040200747683,35.29999999999927,-13.049999999999272,0,0,0,0,0
2018-02-02,9359.0,9359.0,8940.0,8990.6,9372.007142857152,4.9627122666373205e-05,35.8155762304922,-42.850000000000364,-186.0,1,0,0,1,0
2018-02-05,8850.15,9120.0,8688.0,9080.6,9352.160714285723,0.1941676761414973,41.17049453938536,-140.45000000000073,-508.85000000000036,0,0,0,0,1
2018-02-06,8700.0,9113.5,8661.6,8984.6,9328.057142857151,0.5040207029612138,38.8542665388303,-380.60000000000036,-150.14999999999964,0,1,0,1,1
2018-02-07,9170.0,9170.0,8873.0,8921.8,9300.050000000008,0.7427118139006327,33.62158783079809,185.39999999999964,470.0,1,1,1,1,1
2018-02-08,8988.9,9060.0,8915.0,9030.7,9275.907142857153,0.7507516963421451,36.58803622972034,67.10000000000036,-181.10000000000036,0,1,0,0,0
2018-02-09,8906.0,8986.55,8870.0,8936.1,9248.203571428581,0.7739877178898439,38.16181050591737,-124.70000000000073,-82.89999999999964,1,1,1,0,0
2018-02-12,8960.0,9150.0,8960.0,9117.85,9234.471428571438,0.7124482520094763,29.874818506455327,23.899999999999636,54.0,0,0,0,0,0
2018-02-14,9149.9,9157.5,8986.0,9001.6,9206.485714285724,0.7018129531706667,28.593427230047013,32.04999999999927,189.89999999999964,1,0,0,0,0
2018-02-15,9049.0,9090.0,9001.0,9020.25,9176.864285714295,0.6696987420459957,31.00034936531968,47.399999999999636,-100.89999999999964,0,0,0,0,0
2018-02-16,9039.9,9070.0,8806.85,8836.95,9145.346428571438,0.7092047283049164,29.284928492849318,19.649999999999636,-9.100000000000364,0,0,0,0,0
2018-02-19,8856.0,8865.85,8691.65,8724.85,9080.642857142866,0.760665763951842,37.51585474702873,19.049999999999272,-183.89999999999964,0,1,0,0,1
2018-02-20,8745.0,8768.95,8650.0,8722.65,9020.007142857152,0.7870103515819237,31.672725410885278,20.149999999999636,-111.0,1,0,0,1,1
2018-02-21,8771.0,8795.0,8708.2,8782.75,8968.082142857154,0.7841755163119345,39.27071705735397,48.350000000000364,26.0,0,0,1,1,1
2018-02-22,8769.0,8769.0,8601.5,8634.05,8913.239285714297,0.8409860101098483,35.98460864059233,-13.75,-2.0,1,1,1,1,1
2018-02-23,8665.0,8738.95,8655.05,8698.8,8892.396428571437,0.8706811254106731,33.10769543973936,30.950000000000728,-104.0,1,1,1,1,1
2018-02-26,8758.0,9055.0,8750.05,9005.35,8887.021428571437,0.6565037318911842,52.899066437811356,59.20000000000073,93.0,0,0,0,0,0
2018-02-27,9093.0,9114.95,8872.6,8891.2,8880.35000000001,0.5887418930565446,39.94231195917465,87.64999999999964,335.0,0,0,0,0,0
2018-02-28,8870.0,8934.0,8772.0,8850.95,8875.289285714296,0.5862469756934436,42.831310968355965,-21.200000000000728,-223.0,1,0,0,0,0
2018-03-01,8874.0,8936.05,8811.35,8873.45,8864.057142857153,0.498845812716716,43.0400151716291,23.049999999999272,4.0,0,0,0,0,0
2018-03-05,8867.0,8867.0,8775.0,8795.1,8853.985714285724,0.49791604209599677,47.7965566261254,-6.450000000000728,-7.0,0,0,0,0,1
2018-03-06,8855.55,8885.0,8600.0,8616.5,8818.175000000008,0.42137625972892523,44.668602076465085,60.44999999999891,-11.450000000000728,1,1,1,1,1
2018-03-07,8621.8,8713.85,8552.0,8679.1,8795.139285714295,0.34023327087794697,47.977335005341175,5.299999999999272,-233.75,1,0,1,1,1
2018-03-08,8700.2,8775.0,8651.0,8729.35,8774.360714285724,0.10839894766458537,47.49695322021189,21.100000000000364,78.40000000000146,0,1,1,1,1
2018-03-09,8760.0,8774.0,8650.0,8660.6,8761.764285714296,0.10754765046836469,51.345325563719335,30.649999999999636,59.79999999999927,1,1,1,1,1
2018-03-12,8719.0,8826.8,8681.1,8810.3,8767.867857142866,0.1603069777017994,55.202015489409355,58.399999999999636,-41.0,0,1,1,0,0
2018-03-13,8810.0,8848.0,8691.0,8756.05,8770.25357142858,0.28636826315744024,34.787649499633815,-0.2999999999992724,91.0,1,1,0,1,1
2018-03-14,8735.0,8874.0,8725.05,8846.3,8774.792857142866,0.25100975991886876,47.177875549968476,-21.049999999999272,-75.0,0,0,0,0,1
2018-03-15,8839.9,8875.0,8800.95,8837.55,8789.32857142858,0.44495627352205935,49.12303664921457,-6.399999999999636,104.89999999999964,0,0,0,1,0
2018-03-16,8869.0,8869.0,8649.4,8676.55,8787.739285714293,0.6239118753051256,39.09141274238219,31.450000000000728,29.100000000000364,1,1,1,1,0
2018-03-19,8711.5,8800.0,8703.55,8773.5,8771.178571428578,0.4872080268096229,48.82748887200085,34.95000000000073,-157.5,1,1,0,0,0
2018-03-20,8764.45,8845.5,8735.0,8802.4,8764.83571428572,0.3198023195482709,62.04952035260564,-9.049999999999272,52.95000000000073,1,0,0,0,1
2018-03-21,8839.9,8945.0,8825.05,8874.65,8766.528571428578,0.09151754289996607,62.51840471160614,37.5,75.44999999999891,0,0,0,0,0
2018-03-22,8870.0,8910.5,8684.4,8696.55,8753.892857142864,-0.13063096323465587,48.195621080426825,-4.649999999999636,30.100000000000364,0,1,1,1,1
2018-03-23,8612.55,8640.5,8542.1,8607.25,8740.475000000008,-0.08882963988106396,47.13002313195974,-84.0,-257.4500000000007,1,1,1,1,1
2018-03-26,8607.0,8798.0,8605.0,8765.3,8751.103571428579,0.23874703194846314,47.60076775431862,-0.25,-5.549999999999272,1,1,1,1,1
2018-03-27,8815.0,8887.0,8767.15,8852.3,8763.475000000006,0.39058921963210774,54.95852866931122,49.70000000000073,208.0,1,1,1,1,1
2018-03-28,8812.0,9084.0,8801.0,8861.1,8772.88571428572,0.4358004639130625,50.83230232819712,-40.29999999999927,-3.0,1,1,1,1,1
2018-04-02,8990.0,9088.0,8953.25,9008.2,8797.714285714292,0.6125885006292918,58.30454036692789,128.89999999999964,178.0,1,1,1,1,1
2018-04-03,9008.95,9060.0,8955.0,9026.45,8813.153571428578,0.7353251800900544,69.77506499378327,0.75,18.950000000000728,0,1,1,1,1
2018-04-04,9078.0,9149.4,8980.6,9013.5,8831.542857142862,0.7828144745216818,64.98688647433494,51.54999999999927,69.04999999999927,1,1,1,1,1
2018-04-05,9050.0,9157.65,9050.0,9132.6,8851.992857142863,0.8527550320096822,68.53182175328321,36.5,-28.0,1,1,1,1,1
2018-04-06,9165.0,9230.0,9042.55,9206.2,8878.325000000004,0.8986366387993675,68.57943401513032,32.399999999999636,115.0,1,1,1,0,0
2018-04-09,9220.0,9308.15,9184.7,9292.65,8922.332142857147,0.9561922974299876,87.22832875343494,13.799999999999272,55.0,0,1,0,0,0
2018-04-10,9290.0,9315.45,9239.0,9273.45,8958.042857142862,0.9441404609865034,95.59890485968519,-2.649999999999636,70.0,1,0,0,0,0
2018-04-11,9290.0,9350.0,9208.55,9302.5,8993.764285714291,0.9328518143682543,94.6550290939319,16.549999999999272,0.0,0,0,0,0,0
2018-04-12,9290.0,9290.0,9181.1,9204.45,9017.321428571435,0.8948171591838096,78.74459227818153,-12.5,0.0,0,1,0,0,0
2018-04-13,9267.0,9267.0,9106.25,9123.95,9047.850000000008,0.817795476000393,69.20716112531977,62.54999999999927,-23.0,1,1,0,0,0
2018-04-16,9100.0,9245.0,9065.0,9232.0,9092.475000000006,0.7952233950939105,67.34345939243647,-23.950000000000728,-167.0,0,0,0,0,0
2018-04-17,9241.0,9242.0,9137.55,9160.35,9120.692857142863,0.7056502909879921,59.583452619524785,9.0,141.0,0,0,0,0,0
2018-04-18,9178.0,9227.45,9095.9,9121.5,9139.921428571433,0.5595943590721714,57.45341614906836,17.649999999999636,-63.0,0,0,0,0,0
2018-04-19,9144.0,9183.75,9068.0,9077.65,9155.389285714291,0.2931126326452404,45.76819407008079,22.5,-34.0,0,0,0,0,0
2018-04-20,9082.0,9108.15,9012.95,9025.0,9156.589285714292,-0.009547163708705427,35.58013687728776,4.350000000000364,-62.0,1,1,0,0,0
2018-04-23,9039.9,9125.0,9005.95,9064.85,9159.332142857147,-0.2788449333094325,30.41946020285367,14.899999999999636,-42.100000000000364,0,0,0,0,0
2018-04-24,9095.0,9142.55,9031.0,9064.65,9162.98571428572,-0.6420324643248004,31.44659676559432,30.149999999999636,55.100000000000364,0,0,0,0,0
2018-04-25,9059.0,9068.8,8908.0,8934.6,9148.842857142863,-0.7789903562888054,22.28416453216812,-5.649999999999636,-36.0,1,0,0,0,0
2018-04-26,8949.0,8981.0,8890.0,8946.45,9130.289285714292,-0.8178933108356494,27.662337662337663,14.399999999999636,-110.0,0,0,0,0,0
2018-04-27,9015.0,9137.0,8715.1,8783.35,9093.910714285721,-0.6010157667587838,24.20087865474926,68.54999999999927,66.0,1,0,0,0,0
2018-04-30,8790.0,8904.2,8760.3,8814.95,9061.160714285721,-0.3338583873375383,14.272252205945492,6.649999999999636,-225.0,0,0,0,0,0
2018-05-02,8915.0,8998.0,8725.0,8744.5,9021.30357142858,0.17207165086663753,14.301656794574768,100.04999999999927,125.0,1,0,0,1,0
2018-05-03,8765.0,8799.0,8700.0,8755.95,8989.267857142866,0.553216842717389,17.070534186109597,20.5,-150.0,0,0,1,0,0
2018-05-04,8784.0,8790.0,8665.0,8678.2,8957.428571428582,0.7535785368192367,16.087953136938864,28.049999999999272,19.0,1,1,1,1,1
2018-05-07,8693.0,8770.0,8660.0,8743.7,8922.550000000008,0.8472644058836348,26.628447989365412,14.799999999999272,-91.0,1,0,0,1,0
2018-05-08,8785.0,8806.2,8690.0,8775.2,8895.039285714296,0.8505217339930562,25.596090656331754,41.29999999999927,92.0,0,0,0,0,0
2018-05-09,8795.0,8795.0,8705.0,8718.35,8866.242857142866,0.8604705659835206,23.365636055991544,19.799999999999272,10.0,0,1,0,1,0
2018-05-10,8758.0,8758.0,8690.0,8704.95,8839.62142857144,0.8556416598478859,28.475021089136888,39.649999999999636,-37.0,1,1,1,0,0
2018-05-11,8738.0,8765.0,8702.05,8750.3,8820.000000000011,0.8147972087131603,32.70129641061811,33.04999999999927,-20.0,0,0,0,0,0
2018-05-14,8751.0,8760.0,8688.1,8707.0,8794.439285714296,0.7947906029873757,41.462596444146214,0.7000000000007276,13.0,1,0,0,0,0
2018-05-15,8725.0,8750.35,8639.0,8726.6,8770.292857142867,0.7621036049299013,39.84832816270247,18.0,-26.0,0,0,0,0,0
2018-05-16,8675.0,8733.45,8675.0,8695.6,8753.22142857144,0.7106936600910918,43.82107657316151,-51.600000000000364,-50.0,1,0,0,0,0
2018-05-17,8725.0,8766.45,8661.2,8697.5,8735.439285714298,0.6682421950332086,42.43169752686766,29.399999999999636,50.0,0,0,0,0,0
2018-05-18,8700.8,8725.0,8496.0,8510.95,8715.982142857154,0.6263019472675927,33.10435397514891,3.2999999999992724,-24.200000000000728,0,1,0,0,1
2018-05-21,8518.0,8524.8,8255.5,8428.5,8688.378571428582,0.6304408315149884,19.212736862668294,7.049999999999272,-182.79999999999927,1,1,0,1,1
2018-05-22,8416.0,8586.4,8371.25,8560.65,8675.24642857144,0.6849027750141852,32.48714390661971,-12.5,-102.0,0,0,0,1,1
2018-05-23,8560.0,8564.8,8458.2,8497.4,8656.778571428582,0.7325732543192816,32.15122384683724,-0.6499999999996362,144.0,0,1,1,1,1
2018-05-24,8500.1,8518.3,8400.0,8410.75,8637.67500000001,0.8501664461077524,28.748916498121787,2.7000000000007276,-59.899999999999636,1,1,1,1,1
2018-05-25,8412.0,8574.0,8395.15,8548.15,8623.707142857153,0.8475622753312099,37.1118903410902,1.25,-88.10000000000036,1,1,1,0,1
2018-05-28,8560.0,8785.0,8555.1,8709.3,8619.000000000011,0.664140324929631,50.12748032368913,11.850000000000364,148.0,1,0,0,1,1
2018-05-29,8718.0,8840.0,8680.0,8714.9,8618.75357142858,0.5104094140896774,49.34129039522572,8.700000000000728,158.0,0,0,1,1,1
2018-05-30,8669.0,8669.0,8572.85,8588.2,8610.414285714296,0.46883642929237085,44.54157349054686,-45.899999999999636,-49.0,0,1,1,1,1
2018-05-31,8639.0,8639.1,8515.9,8537.2,8595.192857142867,0.3899260352175649,42.24029431697166,50.79999999999927,-30.0,1,1,1,1,1
2018-06-01,8610.0,8848.4,8590.05,8808.85,8602.467857142867,0.10042541029339298,63.32289803220037,72.79999999999927,-29.0,0,1,1,1,1
2018-06-04,8840.0,8840.0,8726.05,8749.85,8604.12857142858,-0.143883962698078,64.67954867297067,31.149999999999636,230.0,1,1,1,1,1
2018-06-05,8750.0,8830.0,8680.0,8810.4,8612.32857142858,-0.3652020859639347,62.20734151229291,0.1499999999996362,-90.0,1,1,1,1,1
2018-06-06,8829.0,8870.0,8810.0,8842.35,8622.675000000008,-0.5796304202247277,67.39272928956797,18.600000000000364,79.0,1,1,1,1,1
2018-06-07,8874.0,8934.8,8865.0,8911.25,8651.267857142866,-0.40777787873467886,75.69565663825861,31.649999999999636,45.0,1,1,1,1,1
2018-06-08,8894.0,8950.0,8871.0,8932.45,8687.264285714295,0.08486787082117371,72.40293809024143,-17.25,20.0,1,1,1,1,1
2018-06-11,8960.0,9046.0,8921.5,9022.65,8720.264285714295,0.4750368431577446,69.91420400381323,27.549999999999272,66.0,0,0,0,0,0
2018-06-12,9039.0,9065.0,8955.0,9016.75,8757.360714285724,0.6683464141892065,69.17603710056548,16.350000000000364,79.0,0,0,0,0,0
2018-06-13,9030.0,9094.95,8943.0,8967.35,8797.117857142866,0.7595600942164502,76.710109193378,13.25,-9.0,0,0,1,0,0
2018-06-14,8932.05,9019.95,8908.0,8958.0,8826.392857142868,0.7642997814312337,81.49229157311781,-35.30000000000109,-97.95000000000073,0,1,0,0,0
2018-06-15,8995.0,8995.0,8901.0,8951.6,8843.70000000001,0.7392383609443502,67.71751272185683,37.0,62.95000000000073,1,0,0,0,0
2018-06-18,8947.5,9050.4,8937.95,8973.45,8862.167857142867,0.7265321384536713,80.5715066994806,-4.100000000000364,-47.5,0,0,0,0,0
2018-06-19,8970.0,8984.8,8820.05,8862.6,8881.767857142868,0.6275314093440628,56.27403846153855,-3.4500000000007276,22.5,1,1,1,0,1
2018-06-20,8873.0,8970.0,8863.0,8948.3,8911.132142857155,0.6077111129358473,61.27727514635438,10.399999999999636,-97.0,0,0,0,0,0
2018-06-21,8978.0,8986.0,8852.95,8863.05,8915.003571428582,0.4280356888665612,45.04217239251174,29.700000000000728,105.0,1,0,1,1,0
2018-06-22,8865.0,8887.0,8810.0,8874.9,8923.935714285724,0.15465022354510174,43.964341898269396,1.9500000000007276,-113.0,0,1,1,0,0
2018-06-25,8869.0,8869.0,8780.0,8793.0,8922.692857142869,-0.2470333434544922,25.488312520012784,-5.899999999999636,4.0,1,1,0,1,1
2018-06-26,8793.0,8985.35,8750.0,8931.35,8929.050000000012,-0.49608829997775533,42.893992344816134,0.0,-76.0,0,0,0,0,1
2018-06-27,8935.95,9012.0,8873.0,8898.3,8928.125000000011,-0.654311530414889,44.0937473270036,4.600000000000364,142.95000000000073,0,0,0,1,1
2018-06-28,8892.0,8894.05,8735.05,8771.3,8916.614285714295,-0.7557307060860193,36.70606664767868,-6.299999999999272,-43.95000000000073,1,1,1,1,1
2018-06-29,8750.3,8900.0,8750.3,8825.6,8902.539285714296,-0.7031255581465523,41.6011198506866,-21.0,-141.70000000000073,0,1,1,1,1
2018-07-02,8878.0,8935.0,8800.05,8821.05,8888.560714285722,-0.5794514026612896,39.60152838427942,52.399999999999636,127.70000000000073,1,1,1,1,1
2018-07-03,8825.0,8995.0,8750.0,8975.15,8889.117857142865,-0.4923246716782031,57.25146575607235,3.9500000000007276,-53.0,1,1,1,1,1
2018-07-04,9014.0,9249.25,8952.5,9220.8,8907.889285714293,-0.1897163457586446,64.55662393162388,38.850000000000364,189.0,1,1,1,1,1
2018-07-05,9228.0,9395.0,9225.75,9347.05,8936.13571428572,0.18009810748180136,74.76970317297841,7.200000000000728,214.0,0,1,1,1,0
2018-07-06,9315.0,9413.95,9260.0,9317.5,8960.71071428572,0.5221495025207654,72.24791394390265,-32.04999999999927,87.0,1,1,1,1,1
2018-07-09,9395.0,9419.85,9350.0,9374.9,8997.303571428578,0.6697543035172709,79.98866213151918,77.5,80.0,1,1,0,1,1
2018-07-10,9380.0,9545.9,9380.0,9531.0,9038.925000000007,0.7802570208486967,80.34819575889458,5.100000000000364,-15.0,0,0,0,0,0
2018-07-11,9529.0,9529.35,9361.0,9384.7,9076.18571428572,0.7623539591028439,72.08499818379954,-2.0,149.0,0,1,1,1,0
2018-07-12,9448.0,9508.0,9325.25,9347.0,9109.90714285715,0.7344769056121148,78.44648680699673,63.29999999999927,-81.0,1,1,1,1,1
2018-07-13,9408.0,9495.0,9362.25,9431.05,9155.482142857149,0.7410377277629541,79.06206499303985,61.0,-40.0,0,1,0,0,0
2018-07-16,9429.0,9498.9,9355.0,9385.3,9187.907142857148,0.7180761700456579,76.05393175416728,-2.0499999999992724,21.0,1,0,1,1,0
2018-07-17,9351.15,9479.7,9347.0,9445.4,9226.985714285718,0.7129219455686413,73.77762046822069,-34.149999999999636,-77.85000000000036,0,0,0,0,0
2018-07-18,9482.3,9534.0,9296.9,9366.8,9269.521428571434,0.6697632879565855,58.88293988805063,36.899999999999636,131.14999999999964,1,1,0,0,0
2018-07-19,9408.0,9434.0,9350.0,9389.1,9309.771428571432,0.6127314289981541,52.9288848645261,41.20000000000073,-74.29999999999927,1,0,0,0,0
2018-07-20,9392.0,9464.0,9335.0,9398.95,9351.050000000005,0.5378122513691885,55.833273651794066,2.899999999999636,-16.0,0,0,0,0,0
