2016-08-24,273.8,273.8,268.55,270.1,258.23928571428576,0.8572872594040666,72.76819204801203,1.3000000000000114,2.1000000000000227,0,0,1,1,0
2016-08-25,271.5,271.5,260.1,261.75,260.6571428571429,0.7543384684851219,52.93072824156307,1.3999999999999773,-2.3000000000000114,0,1,1,0,0
2016-08-26,262.95,263.2,255.1,257.7,262.35,0.5821266883867652,53.79061371841154,1.1999999999999886,-8.550000000000011,1,1,0,0,1
2016-08-29,253.45,263.35,247.55,262.6,263.91785714285714,0.41874614482517164,53.91539153915394,-4.25,-9.5,1,0,0,1,1
2016-08-30,264.55,265.4,260.1,262.95,265.575,0.12582412855481984,36.94581280788176,1.9499999999999886,11.100000000000023,0,0,1,1,1
2016-08-31,263.25,266.45,261.7,262.95,265.8964285714286,-0.044781936435064354,43.22766570605188,0.30000000000001137,-1.3000000000000114,0,1,1,1,1
2016-09-01,263.15,263.9,257.8,258.7,266.26785714285717,-0.453031456199552,23.113964686998386,0.19999999999998863,-0.10000000000002274,1,1,1,1,0
2016-09-02,259.0,269.4,256.8,268.2,266.9785714285714,-0.7369380316661489,43.660130718954214,0.30000000000001137,-4.149999999999977,1,1,1,0,0
2016-09-06,270.0,271.75,267.6,270.6,266.7678571428571,-0.6076761859082409,50.06553079947577,1.8000000000000114,11.0,1,1,0,0,1
2016-09-07,270.0,274.1,266.3,272.25,267.09642857142853,-0.585605463429067,49.66974900924703,-0.6000000000000227,0.0,1,0,0,1,1
2016-09-08,272.0,276.5,272.0,275.6,267.10714285714283,-0.3092145689180097,57.08762886597937,-0.25,2.0,0,0,1,1,1
2016-09-09,274.95,275.5,270.1,272.2,267.0464285714285,-0.10380422301433256,65.43574593796154,-0.6500000000000341,2.9499999999999886,0,1,1,1,1
2016-09-12,268.9,268.9,256.4,260.0,266.2928571428571,-0.03121272648831706,52.73809523809525,-3.3000000000000114,-6.050000000000011,1,1,1,1,0
2016-09-14,261.0,268.0,256.85,264.7,265.7357142857142,0.25890216281099826,52.511961722488,1.0,-7.899999999999977,1,1,1,0,0
2016-09-15,266.05,269.75,262.0,267.4,265.5428571428571,0.6019347206859301,55.03963759909397,1.3500000000000227,5.050000000000011,1,1,0,0,1
2016-09-16,268.0,275.0,267.7,271.15,266.21428571428567,0.6723609704028604,58.55949895615864,0.6000000000000227,1.9499999999999886,1,0,0,1,0
2016-09-19,272.0,277.7,269.65,276.15,267.5321428571428,0.6554114652174644,67.93422404933193,0.8500000000000227,4.0,0,0,1,0,0
2016-09-20,276.95,276.95,267.85,270.1,268.0678571428571,0.6483714464516172,52.10176991150446,0.8000000000000114,4.949999999999989,0,1,0,0,0
2016-09-21,275.0,276.0,268.0,269.7,268.54999999999995,0.5349749383249799,48.9583333333333,4.899999999999977,-1.9499999999999886,1,0,0,0,1
2016-09-22,273.2,277.4,271.55,275.35,269.43571428571425,0.5604699429471719,53.28389830508477,3.5,-1.8000000000000114,0,0,0,1,0
2016-09-23,276.75,277.7,273.3,275.1,270.60714285714283,0.5850213814098862,49.43310657596372,1.3999999999999773,3.5500000000000114,0,0,1,0,0
2016-09-26,274.5,274.5,268.8,270.4,270.7642857142857,0.4769391672029108,48.01762114537444,-0.6000000000000227,-2.25,0,1,0,0,1
2016-09-27,273.0,273.7,263.8,264.7,270.3428571428571,0.28166826137782786,56.041131105398435,2.6000000000000227,-1.5,1,0,0,1,1
2016-09-28,266.7,272.0,262.1,271.0,270.25357142857143,0.2984197753162542,57.777777777777786,2.0,-6.300000000000011,0,0,1,1,0
2016-09-29,273.3,273.7,254.45,256.8,268.9107142857143,0.22883294290063497,39.80769230769235,2.3000000000000114,6.600000000000023,0,1,1,0,0
2016-09-30,258.0,259.8,249.1,256.75,267.8071428571429,0.2688747749294659,35.09316770186341,1.1999999999999886,-15.300000000000011,1,1,0,0,1
2016-10-03,260.7,267.5,259.3,264.5,268.12857142857143,0.18562942434315766,38.58961802154754,3.9499999999999886,2.6999999999999886,1,0,0,1,0
2016-10-04,267.6,269.8,263.1,268.7,268.4142857142857,0.1291276301295335,48.57723577235768,3.1000000000000227,6.900000000000034,0,0,1,0,0
2016-10-05,269.95,269.95,264.0,265.45,268.275,0.1368115841720241,45.91738712776177,1.25,2.349999999999966,0,1,0,0,1
2016-10-06,267.0,267.6,261.2,264.9,267.8285714285714,0.2862607565935899,38.87113951011711,1.5500000000000114,-2.9499999999999886,1,0,0,1,0
2016-10-07,267.4,268.2,262.35,266.85,267.1642857142857,0.4530803271953232,41.52106885919837,2.5,0.39999999999997726,0,0,1,0,1
2016-10-10,268.95,268.95,263.15,264.0,266.7285714285714,0.5036410157531414,43.162393162393194,2.099999999999966,1.5500000000000114,0,1,0,1,1
2016-10-13,263.3,263.3,248.1,251.1,265.4,0.6842623758991507,37.40740740740743,-0.6999999999999886,-5.649999999999977,1,0,1,1,1
2016-10-14,252.0,256.2,251.25,254.35,263.9,0.7442139700564192,33.6604514229637,0.9000000000000057,-11.300000000000011,0,1,1,1,1
2016-10-17,253.0,255.05,249.4,250.75,262.1607142857143,0.7786469934506453,42.50309789343247,-1.3499999999999943,1.0,1,1,1,1,0
2016-10-18,251.55,269.0,251.55,267.0,261.91785714285714,0.4928281105113292,59.0627763041556,0.8000000000000114,-1.4499999999999886,1,1,1,0,1
2016-10-19,269.0,273.4,262.8,271.6,262.4107142857143,0.2540478283239093,56.64794007490638,2.0,17.44999999999999,1,1,0,1,0
2016-10-20,272.85,286.4,268.7,285.25,263.42857142857144,-0.09555200587429505,63.16626889419252,1.25,3.8500000000000227,1,0,1,0,0
2016-10-21,286.0,288.25,281.65,285.75,265.49642857142857,-0.033146728400422924,66.88851913477536,0.75,13.149999999999977,0,1,0,0,1
2016-10-24,285.4,294.9,283.0,285.65,267.56071428571425,0.1269675892391632,67.39312657166803,-0.35000000000002274,-0.6000000000000227,1,0,0,1,0
2016-10-25,286.65,317.0,280.55,312.8,271.0107142857143,0.47990563360206256,77.07719505008836,1.0,1.25,0,0,1,0,0
2016-10-26,312.95,316.5,299.35,305.1,273.6107142857143,0.6480207022429613,72.90969899665552,0.14999999999997726,26.30000000000001,0,1,0,0,0
2016-10-27,305.45,308.8,299.35,305.0,276.4357142857143,0.7389826125177406,85.0455136540962,0.3499999999999659,-7.5,1,0,0,0,0
2016-10-28,306.0,309.7,302.35,307.0,279.4428571428572,0.7831940490524599,84.79841374752145,1.0,0.5500000000000114,0,0,0,0,0
2016-10-30,308.9,308.9,304.0,305.3,282.18928571428575,0.7877826719068427,86.9830508474576,1.8999999999999773,2.8999999999999773,0,0,0,0,1
2016-11-01,307.0,308.0,301.45,305.15,285.12857142857143,0.782065781657766,83.08759757155241,1.6999999999999886,-1.8999999999999773,0,0,0,1,0
2016-11-02,300.0,304.15,297.15,299.9,288.6142857142857,0.7542184760237793,74.27101200686099,-5.149999999999977,-7.0,0,0,1,0,0
2016-11-03,299.7,301.9,287.1,288.2,291.0321428571429,0.6325531216340349,52.61756876663708,-0.19999999999998863,-0.30000000000001137,0,1,0,0,1
2016-11-04,289.0,291.85,284.25,287.7,293.67142857142863,0.4598842192969221,51.730257320319424,0.8000000000000114,-10.699999999999989,1,0,0,1,0
2016-11-07,298.3,298.3,290.8,293.5,295.56428571428575,0.2791711369993658,56.32554391619662,10.600000000000023,9.300000000000011,0,0,1,0,0
2016-11-08,295.7,295.7,286.5,289.85,296.8678571428572,-0.0287062706734806,20.23346303501947,2.1999999999999886,-2.6000000000000227,0,1,0,0,0
2016-11-09,268.0,283.0,260.9,282.4,296.6642857142857,-0.3230250120871424,20.365535248041766,-21.850000000000023,-27.69999999999999,1,0,0,0,0
2016-11-10,289.0,297.15,286.0,294.55,297.29285714285714,-0.5466411002050129,39.62264150943399,6.600000000000023,21.0,0,0,0,0,0
2016-11-11,288.0,293.0,272.85,276.75,296.6571428571429,-0.8647923894949392,27.135298563870023,-6.550000000000011,-1.0,0,0,0,0,0
2016-11-15,280.7,280.7,258.0,266.65,293.3607142857143,-0.7346419735209283,24.077800134138187,3.9499999999999886,-7.300000000000011,0,0,0,0,1
2016-11-16,271.0,275.0,260.9,265.25,290.51428571428573,-0.6226045565833337,23.68073878627972,4.350000000000023,-9.699999999999989,0,0,0,1,1
2016-11-17,267.0,269.4,262.2,264.6,287.62857142857143,-0.43159310899448494,25.210674157303416,1.75,-4.0,0,0,1,1,0
2016-11-18,265.0,266.3,256.8,261.9,284.40714285714284,-0.06797797671046635,28.858520900321565,0.39999999999997726,-2.0,0,1,1,0,1
2016-11-21,262.05,265.0,245.15,255.7,280.8642857142857,0.38796099956534424,26.435935198821838,0.1500000000000341,-2.9499999999999886,1,1,0,1,1
2016-11-22,257.0,263.2,257.0,260.8,277.69642857142856,0.6769437224264974,25.669642857142904,1.3000000000000114,-5.050000000000011,1,0,1,1,1
2016-11-23,263.95,264.7,258.1,263.7,275.11071428571427,0.7771822047390982,30.323551542513172,3.1499999999999773,6.949999999999989,0,1,1,1,1
2016-11-24,263.7,263.7,256.15,257.7,272.9321428571429,0.8092177503034976,31.000000000000014,0.0,-0.25,1,1,1,1,0
2016-11-25,260.0,266.0,255.75,265.05,271.31428571428575,0.7713439572799297,25.49833887043191,2.3000000000000114,-3.6999999999999886,1,1,1,0,0
2016-11-28,266.95,274.5,264.15,272.75,269.8321428571429,0.660715169722983,46.00798403193613,1.8999999999999773,6.949999999999989,1,1,0,0,1
2016-11-29,275.0,280.0,267.6,276.9,268.9071428571429,0.4649990214729993,61.60815402038506,2.25,8.050000000000011,1,0,0,1,1
2016-11-30,278.9,281.9,276.25,277.9,268.58571428571435,0.2574672312785697,64.45714285714283,2.0,3.8999999999999773,0,0,1,1,1
2016-12-01,280.0,280.35,271.7,275.1,267.1964285714286,-0.1987992546104005,61.43790849673203,2.1000000000000227,1.1000000000000227,0,1,1,1,1
2016-12-02,273.7,274.4,264.25,265.9,266.42142857142863,-0.4518323903259655,53.81679389312978,-1.400000000000034,-6.300000000000011,1,1,1,1,0
2016-12-05,266.5,273.4,263.7,268.7,266.5678571428572,-0.5367295848232012,63.26530612244898,0.6000000000000227,-7.199999999999989,1,1,1,0,0
2016-12-06,274.0,274.5,270.1,271.9,267.04285714285714,-0.6280066752209154,61.78343949044583,5.300000000000011,7.5,1,1,0,0,1
2016-12-07,272.5,282.9,272.3,277.4,267.9571428571429,-0.7198759298114353,63.78269617706237,0.6000000000000227,-1.5,1,0,0,1,0
2016-12-08,279.9,288.3,279.9,287.1,269.75714285714287,-0.6632922572962142,77.52808988764046,2.5,7.399999999999977,0,0,1,0,1
2016-12-09,289.45,291.3,284.25,285.65,271.8964285714286,-0.40794592935451673,71.68421052631572,2.349999999999966,9.550000000000011,0,1,0,1,0
2016-12-12,285.0,285.45,279.3,281.35,273.36428571428576,-0.11647230850549285,59.75056689342406,-0.6499999999999773,-4.449999999999989,1,0,1,0,0
2016-12-13,281.4,287.2,278.45,286.0,274.9571428571429,0.26440598417755146,60.20179372197311,0.049999999999954525,-3.6000000000000227,0,1,0,0,0
2016-12-14,287.45,288.35,282.1,283.85,276.8250000000001,0.6173789842039099,56.50273224043721,1.4499999999999886,6.050000000000011,1,0,0,0,1
2016-12-15,290.1,291.65,283.05,284.25,278.1964285714286,0.7499361897065117,60.55363321799305,6.25,2.650000000000034,0,0,0,1,0
2016-12-16,286.0,286.0,279.2,280.25,278.73214285714295,0.6938990330945805,68.80733944954133,1.75,-4.100000000000023,0,0,1,0,0
2016-12-19,280.9,281.0,275.25,276.45,278.70000000000005,0.589207337448007,59.897828863346106,0.6499999999999773,-5.100000000000023,0,1,0,0,0
2016-12-20,276.1,276.1,268.45,272.4,278.3071428571429,0.4614630771148736,50.625,-0.3499999999999659,-4.7999999999999545,1,0,0,0,1
2016-12-21,274.4,275.65,270.1,274.2,278.2428571428572,0.37313010198437846,45.59228650137742,2.0,-1.7000000000000455,0,0,0,1,1
2016-12-22,271.75,273.5,261.1,263.55,278.07500000000005,0.029083697228865533,18.389261744966376,-2.4499999999999886,-2.6499999999999773,0,0,1,1,0
2016-12-23,262.15,268.5,259.05,262.9,277.66071428571433,-0.24542400688769644,18.79286694101502,-1.400000000000034,-9.600000000000023,0,1,1,0,1
2016-12-26,262.0,262.0,257.25,260.0,276.81071428571437,-0.41673364324964773,19.54350927246783,-0.8999999999999773,-0.14999999999997726,1,1,0,1,1
2016-12-27,261.0,269.65,258.2,266.95,276.0642857142858,-0.4923161661139582,24.497991967871457,1.0,-1.0,1,0,1,1,1
2016-12-28,267.9,271.85,267.1,268.5,274.7357142857144,-0.3143015040183796,29.115646258503375,0.9499999999999886,6.899999999999977,0,1,1,1,1
2016-12-29,268.0,268.1,262.65,264.65,273.2357142857144,0.034109415823839376,25.621890547263675,-0.5,0.10000000000002274,1,1,1,1,1
2016-12-30,265.0,271.15,264.4,268.45,272.3142857142858,0.23268264228285254,35.250000000000014,0.35000000000002274,-3.0,1,1,1,1,0
2017-01-02,269.8,276.9,267.0,273.8,271.44285714285724,0.2675545226498866,46.811070998796666,1.3500000000000227,4.800000000000011,1,1,1,0,0
2017-01-03,275.2,277.7,272.05,273.95,270.7357142857144,0.16425589370993454,52.05843293492696,1.3999999999999773,5.399999999999977,1,1,0,0,1
2017-01-04,275.15,276.9,272.2,274.9,270.06785714285724,-0.06977934615792679,50.95108695652172,1.1999999999999886,-0.05000000000001137,1,0,0,1,1
2017-01-05,276.3,288.9,275.5,287.5,270.5857142857144,-0.43072685504855585,80.90322580645156,1.400000000000034,1.150000000000034,0,0,1,1,0
2017-01-06,288.8,291.8,285.0,286.05,271.2714285714287,-0.6009449636726695,79.26675094816692,1.3000000000000114,12.5,0,1,1,0,1
2017-01-09,286.35,289.0,282.6,284.7,272.15000000000015,-0.6609240626222189,82.49999999999994,0.30000000000001137,-2.4499999999999886,1,1,0,1,1
2017-01-10,285.1,294.7,285.0,293.9,273.557142857143,-0.6304478891816511,83.47826086956516,0.4000000000000341,-1.25,1,0,1,1,0
2017-01-11,295.9,299.75,294.5,295.65,275.8500000000001,-0.3536108256365032,83.55995055624221,2.0,10.799999999999955,0,1,1,0,0
2017-01-12,297.0,298.85,289.55,292.75,277.98214285714295,-0.0014036905479960426,85.56962025316459,1.3500000000000227,1.1000000000000227,1,1,0,0,1
2017-01-13,294.5,295.15,290.55,294.05,280.41428571428577,0.3680706084389567,84.59459459459462,1.75,-2.5,1,0,0,1,0
2017-01-16,294.7,302.95,292.4,300.65,282.8214285714286,0.6156691947137191,85.09803921568628,0.6499999999999773,0.19999999999998863,0,0,1,0,1
2017-01-17,302.45,302.45,292.6,294.85,284.70357142857154,0.6768618022802211,73.80410022779051,1.8000000000000114,7.75,0,1,0,1,1
2017-01-18,296.75,300.55,290.05,291.9,286.65000000000003,0.6878478991173119,68.51851851851853,1.8999999999999773,-5.699999999999989,1,0,1,1,1
2017-01-19,292.1,297.5,292.0,295.35,288.5714285714286,0.709278373729491,60.68027210884357,0.20000000000004547,-4.649999999999977,0,1,1,1,0
2017-01-20,295.0,296.35,283.4,284.15,289.3107142857143,0.5280700823380686,47.956989247311796,-0.35000000000002274,2.8999999999999773,1,1,1,0,0
2017-01-23,285.15,289.35,284.15,286.25,290.18928571428575,0.3389090309127761,51.64021164021166,1.0,-9.850000000000023,1,1,0,0,0
2017-01-24,287.0,294.95,286.0,293.15,291.49285714285713,0.16243913075355063,49.165739710789765,0.75,1.8500000000000227,1,0,0,0,1
2017-01-25,295.25,306.1,294.45,304.65,292.71785714285716,0.28203100311118257,58.22669104204752,2.1000000000000227,8.25,0,0,0,1,0
2017-01-27,305.0,308.95,302.1,303.95,293.99642857142857,0.30938926773494363,60.66666666666664,0.35000000000002274,9.75,0,0,1,0,0
2017-01-30,303.75,305.85,301.35,302.6,295.27500000000003,0.2486133797649024,58.13510941960038,-0.19999999999998863,-1.25,0,1,0,0,1
2017-01-31,303.5,305.95,292.5,293.35,295.2357142857144,0.2031605965740233,43.38768115942033,0.8999999999999773,-0.25,1,0,0,1,0
2017-02-01,295.55,306.0,293.65,304.6,295.8750000000001,0.35077037972560177,58.037922506183,2.1999999999999886,-7.949999999999989,0,0,1,0,1
2017-02-02,305.45,308.6,301.2,304.15,296.6892857142858,0.40741928786384685,60.53310404127256,0.8499999999999659,9.899999999999977,0,1,0,1,0
2017-02-03,304.55,311.25,301.7,303.55,297.36785714285725,0.4687428633714016,57.4141048824593,0.4000000000000341,-0.8999999999999773,1,0,1,0,1
2017-02-06,305.85,311.0,302.6,309.2,297.97857142857157,0.7035779931482322,75.17587939698497,2.3000000000000114,1.3000000000000114,0,1,0,1,0
2017-02-07,309.3,310.4,301.25,303.65,298.60714285714295,0.7677556751293272,66.35338345864662,0.10000000000002274,3.4499999999999886,1,0,1,0,0
2017-02-08,306.05,306.9,299.0,305.55,299.58214285714297,0.7781445298056853,62.86307053941912,2.400000000000034,-3.25,0,1,0,0,0
2017-02-09,306.5,308.1,300.85,304.8,300.2571428571429,0.7973006525122398,50.20026702269697,0.9499999999999886,0.44999999999998863,1,0,0,0,0
2017-02-10,305.6,313.7,305.1,311.25,302.19285714285724,0.7652482744106434,58.44907407407409,0.8000000000000114,-0.8999999999999773,0,0,0,0,0
2017-02-13,313.2,314.8,304.6,309.55,303.857142857143,0.700042594301295,57.97933409873706,1.9499999999999886,7.599999999999966,0,0,0,0,1
2017-02-14,310.0,315.9,305.25,307.0,304.8464285714287,0.5752138989765743,68.52103120759833,0.44999999999998863,-3.1999999999999886,0,0,0,1,1
2017-02-15,308.1,313.5,297.0,299.95,304.51071428571447,0.41325504196275936,42.87901990811634,1.1000000000000227,-1.8999999999999773,0,0,1,1,0
2017-02-16,300.0,303.0,294.0,298.6,304.12857142857166,0.2619990607456059,41.728763040238505,0.05000000000001137,-8.100000000000023,0,1,1,0,0
2017-02-17,300.1,302.5,295.8,297.25,303.74642857142874,0.11361344776034865,40.81632653061223,1.5,0.10000000000002274,1,1,0,0,0
2017-02-20,298.2,302.9,296.1,300.3,304.2428571428573,-0.25418525274641773,35.96214511041015,0.9499999999999886,-1.900000000000034,1,0,0,0,1
2017-02-21,300.5,305.4,298.3,304.15,304.2107142857144,-0.26460820301937654,50.83333333333333,0.19999999999998863,2.3000000000000114,0,0,0,1,1
2017-02-22,305.0,306.5,297.45,300.3,303.9357142857144,-0.33352937415418255,41.784037558685434,0.8500000000000227,4.5,0,0,1,1,0
2017-02-23,300.35,303.4,295.8,297.25,303.48571428571444,-0.41055777906435614,38.978102189780984,0.05000000000001137,-4.649999999999977,0,1,1,0,1
2017-02-27,297.0,300.7,295.0,296.65,302.58928571428584,-0.24282155677339165,24.295774647887256,-0.25,-3.3500000000000227,1,1,0,1,1
2017-02-28,297.65,303.35,296.8,301.75,302.4535714285716,-0.2502534393367208,37.73584905660376,1.0,0.6499999999999773,1,0,1,1,1
2017-03-01,302.95,305.0,301.15,302.5,302.23571428571444,-0.16824707863036364,42.5,1.1999999999999886,5.300000000000011,0,1,1,1,0
2017-03-02,303.75,305.7,292.0,293.85,301.4535714285716,0.17837966907336503,40.34810126582282,1.25,0.8000000000000114,1,1,1,0,0
2017-03-03,293.0,297.4,291.0,296.35,300.3892857142859,0.5209421112339512,46.56488549618321,-0.8500000000000227,-10.75,1,1,0,0,0
2017-03-06,297.85,304.9,296.45,303.15,299.932142857143,0.2984586770799617,57.72251308900522,1.5,4.850000000000023,1,0,0,0,1
2017-03-07,303.0,309.4,301.95,308.25,300.0214285714287,-0.19809739250416528,59.87577639751553,-0.14999999999997726,5.149999999999977,0,0,0,1,1
2017-03-08,308.25,309.0,300.85,306.5,300.48928571428587,-0.315606069041516,53.07994757536044,0.0,5.25,0,0,1,1,1
2017-03-09,306.5,306.5,299.7,300.9,300.6535714285715,-0.28621439425215,50.75187969924808,0.0,-1.75,0,1,1,1,0
2017-03-10,302.45,306.0,297.05,298.8,300.76428571428585,-0.19773337125495688,51.98973042362004,1.5500000000000114,-4.050000000000011,1,1,1,0,1
2017-03-14,305.65,311.2,304.1,309.25,301.4035714285715,-0.20662885008847717,62.90983606557381,6.849999999999966,3.1999999999999886,1,1,0,1,1
2017-03-15,308.0,313.8,308.0,310.3,301.84285714285727,-0.26751969653442775,59.553072625698356,-1.25,2.3500000000000227,1,0,1,1,0
2017-03-16,312.0,327.35,311.5,325.7,303.65714285714296,0.24511299253742358,69.52861952861954,1.6999999999999886,4.0,0,1,1,0,1
2017-03-17,326.8,328.9,321.3,325.4,305.66785714285726,0.6477115850273973,80.90107737512241,1.1000000000000227,14.800000000000011,1,1,0,1,0
2017-03-20,327.05,329.8,324.7,325.45,307.7250000000001,0.7860076293042861,79.93827160493825,1.650000000000034,0.25,1,0,1,0,0
2017-03-21,325.0,327.3,320.05,325.75,309.4392857142858,0.8209673094977625,76.84085510688837,-0.44999999999998863,-2.0500000000000114,0,1,0,0,1
2017-03-22,321.9,324.8,319.35,323.65,310.9500000000001,0.8150513270761237,69.69309462915598,-3.8500000000000227,-3.1000000000000227,1,0,0,1,1
2017-03-23,324.0,327.0,322.1,325.6,313.2178571428572,0.8318160452159192,74.3002544529262,0.35000000000002274,2.1000000000000227,0,0,1,1,1
2017-03-24,327.2,327.8,321.7,323.25,315.1392857142858,0.8005545063294008,80.99861303744797,1.599999999999966,3.1999999999999886,0,1,1,1,1
2017-03-27,322.6,324.0,317.65,319.3,316.29285714285726,0.7193845346651688,77.04485488126642,-0.6499999999999773,-4.599999999999966,1,1,1,1,1
2017-03-28,321.05,323.0,319.5,320.85,317.19285714285724,0.6703185199714927,69.99999999999996,1.75,-1.5500000000000114,1,1,1,1,1
2017-03-29,321.15,322.0,316.8,321.0,318.22857142857157,0.6086228268453326,69.03914590747323,0.2999999999999545,0.0999999999999659,1,1,1,1,0
2017-03-30,321.9,341.9,320.55,339.3,320.9714285714287,0.6439878890527944,71.93548387096769,0.8999999999999773,0.75,1,1,1,0,0
2017-03-31,342.0,342.7,336.0,339.6,323.88571428571447,0.6685778160496708,72.9032258064516,2.6999999999999886,20.100000000000023,1,1,0,0,1
2017-04-03,340.6,343.9,338.75,342.1,326.23214285714306,0.6905854636100847,74.88789237668159,1.0,-1.3999999999999773,1,0,0,1,0
2017-04-05,343.85,359.25,343.05,358.15,329.65000000000015,0.7269880814313003,82.92682926829264,1.75,3.25,0,0,1,0,0
2017-04-06,355.75,358.6,351.1,356.65,331.86071428571444,0.8281244227997706,83.9506172839506,-2.3999999999999773,11.899999999999977,0,1,0,0,0
2017-04-07,352.25,353.35,345.55,347.15,333.4142857142859,0.8593507515783388,69.18967052537842,-4.399999999999977,-3.5,1,0,0,0,0
2017-04-10,348.05,353.85,346.05,352.15,335.3214285714287,0.8900937776838092,74.57482993197279,0.9000000000000341,-4.199999999999989,0,0,0,0,0
2017-04-11,352.45,355.85,330.55,333.8,335.8964285714287,0.8043889904206157,59.90437158469946,0.30000000000001137,4.399999999999977,0,0,0,0,1
2017-04-12,333.8,336.6,323.65,327.6,336.1785714285716,0.6583991834240571,54.335260115606935,0.0,-18.649999999999977,0,0,0,1,1
2017-04-13,325.6,325.6,318.3,320.45,335.8107142857144,0.47475634407303374,49.67589864466706,-2.0,-8.199999999999989,0,0,1,1,0
2017-04-17,320.65,327.2,317.6,320.0,335.5785714285716,0.29742313444267005,35.59701492537312,0.19999999999998863,-4.9500000000000455,0,1,1,0,1
2017-04-18,321.65,335.25,318.15,319.35,335.582142857143,0.08475756952748756,34.966592427616916,1.6499999999999773,1.0,1,1,0,1,1
2017-04-19,322.0,327.65,319.25,325.8,335.9357142857144,-0.12413813554720275,38.569424964936864,2.6499999999999773,0.35000000000002274,1,0,1,1,0
2017-04-20,327.45,333.2,324.0,332.4,336.7500000000001,-0.4082045555680512,29.183508488278065,1.6499999999999773,5.449999999999989,0,1,1,0,0
2017-04-21,335.0,335.0,324.15,326.0,335.8000000000001,-0.5009102097818773,27.041198501872643,2.6000000000000227,7.550000000000011,1,1,0,0,1
2017-04-24,328.15,334.2,327.25,331.0,335.18571428571437,-0.6108936101353981,37.02811244979919,2.1499999999999773,-6.850000000000023,1,0,0,1,1
2017-04-25,332.5,333.1,326.5,331.35,334.41785714285726,-0.7764920547746749,31.944444444444457,1.5,4.350000000000023,0,0,1,1,0
2017-04-26,332.45,333.9,318.0,323.5,331.94285714285724,-0.44727996521903973,39.06581740976643,1.099999999999966,-0.05000000000001137,0,1,1,0,1
2017-04-27,325.15,328.9,321.15,322.5,329.50357142857155,0.06802426571428627,43.91408114558469,1.6499999999999773,-7.300000000000011,1,1,0,1,1
2017-04-28,324.8,328.45,321.6,327.7,328.11428571428587,0.16081507159082725,59.07384230287861,2.3000000000000114,-0.3499999999999659,1,0,1,1,0
2017-05-02,328.75,332.9,326.65,330.6,326.5750000000002,-0.03819848755331888,62.500000000000036,1.0500000000000114,3.9499999999999886,0,1,1,0,1
2017-05-03,330.6,332.3,323.9,327.45,326.12142857142874,-0.1551133139307643,59.0200445434298,0.0,1.8500000000000227,1,1,0,1,1
2017-05-04,328.8,340.4,328.7,339.45,326.96785714285727,-0.37540344001249454,63.52824578790879,1.3500000000000227,-1.8000000000000114,1,0,1,1,1
2017-05-05,339.4,346.45,336.15,344.95,328.71785714285727,-0.38750256850213155,62.71529888551164,-0.05000000000001137,10.599999999999966,0,1,1,1,0
2017-05-08,343.5,346.7,338.0,340.5,330.182142857143,-0.3389450914077785,65.295358649789,-1.4499999999999886,4.100000000000023,1,1,1,0,0
2017-05-09,339.9,349.4,335.8,347.5,332.19285714285724,-0.16771509144808194,66.70040485829956,-0.6000000000000227,-3.6000000000000227,1,1,0,0,0
2017-05-10,346.1,353.0,346.1,351.9,334.05714285714294,0.049439557264689446,69.223573433115,-1.3999999999999773,6.2000000000000455,1,0,0,0,0
2017-05-11,352.0,362.55,350.5,360.05,336.03214285714296,0.2962946126757907,83.99999999999997,0.10000000000002274,5.899999999999977,0,0,0,0,0
2017-05-12,360.4,360.4,353.4,357.95,338.3142857142858,0.5670620145312449,82.31540565177752,0.3499999999999659,8.399999999999977,0,0,0,0,1
2017-05-15,359.0,359.75,350.85,356.2,340.1142857142858,0.7031733656501685,77.72373540856026,1.0500000000000114,-1.3999999999999773,0,0,0,1,1
2017-05-16,354.2,358.15,351.15,354.5,341.7678571428572,0.7666052319883621,73.80478087649398,-2.0,-4.800000000000011,0,0,1,1,0
2017-05-17,354.5,354.8,347.55,348.55,343.55714285714294,0.7666903312286872,69.90566037735852,0.0,0.30000000000001137,0,1,1,0,1
2017-05-18,344.3,359.55,342.2,347.9,345.3714285714286,0.7276182768478088,60.1440576230492,-4.25,-10.199999999999989,1,1,0,1,1
2017-05-19,349.05,352.5,345.3,349.45,346.92500000000007,0.6658986403136664,55.968169761273195,1.150000000000034,4.75,1,0,1,1,1
2017-05-22,352.4,357.4,350.45,354.45,348.62857142857143,0.618288843727181,68.23529411764702,2.9499999999999886,3.349999999999966,0,1,1,1,0
2017-05-23,354.8,355.6,328.5,331.65,348.92857142857144,0.11208102431172673,35.337650323774284,0.35000000000002274,2.400000000000034,1,1,1,0,1
2017-05-24,333.4,342.95,328.1,339.65,348.9428571428571,-0.16488025720493596,39.375542064180415,1.75,-21.400000000000034,1,1,0,1,0
2017-05-25,344.9,346.25,331.3,340.75,348.64285714285717,-0.32788416683059857,30.928853754940732,5.25,11.5,1,0,1,0,1
2017-05-26,342.4,351.0,339.0,348.0,349.17857142857144,-0.5565375418417371,41.07623318385652,1.6499999999999773,-2.5,0,1,0,1,1
2017-05-29,347.8,348.35,325.1,327.8,347.7714285714286,-0.6614963940956337,30.86253369272241,-0.19999999999998863,5.400000000000034,1,0,1,1,1
2017-05-30,328.4,342.9,327.45,340.35,346.9464285714286,-0.722942599516771,41.681363903586146,0.5999999999999659,-19.400000000000034,0,1,1,1,1
2017-05-31,341.5,345.75,336.55,339.0,345.4428571428572,-0.6458665729985504,44.064636420136736,1.1499999999999773,13.100000000000023,1,1,1,1,0
2017-06-01,337.6,351.95,337.6,349.2,344.8178571428572,-0.56732662754465,50.72222222222223,-1.3999999999999773,-3.8999999999999773,1,1,1,0,1
2017-06-02,352.0,359.4,350.5,357.9,344.93928571428575,-0.48988391551649285,54.3489449305198,2.8000000000000114,14.399999999999977,1,1,0,1,1
2017-06-05,359.95,364.5,355.2,361.05,345.4071428571429,-0.4430332163504717,53.46274921301155,2.0500000000000114,7.949999999999989,1,0,1,1,0
2017-06-06,362.95,368.75,357.05,361.45,346.3285714285715,-0.46324483653928133,70.43895747599451,1.8999999999999773,3.0,0,1,1,0,1
2017-06-07,363.6,363.95,357.3,359.1,347.1285714285715,-0.4478257108660455,64.46096654275097,2.150000000000034,0.6500000000000341,1,1,0,1,1
2017-06-08,359.25,361.85,350.5,359.15,347.8214285714286,-0.3931911338555579,63.89728096676737,0.14999999999997726,-4.350000000000023,1,0,1,1,1
2017-06-09,360.0,360.6,350.25,359.85,348.20714285714297,-0.37664383909492644,59.93294216261528,0.8500000000000227,0.75,0,1,1,1,1
2017-06-12,359.7,359.7,353.55,356.85,350.00714285714304,-0.15997116240974363,84.21672555948177,-0.1500000000000341,-0.30000000000001137,1,1,1,1,1
2017-06-13,359.0,363.15,355.4,359.4,351.4178571428573,0.05571855950000705,79.35285053929121,2.1499999999999773,-0.6999999999999886,1,1,1,1,1
2017-06-14,360.5,360.9,356.1,359.5,352.75714285714304,0.20038290801035574,82.85256410256417,1.1000000000000227,1.5,1,1,1,1,0
2017-06-15,359.45,366.4,357.75,360.0,353.61428571428587,0.28444852266807574,75.11627906976753,-0.05000000000001137,-1.0500000000000114,1,1,1,0,0
2017-06-16,361.5,365.1,356.25,363.15,356.13928571428585,0.4479678700675758,66.45768025078377,1.5,2.0500000000000114,1,1,0,0,0
2017-06-19,365.0,375.6,365.0,373.8,358.5285714285715,0.6452764620748291,77.18550106609815,1.8500000000000227,3.5,1,0,0,0,1
2017-06-20,375.6,377.7,370.1,375.65,361.14642857142866,0.8063074305387753,78.51405622489966,1.8000000000000114,10.600000000000023,0,0,0,1,0
2017-06-21,374.75,377.2,367.2,369.95,362.6285714285715,0.8150836628153997,69.20353982300882,-0.8999999999999773,-0.8500000000000227,0,0,1,0,0
2017-06-22,370.0,373.8,367.5,369.45,363.45357142857154,0.8147945822514617,67.94425087108016,0.05000000000001137,-4.75,0,1,0,0,0
2017-06-23,369.45,370.5,361.65,365.45,363.7678571428572,0.7896203532199888,58.749999999999964,0.0,-0.5500000000000114,1,0,0,0,1
2017-06-27,367.9,372.8,365.45,367.7,364.2142857142858,0.8021843275395855,67.35999999999999,2.4499999999999886,-1.5500000000000114,0,0,0,1,1
2017-06-28,368.4,369.65,363.05,364.5,364.6,0.7419288277361005,57.99373040752355,0.6999999999999886,0.5,0,0,1,1,1
2017-06-29,366.95,368.7,362.35,364.5,364.98214285714295,0.6749820474170876,57.86163522012579,2.4499999999999886,-1.4499999999999886,0,1,1,1,1
2017-06-30,364.0,365.8,360.55,363.05,365.21071428571435,0.5837059133393143,54.65648854961835,-0.5,-2.9499999999999886,1,1,1,1,0
2017-07-03,364.9,370.6,359.5,368.0,366.00714285714287,0.482872066367365,57.018813314037665,1.849999999999966,0.8999999999999773,1,1,1,0,1
2017-07-04,368.5,375.7,368.0,371.7,366.8857142857143,0.42141776140647924,46.19565217391299,0.5,3.6000000000000227,1,1,0,1,0
2017-07-05,374.5,374.5,371.85,372.9,367.84285714285716,0.3237258283415406,44.89795918367346,2.8000000000000114,6.0,1,0,1,0,1
2017-07-06,373.9,375.65,371.5,373.05,368.77500000000003,0.132636271389458,57.24299065420567,1.0,-0.6000000000000227,0,1,0,1,1
2017-07-07,372.1,374.95,370.0,371.6,369.3785714285715,-0.07133654467211792,54.80984340044751,-0.9499999999999886,-1.7999999999999545,1,0,1,1,0
2017-07-10,382.7,382.7,372.0,374.95,369.46071428571435,0.30868687077845347,71.88940092165905,11.099999999999966,10.599999999999966,0,1,1,0,1
2017-07-11,376.0,376.85,371.7,372.7,369.25000000000006,0.7027748137595533,61.520737327188975,1.0500000000000114,-6.699999999999989,1,1,0,1,1
2017-07-12,372.25,375.3,371.65,373.85,369.5285714285715,0.8235556909488798,73.791348600509,-0.44999999999998863,-3.75,1,0,1,1,0
2017-07-13,375.8,377.9,372.25,375.95,369.99285714285725,0.9094525323070338,76.32183908045981,1.9499999999999886,3.5500000000000114,0,1,1,0,0
2017-07-14,375.95,378.45,374.45,375.6,370.71785714285727,0.9144341383900952,80.38740920096868,0.0,0.14999999999997726,1,1,0,0,1
2017-07-17,373.85,383.7,373.85,381.25,371.6857142857144,0.9479063041978084,81.03044496487132,-1.75,-2.099999999999966,1,0,0,1,1
2017-07-18,379.5,384.1,378.45,381.9,372.92857142857156,0.9527297869831541,77.86885245901652,-1.75,5.649999999999977,0,0,1,1,1
2017-07-19,380.5,383.8,377.3,381.05,374.11071428571444,0.9382531952321356,72.70194986072448,-1.3999999999999773,1.0,0,1,1,1,1
2017-07-20,382.0,382.5,377.05,380.0,375.3214285714287,0.9052865559680067,68.43501326259958,0.9499999999999886,1.5,1,1,1,1,0
2017-07-21,381.0,382.7,378.6,381.9,376.3142857142858,0.892489779478636,76.6839378238343,1.0,-1.0,1,1,1,0,1
2017-07-24,383.5,390.35,381.1,388.45,377.5107142857144,0.9159908633779679,80.00000000000016,1.6000000000000227,2.5,1,1,0,1,1
2017-07-25,390.1,393.4,385.15,390.75,378.7857142857144,0.9373736760821653,90.02217294900242,1.650000000000034,6.600000000000023,1,0,1,1,1
2017-07-26,392.7,394.35,388.0,393.05,380.21428571428584,0.9511036896984268,90.50632911392424,1.9499999999999886,2.599999999999966,0,1,1,1,1
2017-07-27,394.25,394.85,390.75,392.5,381.70714285714297,0.9577379900695516,87.35891647855547,1.1999999999999886,1.5500000000000114,1,1,1,1,0
2017-07-28,391.5,398.45,390.0,395.75,383.19285714285724,0.9648078454578176,90.21956087824354,-1.0,-2.75,1,1,1,0,0
2017-07-31,396.0,398.0,393.4,395.9,384.8500000000001,0.964014150928372,87.46803069053712,0.25,4.5,1,1,0,0,1
2017-08-01,397.45,405.3,396.45,404.0,387.0035714285715,0.9674876036247989,90.92592592592597,1.5500000000000114,1.4499999999999886,1,0,0,1,1
2017-08-02,405.0,413.5,402.65,411.25,389.5250000000001,0.9685901755412264,95.20958083832329,1.0,7.550000000000011,0,0,1,1,0
2017-08-03,411.9,411.9,402.65,407.35,391.79285714285726,0.9660698359975931,87.7241379310345,0.6499999999999773,6.899999999999977,0,1,1,0,0
2017-08-04,406.0,410.4,403.1,406.65,393.60714285714295,0.9608103240552305,85.30670470756056,-1.3500000000000227,-5.899999999999977,1,1,0,0,0
2017-08-07,411.8,421.5,408.5,414.25,395.91785714285726,0.9672650020011138,85.7340720221606,5.150000000000034,5.800000000000011,1,0,0,0,1
2017-08-08,414.95,418.8,410.15,414.8,398.32857142857154,0.9653361830472791,85.0072780203784,0.6999999999999886,3.1499999999999773,0,0,0,1,1
2017-08-09,411.6,417.5,395.0,397.25,399.56071428571437,0.8233937421029243,54.23387096774192,-3.1999999999999886,-3.349999999999966,0,0,1,1,0
2017-08-10,393.0,396.9,381.2,385.65,399.82857142857154,0.48425002950197904,44.35284418796371,-4.25,-18.600000000000023,0,1,1,0,0
2017-08-11,380.25,385.45,379.05,382.75,399.4214285714287,0.17745970321581991,39.22056384742953,-5.399999999999977,-12.75,1,1,0,0,0
2017-08-14,385.0,405.8,385.0,396.2,399.81071428571437,0.04704838350065874,50.20380434782609,2.25,4.75,1,0,0,0,0
2017-08-16,398.2,404.9,392.25,397.55,400.1321428571429,-0.06601433675839542,45.17576664173524,2.0,13.199999999999989,0,0,0,0,1
2017-08-17,398.55,401.4,388.05,389.3,399.9035714285715,-0.26312956729108977,33.82461311717026,1.0,0.35000000000002274,0,0,0,1,0
2017-08-18,389.0,390.8,383.3,386.2,399.22142857142865,-0.42177880240434956,34.22818791946308,-0.30000000000001137,-9.550000000000011,0,0,1,0,1
2017-08-21,387.05,388.7,374.65,375.95,397.7964285714287,-0.5436226101710155,29.960835509138406,0.8500000000000227,-1.9499999999999886,0,1,0,1,0
2017-08-22,377.85,381.8,369.65,375.65,395.77142857142866,-0.4791861458433228,22.150072150072162,1.900000000000034,-9.199999999999989,1,0,1,0,1
2017-08-23,378.1,386.2,378.1,385.0,393.89642857142866,-0.26515657866181813,30.921895006402067,2.4500000000000455,0.25,0,1,0,1,1
2017-08-24,386.95,387.65,379.0,380.05,391.9464285714286,0.05965970139354941,36.87022900763361,1.9499999999999886,8.849999999999966,1,0,1,1,1
2017-08-28,382.0,389.85,380.5,387.5,390.57857142857154,0.2198779399785767,51.50774246128771,1.9499999999999886,-4.949999999999989,0,1,1,1,0
2017-08-29,387.85,387.85,378.3,383.3,388.36785714285725,0.36062935478990876,50.438946528332,0.35000000000002274,5.850000000000023,1,1,1,0,1
2017-08-30,386.0,392.4,385.05,389.75,386.57857142857154,0.26452988672585437,44.204851752021575,2.6999999999999886,-1.8500000000000227,1,1,0,1,0
2017-08-31,391.4,397.7,388.4,392.95,386.27142857142866,0.025496130876610897,45.99999999999998,1.6499999999999773,5.399999999999977,1,0,1,0,1
2017-09-01,394.95,396.5,391.7,394.9,386.93214285714294,-0.09181597252740231,55.468749999999964,2.0,3.5500000000000114,0,1,0,1,0
2017-09-04,396.0,396.0,380.3,384.85,387.08214285714297,-0.014505774778445942,48.8392089423904,1.1000000000000227,1.0500000000000114,1,0,1,0,0
2017-09-05,384.25,393.0,382.15,390.3,386.6607142857144,-0.20378778745411816,63.448922211808856,-0.6000000000000227,-11.75,0,1,0,0,1
2017-09-06,388.9,388.9,384.4,385.05,385.7678571428573,-0.4722494262526451,58.06174957118358,-1.400000000000034,4.649999999999977,1,0,0,1,1
2017-09-07,386.7,390.9,385.5,387.7,385.6535714285715,-0.6470252252128417,52.61627906976744,1.6499999999999773,-2.1999999999999886,0,0,1,1,1
2017-09-08,389.1,391.6,382.65,385.9,385.6321428571429,-0.7704812156384326,56.03715170278636,1.400000000000034,2.400000000000034,0,1,1,1,1
2017-09-11,387.5,390.4,384.3,385.35,386.30357142857156,-0.6599184616169231,47.41275571600483,1.6000000000000227,-1.6000000000000227,1,1,1,1,0
2017-09-12,387.15,390.0,385.0,389.05,387.26071428571447,-0.43909772524695945,57.00365408038979,1.7999999999999545,-0.35000000000002274,1,1,1,0,1
2017-09-13,390.05,394.8,386.05,390.0,387.6178571428573,-0.4388221408980507,50.351617440225034,1.0,2.900000000000034,1,1,0,1,1
2017-09-14,390.85,405.6,390.2,403.1,389.2642857142859,0.2923052703371691,61.16611661166123,0.8500000000000227,0.8000000000000114,1,0,1,1,1
2017-09-15,405.4,409.75,403.25,405.15,390.52500000000015,0.7188654037171254,61.25137211855108,2.2999999999999545,14.549999999999955,0,1,1,1,0
2017-09-18,406.9,408.2,397.7,404.7,392.05357142857156,0.8870239219623436,77.60778859527126,1.75,1.5,1,1,1,0,0
2017-09-19,405.5,408.5,402.1,406.9,393.2785714285715,0.9048179800950308,75.38226299694193,0.8000000000000114,-1.3999999999999773,1,1,0,0,1
2017-09-20,408.1,412.85,406.05,409.7,394.4750000000001,0.9332087030899948,90.74380165289267,1.2000000000000455,2.6000000000000227,1,0,0,1,0
2017-09-21,407.0,414.7,406.0,410.2,395.56785714285724,0.9481909822919059,90.03558718861223,-2.6999999999999886,-1.1000000000000227,0,0,1,0,0
2017-09-22,409.0,409.5,398.6,401.2,396.7357142857144,0.8837072729808748,71.67138810198308,-1.1999999999999886,2.0,0,1,0,0,1
2017-09-25,400.1,401.15,383.0,388.65,396.6178571428572,0.6825069052613544,53.48837209302321,-1.099999999999966,-8.899999999999977,1,0,0,1,1
2017-09-26,386.2,394.25,386.2,390.55,397.0107142857143,0.5115715797385912,51.64835164835165,-2.4499999999999886,-13.900000000000034,0,0,1,1,1
2017-09-27,392.6,392.6,370.45,372.55,395.9285714285715,0.1960021731416523,36.05115907274182,2.0500000000000114,6.400000000000034,0,1,1,1,0
2017-09-28,372.55,375.0,363.7,372.05,394.9392857142858,-0.004755046042304383,18.91891891891889,0.0,-20.05000000000001,1,1,1,0,1
2017-09-29,374.4,378.2,372.25,376.75,394.3250000000001,-0.1505595869865413,23.003802281368863,2.349999999999966,1.849999999999966,1,1,0,1,1
2017-10-03,377.55,385.8,375.1,383.7,393.9428571428572,-0.24242191950581718,32.23350253807108,0.8000000000000114,3.150000000000034,1,0,1,1,1
2017-10-04,383.9,389.5,379.15,387.65,393.77500000000003,-0.3595948888036477,34.182415776499596,0.19999999999998863,6.349999999999966,0,1,1,1,1
2017-10-05,388.0,389.15,384.2,385.9,392.5464285714285,-0.2551388614052694,30.100334448160524,0.35000000000002274,4.100000000000023,1,1,1,1,1
2017-10-06,388.4,392.3,387.25,389.25,391.4107142857143,-0.0867209557091517,33.28012769353553,2.5,0.39999999999997726,1,1,1,1,1
2017-10-09,388.0,395.7,382.1,393.7,390.625,-0.012923596386496686,43.545611015490536,-1.25,-0.39999999999997726,1,1,1,1,0
2017-10-10,394.95,398.35,390.2,396.85,389.9071428571429,-0.04694928531095997,58.41889117043125,1.25,6.949999999999989,1,1,1,0,1
2017-10-11,398.5,401.25,394.0,396.95,388.9964285714286,-0.1744473084616977,56.823027718550094,1.6499999999999773,3.5500000000000114,1,1,0,1,1
2017-10-12,397.1,406.35,392.75,403.7,388.5321428571429,-0.4881675027460356,93.68863955119214,0.1500000000000341,-1.3999999999999773,1,0,1,1,0
2017-10-13,406.5,409.5,400.45,408.2,389.0321428571429,-0.7485494461429242,95.58638083228247,2.8000000000000114,9.399999999999977,0,1,1,0,1
2017-10-16,409.1,410.8,403.65,406.8,390.32857142857154,-0.8026839417088526,91.334250343879,0.9000000000000341,2.6000000000000227,1,1,0,1,0
2017-10-17,406.45,408.25,402.7,406.85,391.49285714285725,-0.8807604934224882,89.30390492359939,-0.35000000000002274,-2.650000000000034,1,0,1,0,1
2017-10-18,407.1,407.1,402.35,406.9,393.9464285714286,-0.679372667734617,87.6712328767124,0.25,0.6500000000000341,0,1,0,1,0
2017-10-19,405.0,406.3,397.0,401.4,396.04285714285714,-0.4194936939927541,76.45051194539253,-1.8999999999999773,-2.1000000000000227,1,0,1,0,1
2017-10-23,403.2,412.95,400.05,407.05,398.2071428571429,-0.055799161993211034,78.16455696202536,1.8000000000000114,-1.8000000000000114,0,1,0,1,0
2017-10-24,407.05,408.75,402.6,406.2,399.81428571428575,0.16870729982325808,72.32142857142857,0.0,3.8500000000000227,1,0,1,0,1
2017-10-25,408.8,417.65,405.2,415.45,401.80000000000007,0.45134563055821636,77.27272727272725,2.6000000000000227,1.75,0,1,0,1,1
2017-10-26,416.0,419.35,409.55,414.3,403.82857142857154,0.6207087100411619,74.67994310099579,0.5500000000000114,7.199999999999989,1,0,1,1,1
2017-10-27,416.5,439.0,414.4,432.05,406.8857142857144,0.7816982278691639,80.71505958829907,2.1999999999999886,0.5,0,1,1,1,0
2017-10-30,436.5,436.5,427.8,429.8,409.46428571428584,0.8451531090089074,74.60136674259685,4.449999999999989,20.0,1,1,1,0,1
2017-10-31,430.25,432.95,425.6,430.35,411.857142857143,0.8731519698906796,77.35191637630663,0.44999999999998863,-6.25,1,1,0,1,0
2017-11-01,432.0,437.45,429.35,433.1,414.43928571428586,0.8892432114931755,78.68852459016394,1.6499999999999773,1.75,1,0,1,0,0
2017-11-02,433.0,439.8,428.3,437.25,416.83571428571446,0.9088888925068552,80.44132397191575,-0.10000000000002274,1.0,0,1,0,0,1
2017-11-03,438.65,440.8,432.75,434.85,418.7392857142859,0.9297531463086016,85.77540106951876,1.3999999999999773,5.649999999999977,1,0,0,1,0
2017-11-06,434.0,443.3,430.65,437.55,420.9357142857145,0.9400867999114818,84.81735159817356,-0.8500000000000227,-4.649999999999977,0,0,1,0,0
2017-11-07,437.5,439.75,428.3,431.55,422.7000000000002,0.9172726346052265,75.89376915219617,-0.05000000000001137,3.5,0,1,0,0,0
2017-11-08,433.0,436.7,427.15,429.7,424.32857142857165,0.8693021825962475,67.14801444043323,1.4499999999999886,-4.5,1,0,0,0,0
2017-11-09,430.6,437.25,428.25,433.4,426.6142857142859,0.8210553564259823,71.65532879818592,0.9000000000000341,-2.3999999999999773,0,0,0,0,0
2017-11-10,435.45,435.45,426.1,432.05,428.4000000000002,0.7446800888298907,50.0,2.0500000000000114,4.849999999999966,0,0,0,0,1
2017-11-13,433.0,433.55,411.4,413.35,428.91071428571456,0.3069277341871593,31.370328425821043,0.9499999999999886,-2.4499999999999886,0,0,0,1,0
2017-11-14,413.35,417.85,406.7,410.75,428.5750000000003,-0.11128137654828135,28.78787878787874,0.0,-19.649999999999977,0,0,1,0,1
2017-11-15,410.0,414.25,403.65,407.1,428.0607142857146,-0.5195200529260591,22.39915074309974,-0.75,-3.3500000000000227,0,1,0,1,1
2017-11-16,408.0,410.6,395.0,397.2,425.57142857142884,-0.5155002805026954,12.10974456007564,0.8999999999999773,-2.0,1,0,1,1,0
2017-11-17,401.0,405.0,396.0,400.95,423.5107142857145,-0.509658108102436,18.726937269372655,3.8000000000000114,-7.0,0,1,1,0,0
2017-11-20,400.95,405.9,397.1,398.6,421.24285714285736,-0.41779556873021023,13.834726090993485,0.0,-0.05000000000001137,1,1,0,0,0
2017-11-21,399.3,405.85,399.3,400.8,418.9357142857145,-0.2119722678308738,19.280719280719254,0.6999999999999886,-1.6499999999999773,1,0,0,0,0
2017-11-22,402.5,416.65,401.65,414.5,417.3107142857145,-0.028272272261802324,37.72213247172858,1.6999999999999886,3.1999999999999886,0,0,0,0,1
2017-11-23,415.3,415.3,402.55,407.1,415.32857142857165,0.17666367536468539,29.954268292682926,0.8000000000000114,12.800000000000011,0,0,0,1,0
2017-11-24,411.0,411.0,401.85,404.6,412.97500000000025,0.3346280050409819,29.438202247191,3.8999999999999773,-4.300000000000011,0,0,1,0,0
2017-11-27,404.5,404.5,398.0,399.5,410.6857142857145,0.4418413894736845,36.970837253057354,-0.10000000000002274,-6.5,0,1,0,0,1
2017-11-28,399.6,403.65,395.2,396.95,408.3464285714288,0.5088353457555436,37.0056497175141,0.10000000000002274,-4.899999999999977,1,0,0,1,1
2017-11-29,397.6,405.6,395.05,403.45,406.2071428571431,0.46085372158062254,46.73815907059871,0.6500000000000341,-2.0,0,0,1,1,0
2017-11-30,401.35,401.35,396.0,398.0,403.7750000000002,0.4359567764750081,50.77669902912622,-2.099999999999966,3.75,0,1,1,0,1
2017-12-01,400.9,404.8,382.05,386.75,401.87500000000017,0.5082753570658155,37.966101694915245,2.8999999999999773,-0.4500000000000455,1,1,0,1,1
2017-12-04,386.75,389.2,377.35,388.15,400.26071428571447,0.5404515687313944,40.99913867355723,0.0,-14.149999999999977,1,0,1,1,0
2017-12-05,388.15,389.25,379.05,388.85,398.957142857143,0.5687099388467968,39.43412908930152,0.0,1.3999999999999773,0,1,1,0,1
2017-12-06,386.4,388.9,382.6,385.75,398.1392857142859,0.7259188803701161,18.715995647442895,-2.4500000000000455,-1.75,1,1,0,1,0
2017-12-07,387.05,391.0,384.3,389.7,397.33571428571446,0.7865741852910418,29.52941176470587,1.3000000000000114,0.6500000000000341,1,0,1,0,1
2017-12-08,391.5,396.9,391.2,393.4,396.96428571428584,0.8492833003957346,37.185354691075474,1.8000000000000114,4.449999999999989,0,1,0,1,1
2017-12-11,396.0,396.0,384.5,391.75,396.31785714285724,0.8921225804323673,40.372670807453424,2.6000000000000227,4.5,1,0,1,1,1
2017-12-12,391.5,405.6,389.5,402.5,395.4607142857144,0.6803171867785542,55.72755417956658,-0.25,-4.5,0,1,1,1,1
2017-12-13,401.8,402.25,391.9,394.0,394.5250000000001,0.5506128200817841,40.6342913776016,-0.6999999999999886,10.300000000000011,1,1,1,1,0
2017-12-14,397.55,398.9,386.2,395.1,393.84642857142865,0.35604373119797605,46.85466377440349,3.5500000000000114,-4.25,1,1,1,0,0
2017-12-15,405.7,408.0,400.1,401.35,393.97857142857157,0.10238561682665896,67.7615571776156,10.599999999999966,8.149999999999977,1,1,0,0,0
2017-12-18,395.8,414.5,374.05,404.6,394.52500000000015,-0.09960834972306125,69.15017462165312,-5.550000000000011,-9.899999999999977,1,0,0,0,1
2017-12-19,405.0,409.35,400.95,405.8,394.69285714285735,-0.5176570562912608,69.50517836593785,0.39999999999997726,9.199999999999989,0,0,0,1,0
2017-12-20,404.0,408.15,400.55,404.4,395.15000000000015,-0.7681829440937009,72.33532934131733,-1.8000000000000114,-1.0,0,0,1,0,0
2017-12-21,405.0,408.35,401.0,402.3,396.26071428571447,-0.7292962552453022,65.78947368421056,0.6000000000000227,1.0,0,1,0,0,1
2017-12-22,403.0,409.45,399.2,402.15,397.26071428571447,-0.6190303528629192,62.03576341127922,0.6999999999999886,-2.0,1,0,0,1,0
2017-12-26,403.75,405.85,400.2,404.55,398.38214285714304,-0.3359981074919904,67.25067385444741,1.6000000000000227,0.75,0,0,1,0,0
2017-12-27,405.95,407.0,400.7,404.2,399.70000000000016,0.03373220778828504,53.1835205992509,1.3999999999999773,2.1999999999999886,0,1,0,0,1
2017-12-28,404.2,404.9,397.55,398.7,400.34285714285727,0.0854784088900425,59.91561181434592,0.0,-1.75,1,0,0,1,1
2017-12-29,401.15,407.15,399.3,405.65,401.21785714285727,0.26522618057688413,67.85109983079514,2.4499999999999886,-3.0500000000000114,0,0,1,1,1
2018-01-01,406.7,407.7,398.05,399.65,401.78214285714296,0.18521153226110804,47.09897610921495,1.0500000000000114,5.550000000000011,0,1,1,1,0
2018-01-02,403.45,403.45,395.0,397.4,401.41785714285726,0.05825678107065023,37.27915194346285,3.8000000000000114,-3.25,1,1,1,0,0
2018-01-03,398.1,410.9,397.45,407.65,402.3928571428572,0.07769746046763942,52.47657295850062,0.7000000000000455,-5.349999999999966,1,1,0,0,1
2018-01-04,408.7,410.7,406.05,409.85,403.4464285714286,0.08777705186206654,57.14285714285719,1.0500000000000114,10.599999999999966,1,0,0,1,1
2018-01-05,411.9,426.95,410.2,423.8,405.05000000000007,0.41287250732632247,71.49999999999994,2.0499999999999545,3.1999999999999886,0,0,1,1,0
2018-01-08,424.0,427.5,421.1,422.9,406.35714285714283,0.6046583137401603,70.44334975369453,0.19999999999998863,12.100000000000023,0,1,1,0,0
2018-01-09,422.9,425.55,419.2,421.1,407.45,0.7383090559086609,66.50049850448653,0.0,-1.1000000000000227,1,1,0,0,1
2018-01-10,422.0,427.9,418.75,423.45,408.8107142857143,0.8315792922259637,68.45637583892618,0.8999999999999773,-0.8999999999999773,1,0,0,1,1
2018-01-11,423.0,430.65,421.0,425.5,410.46785714285716,0.8750191374647694,77.51540041067764,-0.44999999999998863,1.0,0,0,1,1,0
2018-01-12,425.85,428.35,411.55,423.3,411.97857142857146,0.8746210860877993,70.07963594994317,0.35000000000002274,2.8500000000000227,0,1,1,0,1
2018-01-15,425.55,427.9,419.5,420.6,413.12500000000006,0.8491922663392657,75.76875768757695,2.25,-0.30000000000001137,1,1,0,1,1
2018-01-16,421.5,428.25,418.45,423.55,414.5071428571429,0.8308068871261235,81.6203143893592,0.8999999999999773,-4.050000000000011,1,0,1,1,1
2018-01-17,424.25,436.0,422.75,433.4,416.9857142857144,0.8441048210666113,81.44078144078149,0.6999999999999886,2.75,0,1,1,1,1
2018-01-18,437.95,438.15,409.35,416.25,417.74285714285725,0.7115024265842803,55.72450805008944,4.550000000000011,13.699999999999989,1,1,1,1,0
2018-01-19,418.8,435.45,418.8,433.45,420.15714285714296,0.7212241054167686,58.15722738799662,2.5500000000000114,-19.149999999999977,1,1,1,0,1
2018-01-22,434.0,443.35,432.55,438.05,423.0607142857144,0.7498737482742321,62.05250596658717,0.5500000000000114,15.199999999999989,1,1,0,1,0
2018-01-23,438.05,442.0,433.0,438.4,425.25714285714304,0.7621282981248466,64.08794788273615,0.0,4.050000000000011,1,0,1,0,1
2018-01-24,437.0,452.35,429.1,448.75,428.0357142857144,0.7950315961564007,68.22766570605191,-1.3999999999999773,-1.0500000000000114,0,1,0,1,0
2018-01-25,450.0,450.0,434.8,436.5,428.94285714285724,0.8095926445311683,56.909547738693476,1.25,13.0,1,0,1,0,0
2018-01-29,436.5,442.35,432.0,436.65,429.9250000000001,0.8082061336299654,58.60735009671179,0.0,-13.5,0,1,0,0,0
2018-01-30,435.0,436.15,426.8,428.25,430.43571428571437,0.6987176806041282,54.59459459459458,-1.6499999999999773,-1.5,1,0,0,0,0
2018-01-31,428.0,435.5,424.5,428.85,430.8214285714287,0.6123021076981743,53.275648949320164,-0.25,-7.0,0,0,0,0,1
2018-02-01,431.0,433.0,414.45,428.75,431.05357142857156,0.5434045409172035,46.7322557976107,2.1499999999999773,3.0,0,0,0,1,0
2018-02-02,424.5,426.2,412.0,417.95,430.6714285714287,0.32281053161360734,51.311728395061714,-4.25,-6.5,0,0,1,0,0
2018-02-05,408.0,413.0,406.3,408.2,429.78571428571433,0.03752004342963161,27.986050566695738,-9.949999999999989,-16.5,0,1,0,0,1
2018-02-06,395.0,410.35,387.0,404.8,428.4464285714286,-0.1138541975137859,20.391807658058767,-13.199999999999989,-13.0,1,0,0,1,1
2018-02-07,414.4,414.4,404.15,407.0,426.56071428571437,-0.03767607966265924,22.931034482758633,9.599999999999966,19.399999999999977,0,0,1,1,0
2018-02-08,408.25,416.15,401.1,405.1,425.76428571428585,-0.14328974385326362,5.953582240161438,1.25,-6.149999999999977,0,1,1,0,0
2018-02-09,400.0,401.6,394.0,399.0,423.30357142857156,0.17050519067498868,6.797235023041452,-5.100000000000023,-8.25,1,1,0,0,0
2018-02-12,403.75,406.15,400.0,403.35,420.82500000000016,0.4703088266450042,15.021008403361407,4.75,3.75,1,0,0,0,1
2018-02-14,405.0,416.8,405.0,413.0,419.01071428571447,0.528529354658968,34.39099283520983,1.6499999999999773,1.25,0,0,0,1,1
2018-02-15,421.5,424.0,409.55,411.7,416.36428571428587,0.5405550929265841,32.69424823410694,8.5,16.5,0,0,1,1,1
2018-02-16,414.0,415.6,402.35,405.45,414.1464285714287,0.5543028052334115,29.084380610412907,2.3000000000000114,-7.5,0,1,1,1,1
2018-02-19,407.5,407.5,388.65,393.85,411.0892857142859,0.6432735387283045,28.672566371681413,2.0500000000000114,-6.5,1,1,1,1,1
2018-02-20,394.0,398.0,387.2,394.9,408.707142857143,0.6752235833343413,36.087866108786564,0.14999999999997726,-13.5,1,1,1,1,0
2018-02-21,396.5,398.75,389.75,395.6,406.332142857143,0.682925586073138,39.80044345898004,1.6000000000000227,2.5,1,1,1,0,0
2018-02-22,395.0,406.2,392.75,404.0,404.56428571428586,0.5842895112570714,47.07602339181286,-0.6000000000000227,-1.5,1,1,0,0,0
2018-02-23,405.1,409.25,402.0,406.5,403.74642857142874,0.3819687117214631,51.34874759152214,1.1000000000000227,10.100000000000023,1,0,0,0,0
2018-02-26,407.5,417.0,407.5,415.05,404.2357142857145,0.10403569174399904,64.76540938362467,1.0,2.3999999999999773,0,0,0,0,1
2018-02-27,417.0,417.0,409.65,410.45,404.6392857142859,0.02103047621997794,56.501831501831475,1.9499999999999886,9.5,0,0,0,1,0
2018-02-28,410.0,412.35,403.1,408.35,404.7357142857145,-0.06534630120209545,45.058448459086094,-0.44999999999998863,-7.0,0,0,1,0,1
2018-03-01,408.35,413.75,405.0,406.1,404.80714285714305,-0.0949904253499661,44.1666666666667,0.0,-1.6499999999999773,0,1,0,1,0
2018-03-05,404.95,411.45,400.1,403.95,405.1607142857145,0.051215532250533526,48.29157175398634,-1.150000000000034,-3.400000000000034,1,0,1,0,1
2018-03-06,406.7,413.75,395.15,405.25,405.29642857142875,0.1135524494616977,66.96428571428567,2.75,1.75,0,1,0,1,0
2018-03-07,398.95,398.95,372.25,376.95,402.7214285714287,0.14279018947565836,35.250616269515234,-6.300000000000011,-7.75,1,0,1,0,0
2018-03-08,379.0,393.0,369.7,387.95,401.02500000000015,0.11252492595427839,44.624033731553034,2.0500000000000114,-19.94999999999999,0,1,0,0,1
2018-03-09,392.0,393.65,373.8,377.9,399.057142857143,0.3145876570313207,32.074175824175825,4.050000000000011,13.0,1,0,0,1,0
2018-03-12,382.0,389.2,377.0,386.6,398.5392857142859,0.5659778716497532,37.40506329113928,4.100000000000023,-10.0,0,0,1,0,0
2018-03-13,387.0,391.4,381.15,385.2,397.8464285714287,0.7320082731379103,29.22755741127351,0.39999999999997726,5.0,0,1,0,0,1
2018-03-14,383.1,384.75,376.85,382.1,396.88214285714304,0.8125777986918105,29.850746268656764,-2.099999999999966,-3.8999999999999773,1,0,0,1,0
2018-03-15,383.6,386.4,380.3,382.15,395.3214285714287,0.8062358841220348,30.81991215226938,1.5,0.5,0,0,1,0,0
2018-03-16,377.9,382.25,367.45,370.5,392.7500000000001,0.8404739047755202,27.091377091377083,-4.25,-5.7000000000000455,0,1,0,0,1
2018-03-19,370.0,371.5,355.25,364.3,389.1250000000001,0.8799855212460579,25.749235474006127,-0.5,-7.899999999999977,1,0,0,1,1
2018-03-20,364.3,371.8,360.15,370.0,386.23571428571444,0.8610175651941635,29.541497388276255,0.0,-5.699999999999989,0,0,1,1,1
2018-03-21,372.9,373.75,362.3,363.7,383.0464285714287,0.867732829597139,39.67264224473889,2.8999999999999773,8.599999999999966,0,1,1,1,0
2018-03-22,365.0,365.0,354.1,358.25,379.6285714285715,0.8847207910819264,24.65870307167235,1.3000000000000114,-7.899999999999977,1,1,1,0,1
2018-03-23,355.0,367.0,350.45,362.4,376.66071428571433,0.8705935413061512,35.2941176470588,-3.25,-10.0,1,1,0,1,0
2018-03-26,364.4,368.7,351.5,365.15,373.79642857142863,0.8557507436153549,27.05882352941167,2.0,9.399999999999977,1,0,1,0,1
2018-03-27,368.15,369.4,361.9,365.5,372.97857142857146,0.8662128650348663,28.44638949671767,3.0,3.75,0,1,0,1,1
2018-03-28,364.5,364.5,351.05,354.1,370.56071428571437,0.8764891375836583,24.07407407407402,-1.0,-3.6499999999999773,1,0,1,1,1
2018-04-02,356.0,371.9,356.0,369.7,369.9750000000001,0.8099898357450674,41.04960460100647,1.8999999999999773,-8.5,0,1,1,1,0
2018-04-03,368.5,371.0,362.7,366.4,368.5321428571429,0.7410844198323437,46.650326797385596,-1.1999999999999886,12.5,1,1,1,0,1
2018-04-04,368.0,373.7,363.75,367.8,367.28928571428577,0.6226238373728042,53.10283687943262,1.6000000000000227,-0.5,1,1,0,1,0
2018-04-05,372.0,379.8,371.5,375.95,366.85,0.30859864796390357,55.055225148683085,4.199999999999989,4.0,1,0,1,0,0
2018-04-06,378.45,383.6,374.65,379.3,366.64642857142866,-0.19033292780262645,63.95348837209305,2.5,6.449999999999989,0,1,0,0,1
2018-04-09,380.65,382.8,376.35,377.35,367.1357142857144,-0.4131353432586418,68.22519083969468,1.349999999999966,2.1999999999999886,1,0,0,1,1
2018-04-10,379.0,390.5,378.6,387.25,368.7750000000001,-0.43972645640154084,71.36715391229582,1.6499999999999773,-1.6499999999999773,0,0,1,1,0
2018-04-11,388.0,388.15,375.5,377.9,369.3392857142858,-0.592472377870285,59.84555984555985,0.75,9.0,0,1,1,0,1
2018-04-12,378.0,378.75,369.25,372.35,369.95714285714297,-0.638192867748833,54.896354538956416,0.10000000000002274,-10.0,1,1,0,1,1
2018-04-13,375.8,386.9,372.35,383.1,371.732142857143,-0.45459836434274353,70.92352092352093,3.4499999999999886,-2.1999999999999886,1,0,1,1,0
2018-04-16,381.75,389.0,379.25,387.5,373.52500000000015,-0.10649928049046563,65.31841652323581,-1.3500000000000227,5.949999999999989,0,1,1,0,1
2018-04-17,391.5,393.95,382.0,383.4,374.8285714285716,0.15470083196473794,64.43123938879458,4.0,9.75,1,1,0,1,1
2018-04-18,385.25,387.7,380.2,384.95,376.21785714285727,0.37494609470877277,64.5215918712955,1.8500000000000227,-6.25,1,0,1,1,0
2018-04-19,387.3,390.7,383.45,386.55,378.5357142857144,0.6069541688945417,60.095238095238116,2.3500000000000227,2.0500000000000114,0,1,1,0,1
2018-04-20,386.0,387.25,378.95,381.15,379.35357142857157,0.5738670603506397,51.69569202566449,-0.5500000000000114,-1.3000000000000114,1,1,0,1,1
2018-04-23,381.45,389.55,375.55,386.35,380.7785714285716,0.6138113606595036,57.78546712802767,0.30000000000001137,-4.550000000000011,1,0,1,1,1
2018-04-24,387.25,394.5,387.1,392.25,382.52500000000015,0.6863486572671383,54.64684014869888,0.8999999999999773,5.800000000000011,0,1,1,1,0
2018-04-25,394.0,397.45,390.2,391.9,383.6642857142859,0.7121709411965192,65.62499999999997,1.75,6.75,1,1,1,0,0
2018-04-26,388.65,398.5,388.1,397.1,384.9357142857144,0.7645814474903199,77.84026996625411,-3.25,-5.350000000000023,1,1,0,0,1
2018-04-27,398.3,405.9,398.3,402.45,386.72857142857157,0.7924391133197541,74.77592829705493,1.1999999999999886,9.650000000000034,1,0,0,1,1
2018-04-30,405.8,411.3,402.4,407.3,388.1607142857144,0.8951105318470478,75.06329113924042,3.3500000000000227,7.5,0,0,1,1,1
2018-05-02,408.0,411.2,397.3,401.1,389.81785714285735,0.898075594170545,71.27403846153845,0.6999999999999886,2.1999999999999886,0,1,1,1,1
2018-05-03,399.7,406.3,393.55,397.0,391.5785714285716,0.8438281159183001,63.646659116647754,-1.400000000000034,-8.300000000000011,1,1,1,1,0
2018-05-04,401.95,409.6,391.3,408.25,393.3750000000001,0.8708317066743974,70.1672862453531,4.949999999999989,2.25,1,1,1,0,1
2018-05-07,410.0,414.3,405.95,412.4,395.1535714285715,0.9178338279966417,79.73358705994286,1.75,8.050000000000011,1,1,0,1,0
2018-05-08,413.1,415.65,410.1,412.8,397.25357142857155,0.9273815228910188,77.69633507853399,0.7000000000000455,3.1000000000000227,1,0,1,0,0
2018-05-09,412.1,415.3,409.6,413.35,399.282142857143,0.9296734783290823,74.88207547169809,-0.6999999999999886,-1.0,0,1,0,0,0
2018-05-10,413.85,414.4,409.1,410.8,401.0142857142859,0.9086788934158347,71.18834080717488,0.5,1.75,1,0,0,0,0
2018-05-11,412.35,414.5,410.85,412.7,403.26785714285734,0.8913841721385671,68.88619854721546,1.5500000000000114,-1.5,0,0,0,0,0
2018-05-14,413.95,414.0,407.4,409.95,404.9535714285716,0.8420230398744804,59.68992248062014,1.25,1.599999999999966,0,0,0,0,0
2018-05-15,399.0,412.0,397.4,409.15,406.1607142857144,0.7736245144472665,52.66955266955262,-10.949999999999989,-14.949999999999989,0,0,0,0,0
2018-05-16,407.75,409.75,400.25,403.1,406.96071428571446,0.5634145798691282,52.89855072463768,-1.3999999999999773,8.75,0,0,0,0,0
2018-05-17,404.0,405.5,395.6,397.9,407.0178571428573,0.1991928451923674,51.264044943820195,0.8999999999999773,-3.75,0,0,0,0,0
2018-05-18,396.15,397.1,384.05,389.5,406.09285714285727,-0.110061790128441,21.374045801526705,-1.75,-7.850000000000023,0,0,0,0,1
2018-05-21,389.35,392.55,381.5,383.7,404.40714285714296,-0.19474924472737842,8.284883720930296,-0.14999999999997726,-6.7999999999999545,0,0,0,1,0
2018-05-22,382.7,389.05,377.75,379.75,402.8821428571429,-0.280459910529893,6.455862977602081,-1.0,-6.650000000000034,0,0,1,0,0
2018-05-23,379.8,383.1,373.5,374.25,401.2571428571429,-0.3259671123068173,4.428904428904374,0.05000000000001137,-2.8999999999999773,0,1,0,0,0
2018-05-24,374.95,378.6,364.7,371.25,398.6142857142858,-0.10167385439650985,4.382929642445163,0.6999999999999886,-4.850000000000023,1,0,0,0,1
2018-05-25,371.5,382.0,366.5,379.9,396.29285714285726,0.18487272111466546,17.265469061876217,0.25,-3.4499999999999886,0,0,0,1,0
2018-05-28,382.5,383.45,376.2,378.9,393.8714285714286,0.437745956014737,17.890382626680434,2.6000000000000227,11.0,0,0,1,0,0
2018-05-29,379.8,383.85,373.2,377.85,391.33571428571435,0.5866178895970554,17.798353909465007,0.9000000000000341,-2.6999999999999886,0,1,0,0,0
2018-05-30,374.0,378.95,370.0,374.4,388.7357142857143,0.6690603803085704,18.80434782608691,-3.8500000000000227,-5.800000000000011,1,0,0,0,1
2018-05-31,375.5,397.6,369.25,392.15,387.26785714285717,0.5451898980100947,45.08966695132365,1.1000000000000227,1.5,0,0,0,1,1
2018-06-01,394.1,395.4,382.3,387.6,385.67142857142863,0.4336164989730787,48.263254113345546,1.9500000000000455,18.600000000000023,0,0,1,1,1
2018-06-04,388.0,388.95,376.05,378.55,383.4857142857144,0.3679765000942943,45.55651423641072,0.39999999999997726,-6.100000000000023,0,1,1,1,1
2018-06-05,378.75,379.35,371.5,373.6,381.3785714285715,0.3059223564883875,44.78371501272266,0.19999999999998863,-9.25,1,1,1,1,1
2018-06-06,374.0,377.5,373.35,375.8,379.8000000000001,0.15418312420900168,51.392632524708006,0.39999999999997726,-4.75,1,1,1,1,0
2018-06-07,378.0,384.8,376.55,380.05,379.1250000000001,-0.058650502766379994,57.7328646748682,2.1999999999999886,4.0,1,1,1,0,0
2018-06-08,381.0,382.75,375.1,380.5,378.8964285714287,-0.20266291730396124,50.616016427104746,0.9499999999999886,3.0,1,1,0,0,0
2018-06-11,384.0,387.7,380.1,382.3,379.0785714285716,-0.2898607423214529,53.434343434343475,3.5,3.0,1,0,0,0,0
2018-06-12,384.0,390.75,382.35,388.9,380.1250000000001,-0.2755028207788586,60.03633060853766,1.6999999999999886,0.0,0,0,0,0,0
2018-06-13,391.15,392.0,381.6,382.85,380.9535714285716,-0.08062549388371709,57.32870771899398,2.25,7.149999999999977,0,0,0,0,1
2018-06-14,383.65,383.65,372.05,374.45,380.56428571428586,-0.0015620815648279918,31.677018633540342,0.7999999999999545,-7.5,0,0,0,1,1
2018-06-15,369.8,375.9,369.8,372.95,380.1392857142859,0.11639382982831566,33.81215469613254,-4.649999999999977,-13.849999999999966,0,0,1,1,0
2018-06-18,373.0,375.75,369.2,370.55,379.6178571428573,0.28923580881837563,39.637305699481836,0.05000000000001137,3.1999999999999886,0,1,1,0,0
2018-06-19,369.55,371.7,361.4,362.45,378.7642857142859,0.5901969138082959,36.646706586826284,-1.0,-3.4499999999999886,1,1,0,0,1
2018-06-20,363.0,366.75,357.2,365.65,376.87142857142874,0.5199864304322844,38.12865497076018,0.5500000000000114,-6.550000000000011,1,0,0,1,0
2018-06-21,369.0,374.8,365.95,366.9,375.3928571428573,0.472503148977047,33.45911949685528,3.3500000000000227,6.0,0,0,1,0,1
2018-06-22,364.9,367.35,361.2,365.8,374.482142857143,0.5680012873446232,31.80693069306929,-2.0,-4.100000000000023,0,1,0,1,1
2018-06-25,366.0,367.75,359.05,361.15,373.5928571428572,0.7001507720305411,25.549132947976815,0.19999999999998863,1.1000000000000227,1,0,1,1,0
2018-06-26,361.0,366.55,356.4,362.9,372.67142857142863,0.7282094806782617,16.145833333333314,-0.14999999999997726,-5.0,0,1,1,0,0
2018-06-27,362.0,365.05,355.15,361.1,371.3178571428572,0.7507019294788134,18.155197657393828,-0.8999999999999773,1.0,1,1,0,0,0
2018-06-28,359.7,364.45,358.15,361.8,369.98214285714295,0.7531590816653381,26.08695652173911,-1.400000000000034,-2.3000000000000114,1,0,0,0,1
2018-06-29,364.45,377.4,359.05,373.15,369.3285714285715,0.6015604982312468,50.275482093663896,2.6499999999999773,4.75,0,0,0,1,1
2018-07-02,371.0,373.9,359.15,362.8,367.4642857142858,0.5915515812138668,41.24293785310732,-2.1499999999999773,6.550000000000011,0,0,1,1,1
2018-07-03,362.5,365.45,360.25,362.75,366.02857142857147,0.5219923095963387,50.414364640883996,-0.30000000000001137,-8.5,0,1,1,1,1
2018-07-04,362.95,363.5,355.95,359.95,364.9928571428572,0.4934096727680657,42.03910614525139,0.19999999999998863,0.44999999999998863,1,1,1,1,1
2018-07-05,361.35,363.4,355.6,361.9,364.2035714285715,0.39015668460140074,43.150684931506824,1.400000000000034,-1.599999999999966,1,1,1,1,0
2018-07-06,361.9,370.9,358.35,365.75,363.8607142857143,0.13648254523517442,49.936305732484065,0.0,0.5499999999999545,1,1,1,0,1
2018-07-09,367.0,369.9,365.6,366.95,364.1821428571429,0.12470491611230376,58.100558659217924,1.25,5.100000000000023,1,1,0,1,0
2018-07-10,367.55,375.3,367.55,370.45,364.52500000000003,-0.06055942245533962,60.05326231691083,0.6000000000000227,0.5500000000000114,1,0,1,0,0
2018-07-11,369.9,378.3,368.0,373.5,364.9964285714286,-0.25373030243249456,65.97938144329896,-0.5500000000000114,2.349999999999966,0,1,0,0,0
2018-07-12,374.4,375.7,368.6,369.35,365.25000000000006,-0.34867377976286174,58.934911242603576,0.8999999999999773,4.5,1,0,0,0,0
2018-07-13,374.0,377.3,367.5,370.4,365.91071428571433,-0.2733187303261403,45.69640062597808,4.649999999999977,-0.39999999999997726,0,0,0,0,0
2018-07-16,370.5,372.3,358.5,360.05,365.70714285714297,-0.17164862645019766,45.69640062597808,0.10000000000002274,-3.5,0,0,0,0,0
