2016-08-29,467.65,474.45,464.65,467.1,465.43214285714294,0.48460286733889224,56.30996309963101,-2.0,-1.3500000000000227,1,1,0,1,1
2016-08-30,466.25,478.65,466.25,474.4,466.38214285714287,0.539599213421182,61.25336927223721,-0.8500000000000227,-1.3999999999999773,0,0,0,1,1
2016-08-31,472.6,483.0,469.45,472.4,467.2142857142857,0.5551502278706384,57.38045738045737,-1.7999999999999545,6.350000000000023,0,0,1,1,1
2016-09-01,472.7,475.45,464.3,466.8,467.79285714285714,0.45376909421711104,34.44544634806127,0.30000000000001137,0.0999999999999659,1,1,1,1,1
2016-09-02,464.0,473.9,464.0,470.1,468.6178571428572,0.3331408698070794,39.57597173144876,-2.8000000000000114,-8.699999999999989,1,1,1,1,0
2016-09-06,470.3,482.0,465.75,480.1,470.2178571428572,0.2718405307440917,74.39724454649837,0.19999999999998863,6.300000000000011,1,1,0,0,1
2016-09-07,480.9,494.25,479.85,488.85,472.1535714285715,0.4029261374386024,75.9956942949409,0.7999999999999545,10.599999999999966,0,0,0,0,1
2016-09-08,488.0,498.3,482.25,484.05,472.1535714285715,0.751263030562545,70.24875621890554,-0.8500000000000227,7.100000000000023,0,0,0,1,1
2016-09-09,488.4,488.4,474.0,475.7,471.7107142857144,0.892634990716674,57.44292237442922,4.349999999999966,0.39999999999997726,0,1,1,1,1
2016-09-12,466.3,467.45,446.3,452.6,471.26428571428585,0.4877549277195267,38.74587458745876,-9.399999999999977,-22.099999999999966,1,1,1,1,1
2016-09-14,453.3,485.0,453.3,481.75,472.482142857143,0.5078246749309558,57.15681485100146,0.6999999999999886,-13.0,1,1,1,1,1
2016-09-15,481.0,515.25,474.65,508.65,475.69285714285724,0.6573666053236782,64.04264042640428,-0.75,27.69999999999999,0,0,0,0,0
2016-09-16,514.85,518.8,487.55,495.45,477.68571428571437,0.7061051354099862,58.65565152084116,6.2000000000000455,33.85000000000002,0,0,0,1,1
2016-09-19,496.9,501.1,485.1,490.55,479.17857142857156,0.7006267709515602,58.965647414118536,1.4499999999999886,-17.950000000000045,0,0,1,1,1
2016-09-20,489.0,499.0,483.35,487.5,480.6357142857144,0.6438977702771123,56.580937972768524,-1.5500000000000114,-7.899999999999977,1,1,1,1,1
2016-09-21,490.8,495.75,480.3,488.65,481.6535714285715,0.6296433606423514,53.46574787190919,3.3000000000000114,1.8000000000000114,1,1,1,1,1
2016-09-22,498.0,510.8,491.75,508.25,484.21428571428584,0.7042722195399792,57.228017883755584,9.350000000000023,7.199999999999989,0,0,0,0,0
2016-09-23,506.0,506.95,493.5,496.3,486.3214285714287,0.6555283982938632,54.33321542270959,-2.25,8.0,1,0,1,0,1
2016-09-26,492.9,506.45,489.25,497.05,488.2464285714287,0.6068747709771496,57.981308411214975,-3.400000000000034,-13.100000000000023,0,1,0,1,1
2016-09-27,501.0,509.2,493.2,494.65,489.28571428571433,0.5728122768498679,68.59796550199026,3.9499999999999886,8.100000000000023,1,0,1,1,1
2016-09-28,498.85,506.95,495.35,503.5,490.3321428571429,0.6325091792313514,61.72506738544474,4.2000000000000455,-2.1499999999999773,0,1,1,1,1
2016-09-29,506.0,508.35,469.4,481.15,490.125,0.5142021004733884,34.410430839002274,2.5,7.149999999999977,1,1,1,1,1
2016-09-30,482.0,511.0,477.0,505.15,492.2285714285714,0.5058958947384123,54.89898989898989,0.8500000000000227,-24.0,1,1,1,1,1
2016-10-03,514.0,534.0,501.3,531.25,497.84642857142853,0.5240187496573036,66.93011647254573,8.850000000000023,32.0,0,0,0,1,1
2016-10-04,536.0,536.0,516.5,523.9,500.8571428571428,0.5768342816034797,64.61847389558231,4.75,22.0,1,1,1,1,1
2016-10-05,524.7,532.95,524.7,527.4,502.1964285714285,0.7881907208450333,65.27394560504531,0.8000000000000682,-11.299999999999955,0,1,1,1,1
2016-10-06,529.4,539.1,520.1,524.25,504.2535714285714,0.835799632708454,57.2463768115942,2.0,4.699999999999932,1,1,1,1,1
2016-10-07,526.5,566.95,524.25,562.85,509.4178571428571,0.8799964157939738,74.27946005107623,2.25,-2.8999999999999773,0,0,0,0,0
2016-10-10,562.0,564.9,551.8,557.55,514.4214285714286,0.9057252399327522,71.36299435028243,-0.8500000000000227,35.5,0,0,0,0,0
2016-10-13,555.8,555.8,523.7,536.3,517.825,0.8569420687177982,62.979121221564334,-1.75,-6.2000000000000455,1,0,1,0,1
2016-10-14,538.0,546.9,532.15,541.95,520.2321428571429,0.8646861188548284,62.225755166931634,1.7000000000000455,-17.799999999999955,0,1,0,0,0
2016-10-17,541.5,545.0,521.3,525.25,522.3,0.7735867674009661,64.54485488126647,-0.4500000000000455,3.5,1,1,1,1,1
2016-10-18,528.0,545.35,526.5,543.3,525.6035714285714,0.7502147575145937,63.09646412633022,2.75,-13.5,0,0,0,0,0
2016-10-19,543.3,546.8,530.7,533.2,528.3571428571429,0.6663496470291421,50.75202468183573,0.0,15.299999999999955,1,0,1,0,1
2016-10-20,535.0,548.9,534.1,537.3,530.7714285714286,0.5975707014285138,55.3006329113924,1.7999999999999545,-8.299999999999955,0,0,0,1,0
2016-10-21,538.95,538.95,526.25,531.8,534.3892857142857,0.37720824824633714,51.71339563862927,1.650000000000091,3.9500000000000455,1,1,1,1,1
2016-10-24,533.0,540.0,529.15,534.1,536.4571428571429,0.1021975233919361,53.86123088984713,1.2000000000000455,-5.9500000000000455,0,1,1,1,1
2016-10-25,536.65,538.0,527.75,532.35,536.5357142857144,0.009880046778831822,33.186328555678074,2.5499999999999545,3.6499999999999773,1,1,1,1,1
2016-10-26,531.95,550.5,527.25,539.75,537.6678571428573,-0.12134175116808017,40.40948275862071,-0.39999999999997726,-4.699999999999932,0,1,1,1,0
2016-10-27,538.0,544.5,529.7,534.8,538.1964285714288,-0.3129289712128564,49.01960784313726,-1.75,6.0499999999999545,1,1,1,0,0
2016-10-28,540.0,555.35,532.7,547.0,539.8214285714288,-0.5441706129679731,53.04033714629738,5.2000000000000455,2.0,1,0,0,0,0
2016-10-30,550.95,552.4,547.3,549.25,538.8500000000001,-0.16531128755659613,67.49271137026241,3.9500000000000455,10.950000000000045,0,0,0,0,0
2016-11-01,550.0,552.05,541.05,543.0,537.8107142857144,0.2988436314733159,49.73591549295779,0.75,-0.9500000000000455,0,0,0,0,0
2016-11-02,537.0,538.8,523.35,534.4,537.6750000000001,0.27461082340211135,51.08499095840862,-6.0,-13.0,0,0,0,0,0
2016-11-03,534.2,541.8,526.3,528.9,536.7428571428572,0.39971362743054584,42.59259259259263,-0.1999999999999318,-2.7999999999999545,0,0,0,0,1
2016-11-04,526.1,534.1,507.1,521.05,536.4428571428573,0.06844849896541995,40.897544453852696,-2.7999999999999545,-8.100000000000023,1,1,0,1,0
2016-11-07,525.0,533.55,522.2,528.4,535.3785714285715,0.3463782413016094,45.55382215288609,3.9500000000000455,-1.1000000000000227,0,0,1,0,0
2016-11-08,529.9,536.15,522.75,525.7,534.8428571428573,0.45037313026809805,44.88854727132977,1.5,4.899999999999977,0,1,0,0,0
2016-11-09,505.05,516.5,475.0,504.0,532.4642857142858,0.869132318274792,27.473219911783275,-20.650000000000034,-24.849999999999966,1,0,0,0,0
2016-11-10,512.4,537.1,511.0,532.65,532.525,0.7731351236864804,48.95681707908783,8.399999999999977,7.349999999999966,0,0,0,0,0
2016-11-11,526.0,532.2,495.2,500.25,530.1071428571429,0.8588851911008341,31.034482758620683,-6.649999999999977,13.600000000000023,0,0,0,0,0
2016-11-15,503.9,505.3,478.55,488.8,526.9964285714285,0.9138980672407174,27.18006795016987,3.6499999999999773,-22.100000000000023,1,0,0,0,0
2016-11-16,486.1,500.0,482.4,490.9,523.5071428571429,0.9152583212987944,29.69602494154323,-2.6999999999999886,-17.799999999999955,0,0,0,0,0
2016-11-17,490.1,496.85,476.85,479.45,519.5535714285713,0.9293954051427352,29.050705299275634,-0.7999999999999545,4.0,0,0,0,0,0
2016-11-18,475.0,479.45,456.35,458.85,513.2571428571429,0.9474413650882619,26.051282051282044,-4.449999999999989,-15.100000000000023,0,0,0,0,1
2016-11-21,458.0,458.0,436.35,438.8,505.36785714285713,0.9665513138002401,24.045440201956453,-0.8500000000000227,-17.0,1,1,1,1,1
2016-11-22,446.95,456.4,440.05,451.4,498.82499999999993,0.9481462273918747,26.481368356750124,8.149999999999977,-11.050000000000011,0,0,1,1,1
2016-11-23,451.4,451.4,440.15,447.6,492.625,0.9333417679668036,26.3046116504854,0.0,4.449999999999989,0,1,1,1,1
2016-11-24,443.0,456.0,436.8,444.4,486.5892857142857,0.9210780923967525,29.63089542036907,-4.600000000000023,-8.399999999999977,1,1,1,1,1
2016-11-25,450.05,462.85,446.65,459.85,482.21785714285716,0.8723773165039158,22.65214124718257,5.650000000000034,7.050000000000011,1,1,1,1,0
2016-11-28,459.85,465.6,456.0,460.7,477.38214285714287,0.8217880617543754,30.526834071885744,0.0,9.800000000000011,1,1,1,0,1
2016-11-29,464.7,473.2,460.5,464.75,473.02857142857147,0.7495427498720626,37.22782793414762,4.0,4.849999999999966,1,0,0,1,1
2016-11-30,465.2,476.0,462.2,470.8,470.6571428571429,0.653823210519138,39.7553516819572,0.44999999999998863,0.5,0,0,1,1,0
2016-12-01,467.1,469.95,459.15,461.8,465.59642857142865,0.5498592696348233,40.77365394668062,-3.6999999999999886,1.900000000000034,0,1,1,1,1
2016-12-02,455.0,457.4,434.15,436.7,461.05714285714294,0.5203957813767264,38.94158761857213,-6.800000000000011,-12.100000000000023,1,1,1,1,1
2016-12-05,456.0,497.7,450.0,492.6,461.32857142857154,0.13147183161006928,69.77941176470588,19.30000000000001,1.0,0,0,0,1,1
2016-12-06,504.0,505.0,471.65,474.1,460.12857142857155,-0.20597639495895778,57.9985905567301,11.399999999999977,48.0,0,1,1,1,1
2016-12-07,479.6,483.0,465.85,470.05,459.457142857143,-0.5172185795060266,57.89658811115018,5.5,-24.399999999999977,1,1,1,1,1
2016-12-08,477.0,484.8,473.55,481.2,461.05357142857156,-0.6450514254519167,62.25849433710859,6.949999999999989,-2.6000000000000227,1,1,1,1,1
2016-12-09,484.7,525.8,478.0,517.4,466.66785714285726,-0.4856906398172979,66.8422592917764,3.5,7.699999999999989,0,0,0,0,0
2016-12-12,510.0,517.65,496.8,499.1,470.07500000000016,-0.42693598611053135,60.19649495485927,-7.399999999999977,25.30000000000001,0,1,0,0,0
2016-12-13,503.95,511.4,492.8,496.9,473.59642857142865,-0.2645246697266581,58.62161437382675,4.849999999999966,-6.050000000000011,1,0,0,0,0
2016-12-14,500.85,508.4,495.2,499.15,477.5071428571429,0.04840205083441621,57.7607445934848,3.9500000000000455,-3.099999999999966,0,0,0,0,0
2016-12-15,499.15,504.8,492.5,495.95,480.08571428571435,0.28182648303687746,59.655074922250485,0.0,-1.7000000000000455,0,0,0,0,0
2016-12-16,499.6,502.7,492.9,494.3,482.4857142857144,0.43826719621692584,68.77444589308998,3.650000000000034,0.4500000000000455,0,0,0,0,0
2016-12-19,494.3,494.5,480.3,485.4,483.96071428571435,0.4482809093121638,46.61654135338344,0.0,-5.300000000000011,1,1,1,1,0
2016-12-20,486.4,504.0,485.85,492.9,485.5392857142857,0.46078735807465043,59.85324947589096,1.0,-7.900000000000034,0,0,0,0,0
2016-12-21,496.0,497.3,485.25,489.25,487.5,0.41229711220453114,60.10526315789474,3.1000000000000227,9.600000000000023,0,0,0,0,0
2016-12-22,487.0,492.2,484.0,488.1,491.17142857142863,0.23355380690250535,54.05882352941179,-2.25,-9.0,1,0,0,0,1
2016-12-23,486.25,494.4,479.25,489.15,490.925,0.22591430938391807,21.664994984954802,-1.8500000000000227,-0.75,0,0,0,0,1
2016-12-26,487.0,487.0,469.35,471.45,490.7357142857142,-0.09311951327690249,21.928934010152204,-2.1499999999999773,0.75,1,1,1,1,1
2016-12-27,473.7,483.9,471.25,482.25,491.6071428571428,-0.501502385140425,37.33794295592048,2.25,-13.300000000000011,0,1,1,1,1
2016-12-28,480.0,489.9,478.0,479.2,491.46428571428567,-0.8591211669545341,32.99232736572888,-2.25,6.300000000000011,1,1,1,1,1
2016-12-29,479.15,492.6,474.65,488.9,489.4285714285714,-0.7764659980657529,44.589409056024536,-0.05000000000001137,-0.8500000000000227,1,1,1,1,1
2016-12-30,490.0,498.4,490.0,492.4,488.9499999999999,-0.7206661977218255,48.582089552238784,1.1000000000000227,10.850000000000023,1,1,1,1,1
2017-01-02,493.0,503.7,490.0,501.6,489.2857142857142,-0.5733518640012376,62.035661218425005,0.6000000000000227,3.0,1,1,1,1,1
2017-01-03,501.5,525.9,499.0,523.55,491.0285714285714,-0.11845859030667587,68.7461773700306,-0.10000000000002274,8.5,1,1,1,1,1
2017-01-04,527.5,537.5,522.1,523.9,493.025,0.17485626912822727,72.08413001912047,3.9500000000000455,26.0,1,1,1,1,1
2017-01-05,534.95,535.6,523.2,532.25,495.7357142857142,0.4819088502395894,75.7734967892586,11.050000000000068,7.4500000000000455,0,1,1,1,1
2017-01-06,535.1,537.8,528.0,532.05,499.0678571428571,0.6317293967606213,75.29481132075469,2.8500000000000227,0.14999999999997726,1,1,1,1,0
2017-01-09,535.5,545.65,529.4,539.15,502.37142857142857,0.7513738402247835,95.61994609164414,3.4500000000000455,0.39999999999997726,0,0,1,0,0
2017-01-10,539.15,542.65,529.9,533.95,505.5642857142857,0.7528653535963277,87.68221574344025,0.0,3.6499999999999773,1,1,0,0,0
2017-01-11,534.6,539.5,533.1,536.25,509.0035714285714,0.7531218371918716,92.04126750184233,0.6499999999999773,-4.5499999999999545,1,0,0,0,0
2017-01-12,539.0,542.2,524.8,539.25,512.5821428571428,0.752995655334319,91.16925592804583,2.75,4.399999999999977,0,0,0,0,0
2017-01-13,544.0,544.0,528.8,531.1,516.8428571428572,0.7186076846263916,79.4072948328268,4.75,5.0,0,0,0,0,0
2017-01-16,530.4,534.6,525.0,527.1,520.0464285714286,0.6585900615616611,71.03960396039608,-0.7000000000000455,-13.600000000000023,0,0,1,0,0
2017-01-17,526.25,535.0,522.35,525.3,523.3392857142858,0.5892990103442668,52.16316440049444,-0.8500000000000227,-4.149999999999977,1,1,0,0,0
2017-01-18,527.0,533.2,518.8,526.4,526.0178571428572,0.47222034710002736,53.03398058252427,1.7000000000000455,0.75,1,0,0,0,1
2017-01-19,527.0,535.6,524.15,529.85,528.6928571428573,0.3104337779707962,46.694214876033094,0.6000000000000227,0.0,0,0,0,1,1
2017-01-20,530.5,537.25,516.0,517.8,529.8500000000001,-0.25882848473978065,35.202492211838035,0.6499999999999773,3.5,1,1,1,1,1
2017-01-23,517.9,524.9,515.05,519.4,529.5535714285714,-0.5251588798353012,26.84642438452525,0.10000000000002274,-12.600000000000023,1,1,1,1,1
2017-01-24,520.25,526.35,520.25,524.8,529.6178571428572,-0.7510695756712132,39.32322053675606,0.8500000000000227,2.3500000000000227,1,1,1,1,1
2017-01-25,526.05,540.8,524.2,538.35,530.0535714285716,-0.6194512831421465,51.94085027726434,1.25,5.7999999999999545,0,0,0,1,1
2017-01-27,535.05,544.0,535.0,537.7,530.4571428571429,-0.5415560971442116,48.50241545893725,-3.300000000000068,9.0,0,0,1,1,1
2017-01-30,539.7,544.45,530.75,533.35,530.0428571428573,-0.40102305133342653,52.34619395203335,2.0,4.650000000000091,0,1,1,1,1
2017-01-31,534.4,537.6,525.0,529.6,529.732142857143,-0.37378989924453854,52.62054507337525,1.0499999999999545,-5.300000000000068,1,1,1,1,1
2017-02-01,530.0,553.7,525.85,550.4,530.7428571428574,-0.05200208248854495,68.81559220389802,0.39999999999997726,-4.399999999999977,1,1,1,1,1
2017-02-02,549.6,559.9,544.0,551.65,531.6285714285716,0.3042855271738454,68.88556469708298,-0.7999999999999545,19.600000000000023,1,1,1,1,1
2017-02-03,606.8,699.9,606.8,683.35,542.5035714285716,0.8025227479869835,89.33880061506918,55.14999999999998,57.19999999999993,1,1,1,1,1
2017-02-06,698.8,719.0,682.25,689.25,554.0857142857145,0.9286665615283962,95.36914527652819,15.449999999999932,92.0,1,1,1,1,1
2017-02-07,691.0,699.9,677.3,693.05,566.0678571428573,0.9191552312713581,95.42244310750719,1.75,-7.7999999999999545,1,1,1,1,1
2017-02-08,698.0,717.55,696.45,704.95,578.8214285714287,0.9053493933864049,95.5729825449026,4.9500000000000455,7.0,1,1,1,1,1
2017-02-09,708.55,774.0,707.0,737.65,593.6642857142858,0.9103494138586501,95.9640221402214,3.599999999999909,10.549999999999955,0,0,0,0,0
2017-02-10,742.9,744.8,717.7,724.35,608.4178571428573,0.8911610427084176,90.67334931357595,5.25,34.35000000000002,0,1,0,0,0
2017-02-13,718.25,727.95,707.1,712.7,622.2250000000003,0.860007835820108,87.87750791974659,-6.100000000000023,-24.649999999999977,1,1,1,0,0
2017-02-14,718.8,740.8,700.2,733.25,637.114285714286,0.8475786281497667,90.15973180832185,6.099999999999909,0.5499999999999545,0,0,0,0,0
2017-02-15,732.0,733.9,718.2,720.9,650.1535714285717,0.8176068145952384,84.78172174622604,-1.25,13.200000000000045,1,0,0,0,0
2017-02-16,716.0,733.2,708.2,723.5,663.4250000000002,0.7861258474225007,84.86508419557721,-4.899999999999977,-16.0,0,0,0,0,0
2017-02-17,723.2,724.1,700.1,703.0,675.5428571428573,0.7209349472649464,57.26432532347505,-0.2999999999999545,7.2000000000000455,0,0,0,1,1
2017-02-20,690.0,713.25,673.05,698.3,687.5928571428573,0.6299374107891219,53.37560611712046,-13.0,-33.200000000000045,1,0,1,1,1
2017-02-21,694.0,707.9,690.0,702.85,698.482142857143,0.5013667654017554,53.635014836795285,-4.2999999999999545,4.0,0,1,1,1,1
2017-02-22,704.9,707.7,692.1,697.15,708.8750000000001,0.18382962952944099,46.96734059097975,2.0499999999999545,10.899999999999977,1,1,1,1,1
2017-02-23,690.5,708.0,688.8,705.05,710.4250000000001,-0.05045595788969098,34.296724470134876,-6.649999999999977,-14.399999999999977,1,1,1,1,1
2017-02-27,705.95,715.5,701.5,708.9,711.8285714285714,-0.29174513139161,41.81240063593004,0.900000000000091,15.450000000000045,1,1,0,1,1
2017-02-28,712.8,723.5,708.45,713.2,713.2678571428572,-0.5624895084756106,50.28735632183907,3.8999999999999773,6.849999999999909,1,0,1,1,1
2017-03-01,717.7,726.0,714.15,724.0,714.6285714285715,-0.6627736205706093,44.012944983818784,4.5,4.900000000000091,0,1,1,1,1
2017-03-02,724.9,728.05,704.4,707.65,712.4857142857144,-0.5475467789730114,41.846153846153875,0.8999999999999773,7.199999999999932,1,1,1,1,1
2017-03-03,702.0,728.95,702.0,726.2,712.6178571428572,-0.35506164751820846,51.38888888888891,-5.649999999999977,-22.899999999999977,1,1,1,1,1
2017-03-06,722.0,739.0,720.3,735.9,714.275,-0.264113840401131,69.03935185185179,-4.2000000000000455,20.0,1,1,1,1,1
2017-03-07,734.05,745.0,728.95,743.3,714.9928571428571,0.11537364992887088,75.25252525252522,-1.8500000000000227,12.049999999999955,0,0,1,0,1
2017-03-08,742.9,746.3,733.7,738.3,716.2357142857143,0.3174982918056759,69.79341150195415,-0.39999999999997726,8.850000000000023,1,1,1,1,1
2017-03-09,736.0,745.65,721.5,741.9,717.55,0.6108631837662576,75.58604917095481,-2.2999999999999545,-6.899999999999977,1,0,1,1,1
2017-03-10,741.55,755.85,736.0,745.6,720.592857142857,0.7114007547761857,74.35435435435436,-0.35000000000002274,5.5499999999999545,0,1,1,1,1
2017-03-14,755.0,758.8,738.65,740.55,723.6107142857143,0.7698604096500363,68.73889875666069,9.399999999999977,13.450000000000045,1,1,1,1,1
2017-03-15,744.0,755.0,741.0,749.4,726.9357142857142,0.8206169552893547,70.33707865168533,3.4500000000000455,-11.0,1,1,1,1,0
2017-03-16,752.0,768.4,749.3,763.65,731.6857142857142,0.846181246197842,71.44402379664679,2.6000000000000227,8.0,0,0,0,0,0
2017-03-17,764.15,770.0,749.0,751.2,734.9821428571429,0.8009133552405286,74.59062676453982,0.5,12.149999999999977,1,1,0,0,1
2017-03-20,751.5,765.0,746.85,760.95,738.7,0.8189493739704815,71.78683385579937,0.2999999999999545,-12.649999999999977,0,0,0,0,0
2017-03-21,761.45,768.0,748.5,757.4,741.8571428571429,0.8173785649418498,64.60597826086953,0.5,9.950000000000045,0,0,0,1,1
2017-03-22,754.0,754.0,740.1,742.7,743.1928571428572,0.7080998765332749,49.62917181705816,-3.3999999999999773,-7.4500000000000455,1,1,1,1,1
2017-03-23,742.9,753.0,742.7,750.6,746.2607142857144,0.6929603417776993,57.338902147971396,0.1999999999999318,-11.100000000000023,1,1,1,1,1
2017-03-24,755.0,760.0,750.2,755.9,748.3821428571429,0.6650482169711806,58.187134502923975,4.399999999999977,12.100000000000023,1,1,1,1,1
2017-03-27,756.05,763.1,748.45,760.35,750.1285714285715,0.6608492519412035,58.55072463768116,0.14999999999997726,1.0499999999999545,1,1,1,1,1
2017-03-28,762.05,785.4,762.05,781.4,752.8500000000001,0.6970269732335024,69.97555012224942,1.6999999999999318,6.0,1,1,1,1,1
2017-03-29,782.9,795.9,782.5,789.4,756.5000000000001,0.7174247221115623,69.72386587771206,1.5,20.850000000000023,0,1,1,1,0
2017-03-30,785.0,792.9,781.45,788.25,759.8107142857144,0.7553094776446498,63.9297848244621,-4.399999999999977,2.1000000000000227,1,1,1,0,0
2017-03-31,791.95,797.85,788.0,790.65,763.0285714285716,0.7986107920121239,75.20766773162939,3.7000000000000455,6.9500000000000455,1,1,0,0,0
2017-04-03,792.0,798.65,788.0,795.25,766.9357142857144,0.8124979777674459,73.4610123119015,1.3500000000000227,0.049999999999954525,1,0,0,0,0
2017-04-05,796.2,802.2,791.6,795.75,770.2464285714287,0.8391521056570702,77.37330478229843,0.9500000000000455,4.2000000000000455,0,0,0,0,0
2017-04-06,794.0,799.65,781.0,786.75,771.8964285714288,0.8779856623081891,84.22688422688424,-1.75,-2.2000000000000455,0,0,1,0,0
2017-04-07,782.6,786.0,771.6,773.6,773.4964285714287,0.7857281664927657,66.52298850574715,-4.149999999999977,-11.399999999999977,1,1,1,1,1
2017-04-10,770.0,789.0,768.5,786.25,775.3035714285716,0.780637978843845,69.72059779077325,-3.6000000000000227,-12.600000000000023,1,0,0,1,1
2017-04-11,781.0,795.2,781.0,793.5,777.882142857143,0.7731949155184222,70.78369905956114,-5.25,11.0,0,0,0,1,1
2017-04-12,794.9,798.5,781.5,784.6,780.8750000000001,0.6703834923352825,52.36686390532549,1.3999999999999773,13.899999999999977,0,1,1,1,1
2017-04-13,788.2,793.0,777.25,781.75,783.1000000000001,0.5043189014603793,43.87510008006406,3.6000000000000227,-6.699999999999932,1,1,1,1,1
2017-04-17,784.95,792.5,780.25,789.2,785.4785714285716,0.3295660237335484,50.69090909090912,3.2000000000000455,-3.25,1,1,1,1,1
2017-04-18,790.45,811.8,789.75,800.65,788.357142857143,0.15981258411182966,56.426735218509,1.25,5.5,1,1,1,1,1
2017-04-19,807.85,848.8,797.05,843.45,792.7892857142859,0.4443144616838885,70.77586206896554,7.2000000000000455,17.399999999999977,1,1,1,1,1
2017-04-20,861.0,901.75,860.0,897.2,800.489285714286,0.6858462159122486,79.97045790251109,17.549999999999955,53.14999999999998,1,1,1,1,1
2017-04-21,900.0,939.7,900.0,936.75,811.0964285714289,0.8437854107845906,87.53753753753755,2.7999999999999545,39.0,0,0,0,0,0
2017-04-24,946.0,946.0,920.3,929.5,821.0142857142861,0.9117979980925837,90.20113460546673,9.25,46.0,0,0,0,0,0
2017-04-25,928.95,934.5,918.95,926.9,830.4178571428574,0.9299430037913807,88.25129181397878,-0.5499999999999545,-17.049999999999955,0,0,0,0,0
2017-04-26,929.0,940.5,914.0,924.35,839.6035714285717,0.9228411043356668,86.5196762489534,2.1000000000000227,0.049999999999954525,0,0,0,0,0
2017-04-27,928.0,929.4,918.05,923.85,849.3964285714289,0.9008469684906348,90.77598828696925,3.6499999999999773,-1.0,0,1,0,0,0
2017-04-28,924.7,934.0,916.5,921.75,859.9785714285717,0.8662301267703353,91.17647058823529,0.8500000000000227,-3.2999999999999545,1,0,0,0,0
2017-05-02,924.0,936.0,919.0,923.95,869.814285714286,0.8313488918773596,90.89529590288316,2.25,-0.7000000000000455,0,0,0,0,0
2017-05-03,919.0,923.65,872.0,880.7,876.0428571428575,0.7248398830354623,70.3637751208344,-4.9500000000000455,-5.0,1,0,0,0,0
2017-05-04,885.0,904.7,874.0,889.9,883.564285714286,0.623649799210113,64.2528382939552,4.2999999999999545,-34.0,0,0,0,0,1
2017-05-05,889.0,889.2,849.3,852.75,888.6357142857147,0.3974113654067329,34.81380252818583,-0.8999999999999773,4.0,1,1,1,1,1
2017-05-08,855.0,868.2,850.35,856.55,893.4464285714288,0.09819556626816564,13.743218806509887,2.25,-34.0,1,1,1,1,1
2017-05-09,855.9,867.6,853.1,858.9,897.6071428571431,-0.35429487271658305,16.603595080416227,-0.6499999999999773,0.8999999999999773,1,1,1,1,1
2017-05-10,859.9,870.85,854.4,862.5,898.9678571428574,-0.7647873719640802,19.82193064667291,1.0,4.0,1,1,1,1,1
2017-05-11,862.55,919.8,862.55,908.2,899.7535714285716,-0.8177290235949494,44.61127794461128,0.049999999999954525,2.6499999999999773,0,1,0,0,0
2017-05-12,905.95,905.95,880.0,883.7,895.964285714286,-0.7957675743531474,38.45268909979869,-2.25,43.40000000000009,1,1,1,0,0
2017-05-15,885.5,928.0,885.4,912.2,894.7285714285717,-0.7110015871610021,47.61548064918853,1.7999999999999545,-20.450000000000045,0,0,0,0,0
2017-05-16,908.2,909.0,890.2,894.7,892.4285714285718,-0.6646894596817053,43.21503131524008,-4.0,22.700000000000045,0,0,0,0,0
2017-05-17,894.9,899.15,880.5,887.05,889.7642857142861,-0.6152593116253287,51.76437899416502,0.1999999999999318,-13.300000000000068,0,0,0,0,0
2017-05-18,888.0,917.9,865.2,871.35,886.0142857142861,-0.5065385865517921,45.02547599892734,0.9500000000000455,-6.899999999999977,0,0,0,0,0
2017-05-19,877.0,895.1,813.5,852.4,881.0607142857145,-0.20160164890393775,49.895988112927185,5.649999999999977,-11.0,0,0,0,0,0
2017-05-22,860.0,873.55,834.0,844.85,875.4107142857146,0.3582689307930676,46.59883720930235,7.600000000000023,-17.0,0,0,0,0,0
2017-05-23,848.0,849.9,806.55,813.5,870.6107142857145,0.6491953484875771,38.706467661691555,3.1499999999999773,-12.0,0,0,0,0,0
2017-05-24,819.0,826.95,777.0,783.3,862.9964285714287,0.831088516818902,32.60105448154657,5.5,-29.0,1,1,0,1,1
2017-05-25,784.8,807.5,777.95,792.55,858.6964285714287,0.8763602340970152,19.74888830761182,1.5,-34.200000000000045,1,0,1,1,1
2017-05-26,792.0,814.15,789.0,808.9,855.2928571428573,0.8898985594297778,29.56284153005464,-0.5499999999999545,7.2000000000000455,0,0,0,0,1
2017-05-29,799.0,810.85,779.1,781.45,849.7607142857145,0.9325962458459268,14.06979939543831,-9.899999999999977,7.0,1,1,1,1,1
2017-05-30,787.2,804.8,768.5,797.8,845.1392857142858,0.9471708655215337,23.202433628318545,5.75,-11.799999999999955,1,1,1,1,1
2017-05-31,798.7,829.0,791.55,798.0,837.2678571428572,0.912561189799967,24.31496971445054,0.900000000000091,11.5,1,1,1,1,1
2017-06-01,802.0,817.95,794.0,803.7,831.5535714285716,0.8674008518864168,29.2929292929293,4.0,3.2999999999999545,1,1,1,1,1
2017-06-02,807.0,838.85,801.4,834.35,825.9928571428572,0.7160936948695009,44.8443301913739,3.2999999999999545,5.0,1,0,0,0,0
2017-06-05,840.0,854.35,834.5,839.95,822.0821428571429,0.503701075369016,48.58463316002311,5.649999999999977,33.0,0,0,0,0,0
2017-06-06,839.0,841.7,802.35,813.9,816.857142857143,0.32876820796875134,50.119189511323,-0.9500000000000455,-1.0,1,1,0,0,0
2017-06-07,818.9,831.95,818.75,825.3,813.5678571428572,0.028803042224118527,64.09395973154363,5.0,-20.100000000000023,0,0,0,0,1
2017-06-08,830.0,833.7,810.1,818.65,811.157142857143,-0.26948988792365186,58.91393442622951,4.7000000000000455,11.100000000000023,0,0,0,1,1
2017-06-09,817.1,822.4,791.3,795.7,807.6464285714286,-0.4926529540383937,45.68627450980394,-1.5499999999999545,-12.899999999999977,1,1,1,1,1
2017-06-12,798.0,815.5,790.0,808.6,807.2964285714287,-0.5790943555920255,59.804983748645725,2.2999999999999545,-19.100000000000023,1,1,1,1,1
2017-06-13,812.0,819.8,805.0,813.0,809.4178571428573,-0.4862925548204348,56.00790513833994,3.3999999999999773,14.0,1,1,1,1,1
2017-06-14,816.8,831.25,806.0,826.95,811.8750000000002,-0.4449435711736861,60.32085561497328,3.7999999999999545,4.7999999999999545,0,1,1,1,1
2017-06-15,826.7,836.35,817.65,824.75,813.0071428571431,-0.5112697370214417,57.696526508226675,-0.25,9.900000000000091,1,1,1,1,1
2017-06-16,827.0,843.6,823.0,839.0,817.1178571428574,-0.28431320096234336,51.931865392604884,2.25,0.2999999999999545,1,1,1,0,0
2017-06-19,845.0,865.0,842.7,859.45,821.5214285714289,0.02000788533640256,57.21153846153846,6.0,18.0,0,0,0,0,0
2017-06-20,862.0,863.75,843.4,845.4,824.9071428571432,0.4226488407383892,62.78409090909091,2.5499999999999545,17.0,1,0,0,0,0
2017-06-21,845.0,853.9,837.4,848.3,828.0928571428574,0.8276570838157976,60.026155187445504,-0.39999999999997726,-17.0,0,0,0,0,0
2017-06-22,849.4,851.5,827.55,832.6,827.9678571428574,0.7993906327566792,55.63636363636366,1.1000000000000227,4.399999999999977,0,0,0,0,0
2017-06-23,833.1,835.9,806.05,809.25,825.7750000000002,0.6237809839104017,55.45710833668947,0.5,-16.299999999999955,0,0,0,1,1
2017-06-27,810.0,816.0,785.1,792.2,824.2250000000003,0.42436091141630794,43.60872954014031,0.75,-23.100000000000023,1,1,1,1,1
2017-06-28,792.2,812.4,778.8,808.05,822.9928571428574,0.37529231303667826,48.228980322003565,0.0,-17.799999999999955,0,1,1,1,1
2017-06-29,812.0,818.55,802.75,806.8,822.1464285714288,0.3342111075269891,42.07005116096022,3.9500000000000455,19.799999999999955,1,1,1,1,1
2017-06-30,804.8,821.0,794.05,816.4,823.6250000000001,0.19079303301089748,46.89475641502416,-2.0,-7.2000000000000455,1,0,1,1,1
2017-07-03,821.8,837.6,819.6,826.5,824.9035714285716,0.09055530466858755,45.203376822716805,5.399999999999977,17.0,0,0,0,1,1
2017-07-04,826.5,831.5,812.05,815.5,825.0821428571429,-0.0386387819175192,31.81630119983447,0.0,4.7000000000000455,1,1,1,1,1
2017-07-05,816.5,827.4,816.3,824.95,824.9392857142858,-0.026443852555491403,41.20430107526883,1.0,-10.0,1,1,1,0,1
2017-07-06,825.0,829.9,818.5,825.5,824.9928571428572,-0.04131383287997219,39.99122036874452,0.049999999999954525,8.5,1,1,0,1,1
2017-07-07,825.0,839.8,819.7,828.0,824.2071428571429,0.17484261370944645,47.71598808341607,-0.5,0.0,1,0,0,1,1
2017-07-10,830.0,842.0,827.1,830.0,822.1035714285715,0.49022696073645555,63.074984247006945,2.0,5.0,0,0,0,1,1
2017-07-11,833.0,834.8,816.2,819.05,820.2214285714286,0.4541513797268849,68.32764505119448,3.0,3.0,1,1,1,1,1
2017-07-12,818.0,829.0,814.1,826.4,818.657142857143,0.057706299975150636,64.16988416988416,-1.0499999999999545,-15.0,1,1,1,1,1
2017-07-13,827.0,833.9,819.0,829.2,818.4142857142858,-0.28038432030536997,66.8929110105581,0.6000000000000227,9.0,1,1,0,1,0
2017-07-14,826.5,839.55,821.3,830.95,819.9642857142859,-0.2897708293542352,62.44653550042774,-2.7000000000000455,-0.5,1,0,1,0,0
2017-07-17,829.0,838.3,821.8,831.95,822.8035714285716,-0.19719024304613372,55.52178318135768,-1.9500000000000455,2.5,0,1,0,0,0
2017-07-18,830.0,845.0,824.05,827.5,824.1928571428573,-0.1636214692058133,64.01869158878499,-1.9500000000000455,1.0,1,0,0,0,0
2017-07-19,829.15,839.7,827.2,836.6,826.3214285714288,-0.03460039591132076,63.72202591283855,1.6499999999999773,-0.8500000000000227,0,0,0,0,0
2017-07-20,839.5,843.05,822.0,825.75,826.989285714286,-0.022002774423221794,50.23696682464455,2.8999999999999773,10.350000000000023,0,0,0,0,0
2017-07-21,826.0,832.1,783.15,806.3,825.5464285714288,-0.18624716516375805,34.4332855093257,0.25,-13.5,1,1,0,0,0
2017-07-24,806.0,816.6,805.0,810.6,825.1964285714288,-0.20874038889455157,36.52777777777786,-0.2999999999999545,-20.0,1,0,0,0,0
2017-07-25,810.6,819.9,808.95,813.5,824.3785714285716,-0.23995843446852735,45.660672400312805,0.0,4.600000000000023,0,0,0,0,0
2017-07-26,816.0,818.1,801.15,804.35,822.8678571428574,-0.20826481753983989,33.2319391634982,2.5,5.399999999999977,0,0,0,0,0
2017-07-27,806.0,814.5,791.55,794.65,820.4857142857145,-0.04678178979652307,26.22161046111495,1.6499999999999773,-10.0,1,0,0,1,1
2017-07-28,795.0,804.5,792.15,797.1,818.1357142857145,0.14953990206024276,26.925698704839874,0.35000000000002274,-11.0,0,0,1,0,0
2017-07-31,798.1,804.0,773.65,780.35,815.3714285714289,0.4261783426941145,21.043771043771116,1.0,3.1000000000000227,1,1,1,1,0
2017-08-01,783.0,797.1,777.6,782.45,812.2321428571432,0.6359285707328217,24.03458213256495,2.6499999999999773,-15.100000000000023,1,1,1,0,0
2017-08-02,785.5,801.6,781.0,798.5,810.039285714286,0.6863694355252554,29.669156883671306,3.0499999999999545,2.5,0,0,0,0,0
2017-08-03,798.5,807.45,785.4,796.5,807.5785714285718,0.7092227619704137,32.76370064820273,0.0,13.0,0,0,0,0,0
2017-08-04,801.45,801.45,780.8,786.3,804.3178571428573,0.7455294720879511,36.7724867724868,4.9500000000000455,2.9500000000000455,0,0,0,0,0
2017-08-07,780.0,787.7,747.25,754.6,799.1107142857145,0.8306302766230146,22.815533980582515,-6.2999999999999545,-21.450000000000045,0,0,0,0,0
2017-08-08,759.2,760.4,722.0,725.6,791.182142857143,0.8960906254093421,15.95662277304416,4.600000000000023,-20.799999999999955,0,0,0,1,1
2017-08-09,722.5,729.85,697.0,705.55,782.5964285714288,0.9301789029113829,14.714285714285722,-3.1000000000000227,-36.700000000000045,0,1,1,1,1
2017-08-10,697.9,702.35,652.45,680.8,773.632142857143,0.9570194096276765,13.286036762334732,-7.649999999999977,-24.600000000000023,1,1,1,1,1
2017-08-11,663.0,720.8,663.0,706.9,766.2250000000001,0.9440943607356127,24.762171236709563,-17.799999999999955,-34.89999999999998,1,1,1,1,1
2017-08-14,730.0,757.55,715.7,750.7,761.7392857142859,0.8381918431520128,42.79465370595384,23.100000000000023,67.0,0,1,0,0,0
2017-08-16,751.05,757.9,737.5,748.45,757.7464285714287,0.7522050491442404,41.743564837299665,0.34999999999990905,21.049999999999955,1,0,0,0,0
2017-08-17,758.0,772.2,745.0,752.8,754.757142857143,0.663113780806534,38.23377960865086,9.549999999999955,6.9500000000000455,0,0,0,0,0
2017-08-18,746.95,756.1,736.25,742.4,750.8500000000001,0.591347096625364,36.64856860809476,-5.849999999999909,-11.049999999999955,0,0,0,0,0
2017-08-21,745.1,747.25,711.0,719.25,746.4857142857144,0.586694738613684,34.44676409185804,2.7000000000000455,-1.8500000000000227,0,0,0,0,0
2017-08-22,731.0,731.0,693.0,698.15,740.4642857142857,0.5992047177972581,36.22834837765308,11.75,-14.100000000000023,1,1,1,1,1
2017-08-23,696.0,718.2,691.5,714.65,734.475,0.5239189792990094,47.1551052221356,-2.1499999999999773,-35.0,0,1,0,0,0
2017-08-24,715.0,725.0,708.0,712.45,728.4714285714286,0.4008697417539056,51.97594501718215,0.35000000000002274,19.0,1,0,0,0,1
2017-08-28,721.0,721.0,709.5,715.5,723.4142857142858,0.18521031388961165,61.34728580771748,8.549999999999955,6.0,0,0,0,1,1
2017-08-29,710.5,716.4,698.1,701.4,719.6142857142858,0.08569106131685261,48.04826117814052,-5.0,-10.5,1,0,1,1,1
2017-08-30,704.9,714.65,699.3,704.15,718.0821428571428,0.12119293159549487,26.69003505257878,3.5,-5.600000000000023,0,1,1,1,1
2017-08-31,703.0,708.0,692.35,696.45,717.4321428571429,0.31202260776829344,25.308641975308575,-1.1499999999999773,-1.8999999999999773,1,1,1,1,1
2017-09-01,710.3,782.4,710.0,768.3,723.6821428571429,0.41946972971244545,54.48495370370371,13.849999999999909,7.2999999999999545,1,1,1,1,1
2017-09-04,765.0,812.8,753.3,807.4,730.8607142857144,0.3549276863792492,66.12903225806454,-3.2999999999999545,54.700000000000045,1,1,1,0,1
2017-09-05,820.0,839.0,815.2,826.2,736.2535714285715,0.2649698299720446,77.12401724575199,12.600000000000023,55.0,1,1,0,1,1
2017-09-06,814.25,848.4,813.15,832.55,742.2607142857142,0.3231439157646774,86.84210526315793,-11.950000000000045,-5.75,1,0,0,0,0
2017-09-07,840.0,846.0,831.1,833.15,748.0,0.44968626880688595,85.58558558558563,7.4500000000000455,25.75,0,0,0,0,1
2017-09-08,840.65,841.15,794.1,806.95,752.6107142857144,0.5702832173764152,74.80314960629924,7.5,0.6499999999999773,1,1,1,1,1
2017-09-11,815.9,836.0,813.0,828.4,760.407142857143,0.7123111895674102,77.02249880325517,8.949999999999932,-24.75,0,0,1,0,1
2017-09-12,840.0,840.0,821.8,826.25,769.5571428571429,0.7861788197315652,81.69586189388176,11.600000000000023,24.100000000000023,0,1,0,1,1
2017-09-13,834.0,834.45,808.2,812.5,776.5464285714287,0.7647397259476767,76.05193556143308,7.75,-6.0,1,1,1,1,1
2017-09-14,818.0,840.0,813.9,836.4,785.4,0.7642777001725748,81.21793441891592,5.5,-16.0,0,1,1,1,0
2017-09-15,830.0,836.0,815.0,824.1,793.157142857143,0.7204939130989398,66.95018226002435,-6.399999999999977,12.0,1,1,1,1,0
2017-09-18,829.0,856.0,826.8,849.7,803.7500000000001,0.7063380291226102,63.99735274652552,4.899999999999977,-1.0,1,0,0,0,0
2017-09-19,855.0,865.5,843.15,850.35,814.1928571428573,0.6764663382738605,59.082361790146685,5.2999999999999545,26.0,0,0,0,0,0
2017-09-20,852.0,856.0,838.45,841.65,824.5642857142858,0.6930045873005103,53.362897265336294,1.6499999999999773,-3.0,0,0,0,0,0
2017-09-21,842.0,847.65,815.05,829.55,828.9392857142858,0.5848280268996903,48.77384196185285,0.35000000000002274,-10.0,0,0,0,0,0
2017-09-22,831.3,850.9,812.0,819.75,829.8214285714287,0.3453920759251778,54.907975460122685,1.75,-10.700000000000045,0,0,0,0,0
2017-09-25,819.45,825.5,773.45,783.45,826.7678571428572,-0.008905341501025309,34.52667814113599,-0.2999999999999545,-11.849999999999909,0,0,0,0,0
2017-09-26,788.8,790.5,750.8,771.5,822.4071428571431,-0.1401483222220519,32.34440503063527,5.349999999999909,-30.65000000000009,0,0,0,0,0
2017-09-27,780.0,785.7,735.95,743.85,816.0285714285717,-0.17753485683860626,29.683338265759105,8.5,-8.799999999999955,0,1,1,1,1
2017-09-28,743.7,746.85,717.45,733.7,810.7964285714288,-0.2527860068910401,16.913659793814446,-0.14999999999997726,-36.299999999999955,1,1,1,1,1
2017-09-29,740.85,768.8,737.05,762.05,806.057142857143,-0.19708131170281795,31.883211678832083,7.149999999999977,-2.8500000000000227,1,1,1,1,1
2017-10-03,770.5,776.2,763.0,766.6,801.7964285714288,-0.09870438116925223,22.33688415446069,8.450000000000045,29.649999999999977,1,1,1,1,1
2017-10-04,770.0,773.95,756.0,768.4,798.6464285714288,-0.007045337667234255,22.926990419557285,3.3999999999999773,-0.5,1,1,1,1,1
2017-10-05,768.4,792.85,767.7,780.75,794.6714285714288,0.19094956203515576,30.35483870967741,0.0,-1.6000000000000227,1,1,1,1,1
2017-10-06,782.95,790.0,770.45,784.85,791.8678571428574,0.30757189351500885,34.79591836734696,2.2000000000000455,14.550000000000068,1,1,0,1,1
2017-10-09,788.8,800.9,775.5,793.7,787.8678571428574,0.36346791132146444,41.081821294077386,3.949999999999932,5.849999999999909,1,0,1,1,1
2017-10-10,799.0,822.0,795.0,817.7,785.5357142857146,0.21069798622131294,62.80373831775701,5.2999999999999545,10.200000000000045,0,0,0,0,0
2017-10-11,823.0,826.3,778.1,783.55,781.3857142857145,0.0648323304658911,53.86341776210322,5.2999999999999545,24.0,1,1,1,1,1
2017-10-12,790.0,796.8,779.3,794.05,778.8500000000003,-0.2249859495693984,68.08357348703166,6.4500000000000455,-33.0,1,1,1,1,1
2017-10-13,796.5,806.5,792.15,799.8,777.4250000000002,-0.6320318613327176,74.59077380952377,2.4500000000000455,6.5,1,1,1,1,1
2017-10-16,800.15,819.7,800.15,817.0,779.8214285714287,-0.8016821248444086,72.29208924949288,0.35000000000002274,3.6499999999999773,0,0,0,0,0
2017-10-17,816.0,825.0,810.1,815.8,782.9857142857144,-0.8901613165853961,70.5170975813177,-1.0,15.850000000000023,0,0,0,0,0
2017-10-18,815.7,829.65,808.3,813.75,787.9785714285715,-0.8433953559251574,68.87224302954638,-0.09999999999990905,-0.2999999999999545,0,0,0,0,1
2017-10-19,817.3,828.3,800.6,808.3,793.3071428571428,-0.7099238533668442,62.163355408388476,3.5499999999999545,1.599999999999909,0,0,0,1,1
2017-10-23,811.9,816.0,796.4,803.85,796.2928571428572,-0.5504707380790712,58.362676056338024,3.6000000000000227,-5.399999999999977,1,1,1,1,1
2017-10-24,806.95,813.45,797.05,804.95,799.032142857143,-0.3240802630179121,55.31412376003778,3.1000000000000227,-4.949999999999932,1,1,1,1,1
2017-10-25,810.35,814.45,796.8,807.8,801.8464285714286,-0.043858025451907826,44.1558441558441,5.399999999999977,3.3999999999999773,1,1,1,1,1
2017-10-26,808.95,824.65,795.0,815.9,804.3571428571429,0.20319784024890633,77.57885763000856,1.150000000000091,-1.3999999999999773,1,1,1,1,1
2017-10-27,819.45,858.05,815.4,843.45,808.5428571428572,0.5305846374385998,82.6287978863937,3.550000000000068,10.5,0,1,1,1,1
2017-10-30,850.0,854.9,830.8,834.15,811.4321428571428,0.6304391503314355,71.6719242902208,6.5499999999999545,30.549999999999955,1,1,1,1,1
2017-10-31,838.0,872.8,834.2,856.5,814.2035714285713,0.7434566181574173,73.40047393364927,3.8500000000000227,-12.0,0,0,1,1,1
2017-11-01,856.5,872.55,847.25,853.3,819.1857142857142,0.7830987627071142,71.70138888888886,0.0,18.5,1,1,1,1,1
2017-11-02,857.7,865.0,849.6,854.75,823.5214285714285,0.7997628939905763,73.89277389277385,4.400000000000091,1.2000000000000455,1,1,1,1,1
2017-11-03,861.0,885.0,856.0,881.55,829.3607142857143,0.8327023143937864,84.18105459636021,6.25,3.2999999999999545,1,0,0,1,0
2017-11-06,874.0,913.0,865.45,903.85,835.5642857142857,0.9048370781523205,89.99999999999993,-7.5499999999999545,13.0,0,0,0,0,0
2017-11-07,906.95,915.8,870.2,878.75,840.0607142857143,0.9340363301510949,74.76510067114089,3.1000000000000227,32.950000000000045,0,1,0,0,0
2017-11-08,881.7,889.2,866.35,872.15,844.2321428571429,0.9219722836000749,71.063829787234,2.9500000000000455,-25.25,1,1,0,0,0
2017-11-09,876.0,886.9,848.1,882.4,849.525,0.9057254410555065,71.46546158812133,3.8500000000000227,-5.7000000000000455,0,0,0,0,0
2017-11-10,873.55,887.4,865.6,872.45,854.4250000000001,0.851812597058451,60.56081573197377,-8.850000000000023,-2.4500000000000455,0,0,0,0,0
2017-11-13,893.0,893.0,844.05,856.7,858.1214285714286,0.7267375979960683,57.84347826086958,20.549999999999955,19.450000000000045,0,0,0,0,0
2017-11-14,855.0,863.1,846.0,851.8,861.2642857142857,0.5424996854330091,48.13935075217734,-1.7000000000000455,-38.0,0,0,0,0,0
2017-11-15,859.0,859.0,826.65,831.5,862.3785714285715,0.16625028880681617,42.398884239888446,7.2000000000000455,4.0,1,1,1,1,1
2017-11-16,837.5,849.0,832.05,845.55,862.5285714285714,-0.028015525146709467,47.051282051282044,6.0,-21.5,0,0,1,1,1
2017-11-17,855.0,855.0,839.75,842.55,863.1285714285714,-0.3299601988792209,35.249621785173986,9.450000000000045,17.5,0,1,1,1,1
2017-11-20,840.5,845.0,827.0,835.6,861.6357142857142,-0.48903235755394553,20.79589216944798,-2.0499999999999545,-14.5,1,1,1,1,1
2017-11-21,838.55,857.15,836.6,848.85,861.3178571428572,-0.6616636585612539,35.76190476190476,2.949999999999932,-1.9500000000000455,1,1,1,1,1
2017-11-22,854.9,878.0,843.1,874.5,862.7285714285715,-0.7976216092329316,50.94719871019751,6.0499999999999545,16.350000000000023,1,1,1,1,1
2017-11-23,883.0,885.9,867.0,879.15,862.5571428571429,-0.7432142055606038,48.62811312790207,8.5,28.100000000000023,0,1,1,1,0
2017-11-24,883.0,883.55,872.1,877.35,860.6642857142858,-0.5486225282715014,52.22121486854034,3.8500000000000227,0.0,1,1,1,0,0
2017-11-27,875.0,889.7,866.05,884.1,861.0464285714287,-0.4221222828895268,63.52418558736428,-2.3500000000000227,-8.0,1,0,0,0,0
2017-11-28,881.8,896.0,876.0,887.35,862.132142857143,-0.355931803284148,67.83743100852993,-2.300000000000068,6.7999999999999545,0,0,0,0,0
2017-11-29,880.25,893.45,878.3,882.4,862.132142857143,-0.1548018474708734,80.18979833926457,-7.100000000000023,-1.5499999999999545,0,0,0,0,0
2017-11-30,880.0,881.9,864.0,869.6,861.9285714285716,-0.04247013821255182,64.47922937989169,-2.3999999999999773,-0.25,0,0,0,0,0
2017-12-01,873.95,888.0,841.6,854.45,861.7678571428572,-0.18009930505877605,56.25000000000006,4.350000000000023,-6.0499999999999545,0,1,0,1,1
2017-12-04,854.0,861.7,828.95,851.7,861.7607142857145,-0.2154451341218623,58.846153846153875,-0.4500000000000455,-19.950000000000045,1,0,1,1,1
2017-12-05,850.0,861.35,838.15,857.8,863.6392857142858,-0.18445141931732825,55.336911150864616,-1.7000000000000455,-4.0,0,0,1,1,1
2017-12-06,850.0,857.75,838.6,842.25,863.4035714285717,-0.26639850448203056,28.13559322033892,-7.7999999999999545,0.0,1,1,1,1,1
2017-12-07,846.8,860.3,826.65,857.6,864.4785714285717,-0.20940161094455903,37.240970988750746,4.5499999999999545,-3.2000000000000455,1,1,1,1,1
2017-12-08,859.55,906.35,843.0,901.75,869.2035714285718,0.3325388138608019,59.62145110410095,1.9499999999999318,12.75,1,0,1,1,1
2017-12-11,907.8,920.0,893.3,906.2,873.3000000000003,0.5513356532191969,58.87550200803214,6.0499999999999545,48.25,0,1,1,1,1
2017-12-12,905.2,908.7,886.1,891.55,874.5178571428575,0.5730709393042159,51.545253863134626,-1.0,-2.599999999999909,1,1,1,1,1
2017-12-13,890.0,937.0,886.25,916.25,877.1678571428574,0.7069379453199621,60.873755220044984,-1.5499999999999545,-15.200000000000045,0,1,1,1,1
2017-12-14,927.0,929.85,901.2,913.0,879.714285714286,0.7762163989687881,64.85284052019163,10.75,37.0,1,1,1,1,1
2017-12-15,930.0,940.75,925.0,934.5,883.3142857142859,0.8693015414528149,76.25450967530335,17.0,3.0,1,1,1,1,1
2017-12-18,933.05,964.0,898.6,951.25,887.8785714285716,0.934042142499595,79.9038750375488,-1.4500000000000455,3.0499999999999545,0,0,1,1,1
2017-12-19,948.6,961.05,933.3,941.2,892.0785714285718,0.9497618590463817,74.4718309859155,-2.6499999999999773,15.550000000000068,0,1,1,1,1
2017-12-20,941.8,948.9,925.15,936.5,896.8571428571431,0.9293370507475652,79.5361955499843,0.599999999999909,-6.800000000000068,1,1,1,1,1
2017-12-21,929.2,999.8,924.2,982.9,906.0321428571431,0.9430201645810674,82.86988457502619,-7.2999999999999545,-12.599999999999909,1,1,1,1,1
2017-12-22,988.0,1007.9,967.0,999.5,916.5892857142859,0.950310469387459,79.97546764796071,5.100000000000023,58.799999999999955,0,1,1,0,0
2017-12-26,986.4,1018.0,986.4,999.45,926.7071428571431,0.9430018367930386,79.38859123857546,-13.100000000000023,-1.6000000000000227,1,1,0,0,0
2017-12-27,1002.0,1017.0,996.0,1005.25,938.3500000000003,0.9451517151363743,87.95060080106812,2.5499999999999545,15.600000000000023,0,0,0,0,0
2017-12-28,1010.0,1013.85,996.45,999.6,948.4928571428574,0.9348578592904956,81.87380497131934,4.75,8.0,0,0,0,1,1
2017-12-29,999.6,1009.6,983.55,990.15,954.807142857143,0.8985759089739418,78.16721431179263,0.0,-10.399999999999977,1,1,1,1,1
2018-01-01,990.15,1007.8,990.15,998.0,961.3642857142859,0.8785195335000507,75.75020275750204,0.0,-9.450000000000045,0,1,1,1,1
2018-01-02,1001.0,1004.9,983.3,995.2,968.7678571428575,0.8580112432854566,70.09602194787384,3.0,10.850000000000023,1,1,1,1,1
2018-01-03,1005.0,1009.75,996.15,1004.7,975.0857142857146,0.8412012779558389,79.18198529411767,9.799999999999955,4.0,1,1,1,1,1
2018-01-04,1007.0,1030.0,1005.0,1028.2,983.314285714286,0.8536573415873026,85.93260188087778,2.2999999999999545,2.0,1,1,1,0,1
2018-01-05,1027.25,1045.0,1019.0,1037.95,990.7035714285719,0.8567937118319784,80.26388125343601,-0.9500000000000455,20.25,1,0,0,1,1
2018-01-08,1038.0,1050.9,1034.15,1044.45,997.3607142857147,0.8609387798361539,77.79839208410642,0.049999999999954525,10.75,0,0,0,1,1
2018-01-09,1046.0,1053.15,1029.35,1032.75,1003.9000000000004,0.8389279334335001,67.99999999999997,1.5499999999999545,8.0,0,1,1,1,1
2018-01-10,1032.05,1036.45,1017.2,1022.15,1010.0178571428576,0.7945365136750998,58.684480986639244,-0.7000000000000455,-13.950000000000045,1,1,1,1,1
2018-01-11,1025.0,1049.1,1013.8,1043.6,1014.3535714285719,0.7913229721357501,69.45181255526077,2.8500000000000227,-7.0499999999999545,1,1,1,1,0
2018-01-12,1050.0,1079.8,1050.0,1077.1,1019.896428571429,0.8243528519724158,81.6988698505286,6.400000000000091,25.0,0,1,0,0,0
2018-01-15,1082.0,1083.95,1066.1,1073.5,1025.1857142857148,0.869411224906014,78.40481565086534,4.900000000000091,32.0,1,0,0,0,0
2018-01-16,1075.0,1097.8,1066.1,1079.15,1030.464285714286,0.9166811612878036,80.92081031307552,1.5,-7.0,0,0,0,0,0
2018-01-17,1077.0,1077.1,1046.4,1058.15,1034.646428571429,0.9126542229134958,68.14940577249577,-2.150000000000091,2.0,0,0,0,0,0
2018-01-18,1060.0,1090.0,1033.1,1039.0,1038.1357142857146,0.8242045161423788,53.778866340097956,1.849999999999909,-17.0,1,0,1,0,0
2018-01-19,1039.0,1055.95,1014.4,1050.2,1041.864285714286,0.7539065280560653,54.24315898856944,0.0,-21.0,0,0,0,0,0
2018-01-22,1048.0,1056.6,1028.55,1033.65,1044.6107142857147,0.5542986951416464,46.50259067357515,-2.2000000000000455,9.0,1,0,1,0,0
2018-01-23,1036.3,1052.6,1032.05,1040.4,1047.1607142857144,0.3163637672426764,52.559384409501526,2.6499999999998636,-11.700000000000045,0,0,0,0,0
2018-01-24,1043.35,1053.15,1020.65,1033.6,1047.5464285714288,0.10517465557697694,53.93065568142805,2.949999999999818,7.0499999999999545,1,0,0,0,0
2018-01-25,1033.6,1049.5,1030.05,1033.7,1047.2428571428575,-0.03852415388672384,46.017699115044316,0.0,-9.75,0,0,0,0,0
2018-01-29,1039.6,1045.8,1017.95,1021.1,1045.5750000000003,-0.15821368351302648,22.920696324951805,5.899999999999864,6.0,1,1,0,0,0
2018-01-30,1021.1,1032.4,1002.3,1027.55,1045.2035714285716,-0.3542040586424907,28.376470588235364,0.0,-18.499999999999886,0,0,0,0,0
2018-01-31,1028.8,1030.0,1015.6,1024.4,1045.3642857142859,-0.7042457481112646,23.614457831325353,1.25,7.699999999999932,0,0,0,0,0
2018-02-01,1028.0,1029.3,976.5,1012.4,1043.1357142857144,-0.8641887491080676,25.857519788918225,3.599999999999909,-0.7999999999999545,0,0,0,0,0
2018-02-02,1005.0,1008.95,935.0,953.15,1034.2821428571428,-0.3069897310833771,18.168335187245134,-7.399999999999977,-23.0,1,0,0,1,1
2018-02-05,947.65,967.0,901.45,953.6,1025.7178571428572,0.3091415186320678,11.079774375503689,-5.5,-57.35000000000002,0,0,1,1,1
2018-02-06,920.3,948.55,893.55,935.75,1015.4750000000001,0.7700399005772771,10.964912280701824,-33.30000000000007,-27.350000000000023,0,1,1,1,1
2018-02-07,936.9,1029.3,924.05,933.1,1006.5428571428573,0.8915135909486511,5.770816158285328,1.1499999999999773,16.600000000000023,1,1,1,1,1
2018-02-08,936.0,1013.25,913.25,1006.55,1004.2250000000001,0.74051413517735,42.80393721734506,2.8999999999999773,-0.8999999999999773,0,0,0,0,0
2018-02-09,951.35,998.0,951.35,973.55,998.75,0.7200134620416706,36.3821598369934,-55.19999999999993,15.350000000000023,1,1,1,0,0
2018-02-12,1000.1,1000.25,971.4,985.1,995.282142857143,0.6572422224261325,41.81073703366697,26.550000000000068,48.75,1,0,0,0,0
2018-02-14,992.0,1026.9,981.4,998.4,992.282142857143,0.5444737599938384,43.56938010147805,6.899999999999977,-8.100000000000023,0,0,0,0,0
2018-02-15,1001.9,1015.5,973.6,979.55,988.4214285714286,0.4811200543237155,40.746853723952945,3.5,9.899999999999977,0,0,0,0,0
2018-02-16,983.85,986.9,920.0,925.1,980.6642857142857,0.5190261525307842,34.673455056179776,4.300000000000068,-18.049999999999955,0,0,1,0,1
2018-02-19,929.0,929.5,871.85,887.8,971.142857142857,0.5943784853187578,37.568955678143425,3.8999999999999773,-54.85000000000002,1,1,1,1,1
2018-02-20,891.0,922.0,888.45,909.05,962.6785714285713,0.600303431642177,42.14701216287677,3.2000000000000455,-38.0,1,0,1,1,1
2018-02-21,918.85,937.9,909.7,932.85,956.1392857142856,0.5200280033067874,49.4993093922652,9.800000000000068,27.850000000000023,0,0,1,1,0
2018-02-22,929.25,929.5,903.15,908.3,948.7035714285713,0.47937917274035524,46.019261637239154,-3.6000000000000227,10.399999999999977,1,1,1,1,1
2018-02-23,914.0,931.95,908.85,928.55,946.9464285714284,0.5329900615193649,34.901277584204436,5.7000000000000455,-15.25,1,1,0,0,0
2018-02-26,930.0,956.5,921.0,948.1,946.5535714285713,0.5240136915015131,44.8029405758628,1.4500000000000455,16.0,1,0,0,0,0
2018-02-27,950.0,955.9,929.6,950.5,947.6071428571428,0.5788761151708516,42.66016122189224,1.8999999999999773,20.0,0,0,0,0,0
2018-02-28,938.0,938.0,921.0,927.8,947.2285714285712,0.6921118123358208,35.59771521827825,-12.5,-12.0,0,0,0,0,0
2018-03-01,920.0,939.0,904.7,916.65,940.8071428571427,0.6352287155011221,36.75231676495368,-7.7999999999999545,-18.0,0,1,0,0,0
2018-03-05,915.0,924.0,908.15,912.25,936.4285714285713,0.6167846183349934,46.57058980517747,-1.6499999999999773,-5.0,1,0,0,0,0
2018-03-06,922.0,944.9,916.65,926.8,932.2642857142855,0.499536204814816,61.84690157958687,9.75,7.0,0,0,0,0,0
2018-03-07,930.0,930.0,885.0,890.55,924.5607142857141,0.3744162587443535,44.849665924276174,3.2000000000000455,8.0,1,0,1,1,1
2018-03-08,896.25,910.0,870.0,898.4,918.7642857142855,0.1433988723533919,39.47448823709135,5.7000000000000455,-33.75,0,0,1,1,1
2018-03-09,907.0,907.05,872.55,879.3,915.4928571428569,0.31770937036999,40.83438685208598,8.600000000000023,10.75,1,1,1,1,1
2018-03-12,889.9,900.9,881.3,893.0,915.8642857142855,0.6804491576712265,38.27893175074187,10.600000000000023,-17.100000000000023,1,1,1,1,1
2018-03-13,889.9,906.0,880.0,900.25,915.2357142857142,0.8146606047387164,32.83100107642626,-3.1000000000000227,0.0,1,1,1,1,0
2018-03-14,890.6,944.4,890.6,931.6,915.1464285714284,0.6652268374242472,44.38502673796792,-9.649999999999977,0.7000000000000455,0,0,0,0,0
2018-03-15,940.0,948.95,917.1,920.7,916.0321428571427,0.6908293996378142,47.73162939297127,8.399999999999977,49.39999999999998,0,0,0,0,0
2018-03-16,921.0,925.3,897.55,903.15,914.217857142857,0.6914349374179879,45.85635359116023,0.2999999999999545,-19.0,1,0,0,0,0
2018-03-19,903.35,914.0,886.0,907.3,911.3035714285713,0.6118334615389457,48.478327697509975,0.20000000000004547,-17.649999999999977,0,0,0,0,0
2018-03-20,910.0,910.0,888.15,892.2,907.1392857142856,0.5054820395804025,39.399509803921596,2.7000000000000455,6.649999999999977,0,0,0,0,0
2018-03-21,894.5,907.8,866.0,872.85,903.2142857142857,0.511771483084824,43.950786056049246,2.2999999999999545,-15.5,0,0,0,0,0
2018-03-22,880.0,881.5,845.0,848.25,898.3285714285714,0.6416469450590377,34.62128181539407,7.149999999999977,-14.5,0,1,1,1,1
2018-03-23,830.0,836.0,803.3,831.25,892.5428571428572,0.7877525819015422,35.073004038521304,-18.25,-50.0,1,1,1,1,1
2018-03-26,834.0,868.85,814.05,864.9,888.1214285714286,0.740043272402445,42.23327805417357,2.75,4.0,0,0,0,1,0
2018-03-27,869.95,872.35,852.0,863.0,886.1535714285716,0.7846620741629509,39.390487040729134,5.050000000000068,35.950000000000045,0,0,1,0,1
2018-03-28,858.0,859.1,837.05,848.6,882.5964285714288,0.8108544265671949,23.83354350567464,-5.0,-11.950000000000045,1,1,1,1,1
2018-04-02,850.9,863.9,845.1,860.0,881.2178571428574,0.834507654595693,30.923947203016937,2.2999999999999545,-7.100000000000023,1,1,1,1,1
2018-04-03,858.0,901.5,853.3,894.0,881.2892857142859,0.7300491861152917,47.3939048704073,-2.0,7.100000000000023,0,0,0,0,0
2018-04-04,893.0,895.0,855.1,860.95,878.4821428571431,0.7227635322146206,38.66471019809246,-1.0,35.0,1,1,1,1,1
2018-04-05,868.5,879.8,867.05,873.05,874.3000000000002,0.6184360358418217,45.24695954331097,7.5499999999999545,-24.5,1,1,1,1,0
2018-04-06,872.1,896.0,869.0,889.8,872.0928571428573,0.3663718005431588,54.262006537591134,-0.9499999999999318,3.6000000000000227,0,0,0,0,0
2018-04-09,890.0,904.0,874.05,878.85,870.357142857143,0.15406085433251832,58.26133909287258,0.20000000000004547,17.899999999999977,0,0,0,1,1
2018-04-10,880.15,886.6,871.4,878.05,868.2678571428572,-0.19796047056720964,63.846153846153854,1.2999999999999545,-9.850000000000023,0,0,1,1,1
2018-04-11,879.5,884.75,866.5,873.85,866.9571428571429,-0.5159972594033804,53.206735936940184,1.4500000000000455,-0.6499999999999773,0,1,1,1,1
2018-04-12,873.0,888.45,859.0,862.2,866.1964285714287,-0.6155871645719521,49.7320830542532,-0.8500000000000227,-6.5,1,1,1,1,1
2018-04-13,869.8,885.9,863.5,879.8,868.45,-0.5853102270492401,60.22950819672131,7.599999999999909,-3.2000000000000455,1,0,1,1,1
2018-04-16,877.1,895.0,870.9,888.9,872.5678571428572,-0.3909862344216224,59.62050599201066,-2.699999999999932,7.300000000000068,0,1,1,0,0
2018-04-17,892.1,893.95,875.0,879.15,873.5857142857143,-0.36165240704259316,44.10480349344975,3.2000000000000455,15.0,1,1,1,1,0
2018-04-18,888.0,906.0,875.65,899.55,876.1964285714286,-0.19514190596133368,67.03442188879082,8.850000000000023,-4.100000000000023,1,0,0,0,0
2018-04-19,903.0,923.85,896.65,915.35,880.9642857142857,0.3067402668123728,68.07692307692312,3.4500000000000455,15.0,0,0,0,0,0
2018-04-20,911.9,912.85,882.3,885.4,882.7785714285714,0.5114173267207736,48.31029185867896,-3.4500000000000455,8.899999999999977,0,0,0,0,0
2018-04-23,889.0,890.9,875.4,879.4,881.7357142857143,0.4103906185428728,50.2195608782435,3.6000000000000227,-22.899999999999977,0,0,0,0,1
2018-04-24,878.0,892.25,861.95,868.2,882.2535714285714,0.38975854680248456,46.36933284187249,-1.3999999999999773,-11.0,0,1,1,1,1
2018-04-25,869.7,875.0,858.2,864.45,881.6392857142857,0.23839912649930972,46.52366863905326,1.5,-8.299999999999955,1,1,1,1,0
2018-04-26,864.45,879.55,860.0,875.35,880.607142857143,0.22691407290094948,54.890293789512825,0.0,-5.25,0,1,0,0,0
2018-04-27,878.0,888.0,868.4,871.65,880.0928571428573,0.18405864790883528,46.61965989216094,2.6499999999999773,13.549999999999955,1,1,0,0,1
2018-04-30,871.5,882.6,871.5,879.8,880.2178571428573,0.1769524783948286,46.19565217391304,-0.14999999999997726,-6.5,0,0,0,1,0
2018-05-02,885.35,906.0,863.35,871.8,880.0714285714286,0.10793366794586272,46.881629189647846,5.550000000000068,13.850000000000023,0,0,1,1,0
2018-05-03,873.6,880.9,854.55,858.85,879.8321428571428,-0.17442845371459484,31.567028985507278,1.8000000000000682,-11.75,1,1,1,1,0
2018-05-04,858.5,867.75,853.15,863.5,878.6678571428572,-0.2106521730600546,23.879093198992393,-0.35000000000002274,-15.100000000000023,1,1,1,0,1
2018-05-07,869.0,885.9,860.2,883.15,878.2571428571429,-0.13038329027782758,48.735244519392914,5.5,10.5,0,0,0,0,1
2018-05-08,887.0,887.0,867.55,874.15,877.9,-0.1344016346681131,47.14518760195758,3.8500000000000227,18.0,0,0,0,1,1
2018-05-09,875.05,887.95,866.15,870.05,875.7928571428572,0.2055327645789054,51.090159104301655,0.8999999999999773,-11.950000000000045,0,0,1,1,1
2018-05-10,871.7,877.85,852.0,855.2,871.4964285714286,0.49494834158317247,45.17978113600833,1.650000000000091,-3.349999999999909,1,1,1,1,1
2018-05-11,860.0,881.0,838.0,868.5,870.2892857142858,0.353960479583798,46.51753940010166,4.7999999999999545,-11.700000000000045,1,1,1,1,1
2018-05-14,905.0,977.8,901.65,963.25,876.2785714285716,-0.056458033562972194,74.18162618796202,36.5,45.0,1,1,1,0,0
2018-05-15,955.0,986.9,946.3,967.15,883.3464285714286,0.2563060351971557,73.58898190656228,-8.25,50.0,1,1,0,0,0
2018-05-16,963.0,982.2,955.35,978.25,891.475,0.5934200009626793,78.27357237715808,-4.149999999999977,8.0,0,0,0,0,0
2018-05-17,979.0,999.0,966.5,974.85,898.5821428571428,0.7049744154088728,82.45663122551767,0.75,16.0,0,0,0,0,0
2018-05-18,971.6,976.15,947.3,952.3,904.342857142857,0.6985412615388252,72.58392675483215,-3.25,-7.399999999999977,0,0,0,0,0
2018-05-21,955.0,956.1,931.0,939.85,908.6321428571429,0.6622199500729393,64.96832101372758,2.7000000000000455,-16.600000000000023,1,0,0,1,1
2018-05-22,940.0,960.0,939.85,946.95,914.0000000000001,0.6462143000490765,69.41333333333336,0.14999999999997726,-15.0,0,0,1,0,0
2018-05-23,946.95,954.4,929.25,936.85,919.5714285714287,0.6009340309425696,67.26098191214473,0.0,6.9500000000000455,0,1,1,1,0
2018-05-24,931.05,944.45,923.15,935.05,924.6821428571429,0.5401582149521887,72.12524244943195,-5.800000000000068,-15.900000000000091,1,1,1,1,0
2018-05-25,938.1,958.0,929.2,950.05,929.4607142857143,0.5137220287149173,72.3853966511117,3.050000000000068,7.050000000000068,0,0,0,0,0
2018-05-28,968.0,968.0,933.45,942.15,934.3178571428572,0.44421828072522845,38.92969569779643,17.950000000000045,29.899999999999977,0,0,0,0,0
2018-05-29,940.0,951.35,932.1,940.2,939.3285714285715,0.3253502374256932,35.56507766470277,-2.1499999999999773,-28.0,0,0,0,0,0
2018-05-30,938.0,946.95,930.1,936.25,945.1178571428572,0.025272690021059085,25.63805104408354,-2.2000000000000455,-2.0,0,0,0,0,0
2018-05-31,939.8,940.95,914.0,917.6,948.6250000000001,-0.824041160058482,21.784130113356355,3.5499999999999545,1.7999999999999545,0,1,0,0,1
2018-06-01,920.0,929.35,855.55,886.55,943.1464285714286,-0.7833382064292312,20.10004547521602,2.3999999999999773,-19.799999999999955,1,1,1,1,1
2018-06-04,899.0,926.0,892.5,920.5,939.8142857142858,-0.7821404676168466,42.63978699125143,12.450000000000045,-21.0,0,0,1,1,0
2018-06-05,915.9,929.7,894.5,902.5,934.4035714285716,-0.6930065865379137,34.38707411310152,-4.600000000000023,16.899999999999977,0,1,1,1,1
2018-06-06,904.0,923.5,896.3,901.45,929.1607142857144,-0.5273885037849848,36.72168042010504,1.5,-11.899999999999977,1,1,1,1,1
2018-06-07,906.8,932.1,905.0,928.9,927.4892857142859,-0.44127218167637133,48.06542938030828,5.349999999999909,2.7999999999999545,0,0,1,1,0
2018-06-08,929.5,941.0,915.75,921.15,926.1535714285716,-0.39128752320380333,40.47462096242584,0.6000000000000227,22.700000000000045,0,1,1,0,0
2018-06-11,929.0,929.0,911.05,918.1,924.0928571428573,-0.23442011190669917,41.81137214845081,7.850000000000023,-0.5,1,1,0,0,0
2018-06-12,918.0,942.0,911.5,938.1,924.1821428571429,-0.2227702297123015,49.36325045482109,-0.10000000000002274,-11.0,0,0,0,0,0
2018-06-13,938.0,950.0,929.1,932.75,924.0178571428572,-0.21503066479502772,48.94768490679494,-0.10000000000002274,20.0,0,0,0,0,0
2018-06-14,932.0,933.7,907.65,912.25,921.3178571428573,-0.10121073751761578,48.40915848944394,-0.75,-6.0,0,0,0,0,0
2018-06-15,911.0,922.0,905.15,908.25,918.8964285714288,-0.03926314042864195,57.68958185683914,-1.25,-21.0,0,0,0,0,0
2018-06-18,910.05,912.5,880.0,883.05,914.8142857142858,0.11743542379624143,35.85190782017375,1.7999999999999545,-0.9500000000000455,0,0,0,0,0
2018-06-19,875.0,883.0,857.0,861.9,909.5035714285715,0.2872045521881163,35.018450184501816,-8.049999999999955,-35.049999999999955,0,0,0,0,0
2018-06-20,864.55,871.25,835.3,839.4,903.9178571428572,0.5349339149271528,30.232558139534845,2.6499999999999773,-10.450000000000045,1,0,0,0,0
2018-06-21,837.0,863.4,825.45,840.2,900.607142857143,0.8119438435578133,15.96316193399852,-2.3999999999999773,-27.549999999999955,0,0,0,0,0
2018-06-22,838.0,849.85,831.35,836.1,894.5785714285715,0.8783866890812454,16.42321358073434,-2.2000000000000455,1.0,0,0,0,0,0
2018-06-25,831.5,840.8,798.25,804.65,887.5892857142859,0.9533262759698454,13.415027410512764,-4.600000000000023,-6.5,1,0,0,0,0
2018-06-26,799.0,818.8,786.0,810.9,881.1214285714286,0.9697566651021804,4.989384288747402,-5.649999999999977,-32.5,0,0,0,0,0
2018-06-27,808.25,821.0,795.0,801.05,871.9892857142858,0.9579740591181957,4.835390946502088,-2.6499999999999773,9.25,0,0,0,0,0
2018-06-28,800.0,809.9,776.0,779.05,861.8392857142857,0.9559279419811061,4.786150712831002,-1.0499999999999545,-8.25,1,1,1,1,0
2018-06-29,783.2,793.2,777.95,782.3,852.1392857142856,0.9404955982699045,7.028317980211568,4.150000000000091,-16.799999999999955,0,1,1,0,1
2018-07-02,784.0,805.75,778.2,781.95,840.9857142857143,0.9240426684834105,8.463434675431444,1.7000000000000455,0.7999999999999545,1,1,0,1,1
2018-07-03,783.0,796.0,774.65,793.1,831.0107142857142,0.8895770872287826,19.20322291853182,1.0499999999999545,-1.0,0,0,1,1,1
2018-07-04,796.0,800.0,781.2,792.85,822.4821428571429,0.8514076595429685,23.979877026271694,2.8999999999999773,13.0,0,1,1,1,1
2018-07-05,790.0,801.95,765.35,770.8,812.6642857142857,0.866951950872211,18.654019873532036,-2.8500000000000227,-6.0,1,1,1,1,1
2018-07-06,768.5,803.2,761.65,794.1,806.3107142857143,0.8191818642821472,33.833718244803705,-2.2999999999999545,-21.5,1,1,1,0,0
2018-07-09,799.0,816.8,799.0,812.9,802.8107142857143,0.6622086051313238,53.518123667377395,4.899999999999977,30.5,0,0,0,0,0
2018-07-10,813.4,822.6,806.0,809.35,800.6642857142858,0.4955068828192345,49.323439546049784,0.5,14.399999999999977,0,0,0,0,0
2018-07-11,809.05,816.2,795.1,800.3,797.8142857142857,0.3053828534419299,49.67032967032967,-0.3000000000000682,-4.350000000000023,0,0,0,0,0
2018-07-12,806.9,812.5,784.15,787.8,794.3642857142856,0.06384934954436042,54.196642685851316,6.600000000000023,-2.1499999999999773,0,0,0,0,0
2018-07-13,790.0,796.0,777.65,785.75,793.0142857142856,0.0018263315261025414,51.67394468704516,2.2000000000000455,-16.899999999999977,0,0,0,0,0
2018-07-16,785.0,787.4,736.75,744.0,788.2357142857143,0.07375147726353579,36.86396677050882,-0.75,-5.0,1,1,1,1,0
2018-07-17,745.95,767.35,724.45,764.2,785.6035714285715,0.06649847522340566,40.58631921824105,1.9500000000000455,-39.049999999999955,1,0,0,0,0
2018-07-18,761.2,786.7,745.0,779.05,785.6035714285715,0.17844786872251686,45.89530041641878,-3.0,15.25,0,0,0,0,0
2018-07-19,780.0,781.2,742.65,754.25,783.6000000000001,0.3611883495357623,45.156570090722866,0.9500000000000455,18.799999999999955,1,0,0,0,0
2018-07-20,758.7,772.5,752.0,761.4,782.1321428571429,0.5237949220451165,39.43115707821587,4.4500000000000455,-21.299999999999955,0,0,0,0,0
