2016-10-25,410.0,419.2,408.35,415.25,412.9678571428571,0.823270857197776,58.61386138613861,-16.05000000000001,-17.44999999999999,0,0,0,0,1
2016-10-26,414.35,418.8,390.9,398.6,413.5,0.5485830936682177,32.0976491862568,-0.8999999999999773,4.350000000000023,0,1,1,1,1
2016-10-27,388.0,400.0,383.35,397.15,413.9607142857143,0.22508013289201628,34.036433365292396,-10.600000000000023,-26.350000000000023,1,1,1,1,1
2016-10-28,398.75,406.5,397.35,405.45,415.07499999999993,-0.12696714711397758,44.18999151823578,1.6000000000000227,10.75,0,1,1,0,0
2016-10-30,407.0,407.95,402.5,404.7,414.94285714285706,-0.33541440835537006,44.75945017182129,1.5500000000000114,8.25,1,1,0,0,1
2016-11-01,404.85,423.95,401.1,417.7,414.89285714285705,-0.2988469113080769,43.645924627519726,0.1500000000000341,-2.1499999999999773,0,0,0,0,0
2016-11-02,406.0,416.4,406.0,413.35,414.8607142857142,-0.3612004239911816,39.5194697597349,-11.699999999999989,1.1499999999999773,0,0,0,0,0
2016-11-03,411.0,419.7,398.65,403.3,414.2178571428571,-0.5053514429174425,31.392778187177612,-2.3500000000000227,5.0,0,1,1,0,1
2016-11-04,403.9,407.6,398.25,403.1,413.6678571428571,-0.7156502758554746,31.93403298350826,0.5999999999999659,-7.100000000000023,1,1,0,1,1
2016-11-07,406.3,415.35,406.3,412.6,412.7857142857143,-0.7323242478839253,41.03930712858095,3.1999999999999886,2.400000000000034,0,0,1,1,0
2016-11-08,414.0,415.4,405.5,408.65,411.5464285714285,-0.7262781236934381,45.16129032258063,1.3999999999999773,7.699999999999989,0,1,1,0,0
2016-11-09,380.0,403.9,377.0,399.35,409.4607142857143,-0.4464224183145278,50.61626951520132,-28.649999999999977,-34.0,1,1,0,0,0
2016-11-10,407.95,439.3,407.95,437.0,410.1607142857143,-0.3810183508702822,70.53065430190625,8.599999999999966,27.94999999999999,0,0,0,0,0
2016-11-11,432.5,441.5,424.0,426.5,410.1928571428571,-0.4000885920366022,60.6045340050378,-4.5,24.55000000000001,0,0,0,0,0
2016-11-15,411.5,418.0,391.0,393.05,408.60714285714283,-0.1262699036551492,45.585449033724906,-15.0,-21.0,0,0,0,0,0
2016-11-16,397.0,401.4,380.85,392.75,408.1892857142857,0.07803977034852771,39.53878406708595,3.9499999999999886,-14.5,0,0,0,0,0
2016-11-17,393.5,398.6,387.0,392.75,407.875,0.2537386621930755,41.035683202785016,0.75,-3.5,0,0,0,0,1
2016-11-18,390.05,412.4,381.25,385.1,406.42142857142863,0.4329616001383494,41.91111111111111,-2.6999999999999886,-3.4499999999999886,0,0,1,1,1
2016-11-21,385.45,389.6,366.3,371.45,404.04642857142863,0.6376519679294468,37.43549027391821,0.3499999999999659,-4.600000000000023,1,1,1,1,1
2016-11-22,376.7,379.7,372.8,378.05,401.2142857142858,0.6765752868873507,35.960991466883385,5.25,-8.75,1,1,1,1,1
2016-11-23,381.0,394.8,380.05,392.7,399.73928571428576,0.6073303720860976,44.03738317757009,2.9499999999999886,4.300000000000011,1,1,1,1,1
2016-11-24,387.05,400.7,385.6,398.15,399.37142857142857,0.5604504802513038,49.5381062355658,-5.649999999999977,6.050000000000011,1,1,1,1,1
2016-11-25,399.0,413.5,397.5,408.75,399.775,0.4689137688329991,36.26640738940205,0.8500000000000227,11.949999999999989,0,1,1,1,0
2016-11-28,407.9,411.7,402.45,406.6,399.34642857142853,0.35129329459266684,39.47089947089949,-0.8500000000000227,8.899999999999977,1,1,1,0,1
2016-11-29,415.0,417.6,407.8,408.95,399.36785714285713,0.24773877005580083,62.53943217665614,8.399999999999977,7.100000000000023,1,1,0,1,1
2016-11-30,409.7,416.0,404.3,415.05,400.4892857142857,0.19560659589061766,66.11271676300579,0.75,-5.300000000000011,0,0,0,1,0
2016-12-01,417.35,418.5,407.75,409.6,398.53214285714284,-0.11578106184709276,61.28600133958475,2.3000000000000114,7.650000000000034,0,1,1,1,1
2016-12-02,405.85,411.9,404.4,406.4,397.09642857142853,-0.5349150289511195,65.17094017094013,-3.75,-11.5,1,1,1,1,1
2016-12-05,407.6,414.6,404.55,413.5,398.5571428571428,-0.5877890779066949,83.03220738413197,1.2000000000000455,1.75,1,0,1,1,1
2016-12-06,414.0,420.7,412.0,418.45,400.39285714285705,-0.5953492834907125,82.5806451612903,0.5,6.399999999999977,0,1,1,1,1
2016-12-07,419.3,421.4,408.7,411.9,401.7607142857142,-0.6072097340314752,67.81076066790351,0.8500000000000227,5.300000000000011,1,1,1,1,1
2016-12-08,417.7,432.75,417.0,431.3,405.0607142857142,-0.07637872923807446,74.42888725128961,5.800000000000011,-1.6000000000000227,0,0,0,0,0
2016-12-09,432.7,435.35,428.4,430.55,409.2821428571428,0.5378399242726996,68.79310344827584,1.3999999999999773,15.0,0,0,0,0,0
2016-12-12,428.9,430.45,423.15,424.2,412.5785714285713,0.7163064861989961,64.1479099678456,-1.650000000000034,-3.8000000000000114,0,0,0,0,0
2016-12-13,428.95,428.95,417.5,421.1,414.6071428571428,0.717496727841096,59.65051628276411,4.75,0.05000000000001137,0,0,0,0,0
2016-12-14,422.0,426.2,416.75,417.75,416.0071428571428,0.6570264926262593,52.24252491694351,0.8999999999999773,-6.949999999999989,1,0,0,0,0
2016-12-15,415.6,427.4,412.85,419.3,416.76071428571424,0.6090954844045099,58.61456483126108,-2.1499999999999773,-6.399999999999977,0,0,0,0,0
2016-12-16,422.8,422.8,412.5,414.05,417.2928571428571,0.4765035324862817,56.555269922879205,3.5,7.199999999999989,0,0,0,0,0
2016-12-19,411.0,416.3,409.1,410.35,417.39285714285717,0.29279175355532944,47.133757961783466,-3.0500000000000114,-11.800000000000011,0,0,0,0,0
2016-12-20,411.8,414.0,401.1,403.5,416.5678571428571,0.11380927342830009,36.85136323658754,1.4499999999999886,0.8000000000000114,1,0,0,0,0
2016-12-21,405.0,408.3,401.4,404.5,416.20357142857137,-0.06246613045377162,42.78752436647177,1.5,-6.800000000000011,0,0,0,0,0
2016-12-22,404.5,405.85,390.25,392.2,415.1892857142857,-0.30272314636664954,5.769230769230802,0.0,-0.5,0,0,1,0,1
2016-12-23,393.5,395.55,387.05,390.85,413.57142857142856,-0.35967240167846476,5.691964285714306,1.3000000000000114,-11.0,0,1,0,1,1
2016-12-26,388.5,389.6,378.5,380.1,410.8321428571429,-0.2155689301450002,5.182926829268325,-2.3500000000000227,-5.0,1,1,1,1,1
2016-12-27,382.0,394.7,377.35,392.4,409.43928571428575,-0.14825798435141632,25.428082191780774,1.8999999999999773,-6.5,0,0,0,1,1
2016-12-28,393.35,393.75,386.5,388.45,406.37857142857143,0.32257150600511175,25.169491525423695,0.9500000000000455,11.350000000000023,1,1,1,1,1
2016-12-29,388.5,393.9,387.25,392.35,403.65000000000003,0.5794416637298136,28.035859820700892,0.05000000000001137,-4.850000000000023,0,1,1,1,1
2016-12-30,393.0,395.4,388.1,391.25,401.29642857142863,0.6448348318706584,30.069930069930052,0.6499999999999773,4.5,1,1,1,1,1
2017-01-02,393.45,408.35,388.9,406.75,400.2714285714286,0.4823283488609294,47.39130434782607,2.1999999999999886,0.44999999999998863,0,0,1,1,1
2017-01-03,407.05,408.9,401.25,403.3,399.23928571428576,0.343741834360137,49.84756097560976,0.30000000000001137,13.600000000000023,1,1,1,1,1
2017-01-04,404.1,409.0,401.4,405.45,398.25,0.1296553560337329,50.711610486891374,0.8000000000000114,-2.9499999999999886,1,1,1,1,1
2017-01-05,409.1,422.5,407.3,419.3,398.625,-0.22003934189208307,69.83894582723283,3.650000000000034,5.0,1,1,1,1,1
2017-01-06,420.5,425.4,415.6,419.55,399.28214285714284,-0.46768683450963555,71.35416666666666,1.1999999999999886,11.399999999999977,1,1,1,1,1
2017-01-09,423.7,424.2,419.35,422.0,400.6035714285714,-0.5822875949363077,85.56876061120542,4.149999999999977,3.1999999999999886,1,1,1,1,1
2017-01-10,422.7,432.5,422.6,431.9,402.56071428571425,-0.6407411072114797,84.95575221238938,0.6999999999999886,-1.0,1,1,1,1,1
2017-01-11,435.3,450.95,434.65,448.25,406.5642857142857,-0.39684644989730916,93.39622641509433,3.400000000000034,12.600000000000023,0,0,1,1,1
2017-01-12,449.0,451.15,443.25,447.55,410.6142857142857,-0.03123671813297611,92.00913242009132,0.75,13.699999999999989,0,1,1,1,1
2017-01-13,450.0,450.4,441.2,446.35,415.34642857142853,0.4022187904024912,91.86930091185415,2.4499999999999886,1.0,1,1,1,1,1
2017-01-16,444.25,459.5,443.25,458.45,420.0642857142857,0.676792520042386,91.4262820512821,-2.1000000000000227,-5.75,0,1,1,0,1
2017-01-17,459.05,459.6,450.9,454.25,424.7642857142857,0.7873593719306654,90.34045922406972,0.6000000000000227,14.800000000000011,1,1,1,1,1
2017-01-18,454.75,470.0,454.25,468.35,430.1928571428571,0.8657751658479195,91.87749667110523,0.5,-4.300000000000011,0,0,0,0,1
2017-01-19,468.7,468.8,462.35,467.15,435.6142857142857,0.9068040180017723,88.31064851881503,0.3499999999999659,13.949999999999989,0,0,0,1,1
2017-01-20,466.0,467.8,452.6,454.5,439.025,0.8687481092180205,73.34669338677355,-1.1499999999999773,-2.6999999999999886,1,1,1,1,1
2017-01-23,450.9,464.0,450.6,461.8,443.20357142857137,0.8655841331307191,74.96863237139273,-3.6000000000000227,-15.100000000000023,1,1,1,1,1
2017-01-24,462.0,466.5,458.55,464.25,447.4035714285714,0.8691708557624279,72.38754325259518,0.19999999999998863,11.100000000000023,1,1,0,0,1
2017-01-25,467.0,476.75,466.1,469.5,450.9892857142857,0.8660804442805563,67.37530662305807,2.75,5.0,0,0,0,1,1
2017-01-27,469.85,473.8,463.35,469.3,454.5428571428571,0.8602089018122485,67.93075020610058,0.35000000000002274,2.8500000000000227,0,0,1,1,1
2017-01-30,468.5,468.5,460.15,462.05,457.4035714285714,0.8233996790267524,61.76911544227885,-0.8000000000000114,-1.3500000000000227,1,1,1,1,1
2017-01-31,460.2,471.4,460.1,463.05,459.62857142857143,0.7654872281527771,54.13669064748204,-1.8500000000000227,-8.300000000000011,1,1,1,1,1
2017-02-01,464.05,475.9,457.15,474.6,461.5107142857143,0.7601873877542843,66.16362192216044,1.0,3.8500000000000227,1,0,0,0,0
2017-02-02,473.5,480.9,466.25,476.95,463.6107142857143,0.7374525462745835,58.39843749999997,-1.1000000000000227,9.449999999999989,0,0,0,0,0
2017-02-03,476.9,480.0,468.15,472.8,465.5,0.6708638539655013,55.216989843028664,-0.05000000000001137,3.3999999999999773,1,0,0,0,0
2017-02-06,474.4,477.6,469.15,473.4,466.5678571428571,0.6701074940600166,72.44655581947745,1.599999999999966,-2.5,0,0,0,0,0
2017-02-07,475.1,479.8,470.05,472.8,467.89285714285717,0.5797652843645312,65.53672316384187,1.7000000000000455,0.7000000000000455,0,0,0,0,0
2017-02-08,485.0,485.4,467.45,470.65,468.0571428571428,0.6969074487450991,59.116809116809115,12.199999999999989,9.899999999999977,0,0,1,1,0
2017-02-09,469.65,473.4,456.5,459.85,467.5357142857143,0.6257450648324152,38.130381303813024,-1.0,-15.350000000000023,1,1,1,1,1
2017-02-10,467.0,471.8,460.55,468.2,468.5142857142857,0.4247496183625635,48.872950819672106,7.149999999999977,-2.6499999999999773,1,1,0,1,0
2017-02-13,473.15,477.0,470.1,472.6,469.2857142857143,0.3230565689463296,61.479869423286225,4.949999999999989,6.149999999999977,0,0,0,0,1
2017-02-14,473.9,474.85,466.1,472.4,469.86785714285713,0.23494257017603876,60.354374307862656,1.2999999999999545,0.75,0,0,0,1,1
2017-02-15,472.7,474.75,457.25,460.1,469.19642857142856,0.12446897562897613,34.2047930283224,0.30000000000001137,-1.1999999999999886,1,1,1,1,1
2017-02-16,464.7,471.5,455.65,469.95,469.24285714285713,0.1655576800041822,43.44569288389511,4.599999999999966,-8.0,0,1,1,1,1
2017-02-17,472.3,474.85,466.65,468.2,469.6821428571428,-0.10304629295754113,45.49019607843134,2.3500000000000227,7.600000000000023,1,1,1,1,1
2017-02-20,468.0,489.0,464.75,487.05,471.39642857142854,-0.05261048871361009,59.85559566787007,-0.19999999999998863,-4.300000000000011,1,0,0,0,0
2017-02-21,488.95,495.9,485.0,490.95,472.56428571428563,0.35667250663726996,62.50861474844934,1.8999999999999773,20.94999999999999,0,0,0,0,1
2017-02-22,490.45,491.45,480.6,484.05,473.0714285714285,0.6429675476830372,58.6675291073739,-0.5,1.5,1,0,0,1,1
2017-02-23,485.1,487.9,478.15,485.75,473.9964285714285,0.7694076042675634,68.98826979472142,1.0500000000000114,-5.349999999999966,0,0,1,1,1
2017-02-27,485.2,488.15,479.5,480.6,474.51071428571424,0.800687539592625,59.53846153846157,-0.5500000000000114,0.0999999999999659,1,1,1,1,1
2017-02-28,481.5,485.75,480.45,482.7,475.2178571428571,0.8080638166401702,58.054226475279094,0.8999999999999773,-3.6999999999999886,1,1,1,1,0
2017-03-01,485.0,502.5,483.4,500.35,477.3392857142857,0.8734303834614013,67.43605739238933,2.3000000000000114,3.5,0,0,0,0,0
2017-03-02,502.0,505.6,492.25,494.65,479.82499999999993,0.8480686721855737,73.48742352141399,1.6499999999999773,17.0,1,0,0,0,0
2017-03-03,494.55,497.75,489.55,495.1,481.74642857142857,0.8274694968480665,69.60249415432581,-0.0999999999999659,-7.449999999999989,0,0,0,0,0
2017-03-06,495.1,501.0,490.25,492.7,483.1821428571428,0.7928057715795295,68.9043209876543,0.0,0.5500000000000114,0,0,0,0,0
2017-03-07,493.5,494.0,480.65,482.0,483.86785714285713,0.6569635909278038,45.54280670785524,0.8000000000000114,-1.6000000000000227,0,0,0,0,0
2017-03-08,484.9,486.4,470.1,472.45,484.74999999999994,0.3355909871332453,35.15248796147674,2.8999999999999773,-8.600000000000023,0,0,1,1,1
2017-03-09,471.9,475.35,467.7,469.45,484.71428571428567,-0.00880609330774959,37.5,-0.5500000000000114,-13.0,0,1,1,1,1
2017-03-10,468.5,474.4,462.2,467.75,484.6821428571428,-0.390479043854337,34.58904109589044,-0.9499999999999886,-3.3999999999999773,1,1,1,1,1
2017-03-14,479.0,479.0,470.45,472.55,483.64642857142854,-0.44250013716765413,43.06632213608959,11.25,10.5,1,1,1,1,1
2017-03-15,473.95,480.0,470.4,479.05,482.7964285714285,-0.4117299520800757,47.07766212970379,1.3999999999999773,-5.050000000000011,1,1,1,1,1
2017-03-16,484.85,501.0,481.95,499.65,483.9107142857142,-0.31477601771370656,49.4648318042813,5.800000000000011,10.900000000000034,1,0,0,0,0
2017-03-17,503.85,508.75,498.1,502.2,485.08571428571423,-0.19151033934125913,56.06425702811245,4.2000000000000455,19.0,0,0,0,0,0
2017-03-20,502.5,502.7,492.0,496.65,486.2321428571427,-0.20639816937174715,51.1507052709725,0.30000000000001137,-1.3500000000000227,0,0,0,0,0
2017-03-21,496.9,501.3,492.35,496.4,487.2107142857141,-0.23045184216914685,52.83742331288343,0.25,-5.600000000000023,0,0,0,0,0
2017-03-22,490.0,493.8,486.4,488.1,486.3357142857141,-0.016887368874621,54.8566878980892,-6.399999999999977,-6.899999999999977,1,1,0,0,0
2017-03-23,487.5,496.6,487.5,495.5,486.39642857142843,0.20779354685450757,69.00247320692502,-0.6000000000000227,-2.5,0,0,0,0,0
2017-03-24,496.05,499.9,491.1,493.2,486.26071428571413,0.40835592798833115,69.80817347789828,0.5500000000000114,8.550000000000011,0,0,0,0,0
2017-03-27,492.75,492.75,474.65,476.5,485.1035714285713,0.49387689229215254,55.83722481654437,-0.44999999999998863,-3.3000000000000114,1,1,1,1,1
2017-03-28,477.55,482.65,477.0,480.2,484.97499999999985,0.49491065011473656,55.17941773865943,1.0500000000000114,-15.199999999999989,1,0,1,1,1
2017-03-29,482.0,484.9,480.25,484.4,485.82857142857125,0.4810273869261853,53.738644304682026,1.8000000000000114,4.449999999999989,0,0,1,1,1
2017-03-30,484.4,486.35,475.8,477.5,486.4035714285713,0.3935146032560885,30.85566119273983,0.0,2.3999999999999773,1,1,1,1,1
2017-03-31,480.65,485.9,479.05,482.7,487.4714285714284,0.2775015313725317,33.88429752066112,3.1499999999999773,-3.75,1,1,1,1,1
2017-04-03,486.0,489.9,482.8,485.85,488.4214285714284,0.062227950175700555,40.7056798623064,3.3000000000000114,5.350000000000023,1,1,1,1,1
2017-04-05,488.0,498.2,486.65,493.3,489.4392857142856,-0.05194774768025214,47.626339969372154,2.1499999999999773,2.0,1,0,1,0,0
2017-04-06,493.7,504.4,483.95,501.65,489.5821428571427,0.3309805782665046,60.36725325172148,0.39999999999997726,5.699999999999989,0,0,0,0,0
2017-04-07,500.9,506.35,490.65,493.2,488.9392857142856,0.5586027039914387,48.26807228915662,-0.75,7.199999999999989,1,0,0,0,0
2017-04-10,497.0,498.8,490.4,495.35,488.8464285714285,0.659736772358073,51.62264150943399,3.8000000000000114,-3.8999999999999773,0,0,0,0,0
2017-04-11,495.5,496.0,486.3,488.1,488.2535714285714,0.6768700192775361,60.211267605633836,0.14999999999997726,-1.5,0,0,0,0,0
2017-04-12,490.4,492.55,476.0,477.4,487.4892857142856,0.632918314610979,47.80564263322883,2.2999999999999545,-5.100000000000023,0,0,0,0,0
2017-04-13,474.4,479.2,462.2,463.55,485.20714285714274,0.7551714054228388,35.806671204901306,-3.0,-16.0,0,0,0,0,0
2017-04-17,460.1,467.9,459.75,462.4,483.00714285714275,0.8822777281685444,38.84785819793204,-3.4499999999999886,-14.299999999999955,0,0,0,0,0
2017-04-18,467.1,474.0,448.0,449.9,481.1071428571427,0.930267439197593,28.13333333333334,4.7000000000000455,7.0,1,1,1,1,1
2017-04-19,448.0,455.5,442.05,450.75,479.0035714285713,0.9467004520629573,25.859697386519954,-1.8999999999999773,-19.100000000000023,1,1,0,1,1
2017-04-20,450.75,455.8,448.25,454.4,476.86071428571415,0.9265257277769797,21.77068214804062,0.0,2.75,0,0,1,0,0
2017-04-21,460.0,460.7,449.1,450.85,474.95714285714274,0.9176847231912656,10.374414976599112,5.600000000000023,9.25,0,1,1,0,0
2017-04-24,452.0,454.6,447.1,450.7,472.67142857142846,0.9025677947349378,11.917562724014388,1.1499999999999773,-8.0,1,1,0,0,0
2017-04-25,453.4,457.9,451.3,454.65,470.442857142857,0.8665618693632335,14.670138888888857,2.6999999999999886,1.3999999999999773,0,0,0,0,0
2017-04-26,456.9,463.3,450.8,453.8,467.62142857142845,0.8221516963581731,16.503906249999986,2.25,3.5,0,0,0,0,0
2017-04-27,454.0,454.85,444.0,445.85,463.6357142857142,0.8079391282501801,17.440660474716196,0.19999999999998863,-2.8999999999999773,1,0,0,0,0
2017-04-28,448.0,458.7,445.85,449.25,460.4964285714285,0.7631868264311357,31.184210526315752,2.1499999999999773,-6.0,0,0,0,0,0
2017-05-02,451.0,454.0,443.4,445.05,456.90357142857135,0.7534739730860343,28.867235079171735,1.75,3.0,0,0,0,0,0
2017-05-03,447.3,449.95,437.55,440.8,453.5249999999999,0.7932579747829627,36.12804878048781,2.25,-3.6999999999999886,1,0,0,0,0
2017-05-04,447.0,448.0,436.1,442.45,451.02857142857135,0.8356165894525032,37.648809523809454,6.199999999999989,-0.30000000000001137,0,0,0,0,0
2017-05-05,441.5,441.5,428.0,433.6,448.8892857142856,0.8441982503038733,23.195876288659747,-0.9499999999999886,-5.5,0,0,1,1,1
2017-05-08,434.0,436.4,428.1,431.9,446.71071428571423,0.8514199265445483,24.357239512855102,0.39999999999997726,-7.5,1,1,1,1,1
2017-05-09,432.0,440.0,431.25,433.5,445.53928571428565,0.902461296395781,27.60416666666663,0.10000000000002274,-2.0,1,1,1,1,1
2017-05-10,435.25,438.55,433.1,437.45,444.58928571428567,0.9227985997535305,27.60416666666663,1.75,3.25,1,0,1,1,1
2017-05-11,440.7,445.4,439.7,441.15,443.64285714285705,0.8845956994649212,34.6666666666666,3.25,5.449999999999989,0,1,1,1,1
2017-05-12,442.4,443.9,432.6,436.7,442.63214285714275,0.8917109970940307,37.88079470198669,1.25,1.6999999999999886,1,1,1,1,1
2017-05-15,438.0,456.9,437.8,456.05,443.0142857142856,0.6209109508678519,56.33147113594042,1.3000000000000114,-4.399999999999977,1,1,1,1,1
2017-05-16,463.05,464.0,455.35,456.55,443.15,0.3226842608184755,61.5,7.0,25.05000000000001,1,1,1,1,1
2017-05-17,470.0,499.0,465.8,493.9,446.0142857142856,-0.04814378471509677,81.94945848375451,13.449999999999989,6.949999999999989,0,0,0,0,0
2017-05-18,488.15,496.65,483.6,486.25,448.8999999999999,-0.0278401329893505,74.5791245791246,-5.75,18.149999999999977,1,1,1,0,0
2017-05-19,490.0,496.0,480.25,489.5,451.7749999999999,0.10097444306635682,83.47305389221555,3.75,1.8500000000000227,0,1,0,0,1
2017-05-22,492.85,496.95,484.35,486.4,454.7285714285713,0.35260770667925007,82.09658421672557,3.3500000000000227,2.8500000000000227,1,0,0,1,1
2017-05-23,489.05,496.85,477.6,490.4,458.2714285714284,0.576819574519644,82.58877434135167,2.650000000000034,-3.8000000000000114,0,0,1,1,1
2017-05-24,492.5,495.0,481.5,483.35,461.192857142857,0.6382228086080947,75.38716814159297,2.1000000000000227,3.4499999999999886,1,1,1,1,1
2017-05-25,485.0,487.05,476.7,484.7,464.842857142857,0.6668854965224909,74.73026689381037,1.6499999999999773,-7.5,1,1,1,1,1
2017-05-26,486.9,514.85,485.65,511.75,470.5464285714284,0.7570451030248223,83.91323994577499,2.1999999999999886,1.8999999999999773,0,1,0,0,0
2017-05-29,512.1,520.65,506.15,507.7,475.8464285714284,0.7876448845102183,77.08442579968539,0.35000000000002274,25.200000000000045,1,0,0,0,0
2017-05-30,508.4,514.0,504.25,511.85,481.16071428571416,0.8085822095059144,77.92929292929296,0.6999999999999886,-3.7000000000000455,0,0,0,0,0
2017-05-31,510.15,515.0,502.5,504.7,485.6999999999999,0.7892531796038488,57.84883720930233,-1.7000000000000455,1.75,0,0,0,0,0
2017-06-01,504.7,507.95,494.0,497.15,490.017857142857,0.7456672266892483,57.933042212518174,0.0,-5.449999999999989,0,0,0,0,1
2017-06-02,501.95,503.2,488.05,491.95,492.5821428571427,0.6239733836972472,51.73389950460013,4.800000000000011,-2.75,0,0,0,1,1
2017-06-05,493.0,499.9,487.0,491.3,495.0642857142856,0.4337793768941936,53.592375366568945,1.0500000000000114,-8.949999999999989,0,0,1,1,1
2017-06-06,493.9,496.5,488.45,490.3,494.80714285714276,0.37531698662977325,49.923312883435614,2.599999999999966,0.8999999999999773,1,1,1,1,1
2017-06-07,491.75,494.35,487.0,490.85,495.1357142857142,0.24856438719375654,56.38841567291312,1.4499999999999886,-2.1499999999999773,1,1,1,1,1
2017-06-08,503.0,511.4,497.6,499.0,495.81428571428563,0.21694817747521794,60.916030534351144,12.149999999999977,11.25,1,1,1,1,1
2017-06-09,498.4,508.35,495.85,507.05,497.28928571428565,0.17811226012456818,44.9462365591398,-0.6000000000000227,-4.600000000000023,1,1,0,0,0
2017-06-12,507.7,514.2,505.5,508.4,498.57499999999993,0.1657629296456176,50.79908675799086,0.6499999999999773,9.300000000000011,1,0,0,0,1
2017-06-13,509.0,512.9,505.5,508.6,500.3785714285714,-0.015509798508546552,45.922208281053955,0.6000000000000227,1.3000000000000114,0,0,0,1,1
2017-06-14,508.0,509.75,501.15,502.65,501.6607142857142,-0.4128543581204438,47.34799482535574,-0.6000000000000227,-1.0,0,0,1,1,1
2017-06-15,500.8,506.5,499.25,502.55,501.0035714285714,-0.22881867219924604,58.65384615384621,-1.849999999999966,-7.199999999999989,0,1,1,1,1
2017-06-16,504.0,507.7,501.15,501.95,500.5928571428571,-0.06719430977553037,68.79699248120299,1.4499999999999886,3.1999999999999886,1,1,1,1,1
2017-06-19,510.3,520.6,507.5,519.55,501.14285714285705,0.4333078573682684,82.43398392652117,8.350000000000023,6.300000000000011,1,0,0,0,0
2017-06-20,524.0,525.65,520.5,522.35,502.4035714285714,0.7322948985419433,85.33627342888639,4.4500000000000455,13.699999999999989,0,0,0,0,0
2017-06-21,521.3,523.65,515.7,517.65,503.86785714285713,0.8291762058722089,77.07070707070696,-1.0500000000000682,-2.7000000000000455,0,0,0,1,1
2017-06-22,521.0,522.35,512.0,515.0,505.5142857142857,0.8120928208232919,68.18181818181813,3.3500000000000227,-0.2999999999999545,0,0,1,1,1
2017-06-23,513.9,513.9,502.7,507.25,506.6535714285714,0.6881959033721441,50.22883295194507,-1.1000000000000227,-7.100000000000023,1,1,1,1,1
2017-06-27,510.0,513.8,503.8,510.9,508.12499999999994,0.5679118606037518,52.71739130434782,2.75,-3.8999999999999773,1,1,1,1,1
2017-06-28,512.0,522.85,509.4,520.6,510.24999999999994,0.5358843648160019,60.810810810810786,1.1000000000000227,2.0,1,1,1,1,1
2017-06-29,524.9,536.6,522.05,535.05,512.8249999999999,0.6512366517813647,75.31249999999997,4.2999999999999545,12.899999999999977,1,1,1,1,1
2017-06-30,534.45,547.9,530.05,545.75,515.5892857142857,0.7849821172527945,78.95442359249326,-0.599999999999909,9.550000000000068,1,1,1,1,1
2017-07-03,545.5,553.35,542.05,550.6,518.6035714285714,0.8622166067176982,80.84971464806594,-0.25,11.049999999999955,0,0,1,1,1
2017-07-04,551.1,554.55,544.4,547.55,521.3857142857142,0.8860109930841361,71.77293934681177,0.5,5.600000000000023,1,1,1,1,1
2017-07-05,544.4,552.5,544.0,549.95,524.7642857142857,0.8941899075497903,71.59624413145535,-3.1499999999999773,-6.7000000000000455,1,1,1,1,1
2017-07-06,550.0,557.5,549.0,554.65,528.4857142857143,0.9001376795186316,78.95148669796552,0.049999999999954525,5.600000000000023,0,1,1,1,1
2017-07-07,553.0,554.9,550.9,553.35,532.1571428571428,0.8894426981704945,80.65547561950439,-1.6499999999999773,3.0,1,1,1,1,1
2017-07-10,558.9,561.6,549.1,559.35,535.0,0.9046506982364698,92.84539473684208,5.5499999999999545,5.899999999999977,0,0,1,0,1
2017-07-11,560.4,561.95,555.2,556.85,537.4642857142857,0.9071294990857548,88.51634534786251,1.0499999999999545,1.5,1,1,1,1,1
2017-07-12,560.0,561.2,555.0,559.1,540.4250000000001,0.8953209790577178,86.8773946360153,3.1499999999999773,-0.39999999999997726,1,0,1,1,1
2017-07-13,565.0,566.0,560.2,563.95,543.9214285714286,0.8841337474885996,83.92018779342723,5.899999999999977,5.0,0,0,0,1,0
2017-07-14,564.9,564.9,556.75,558.4,547.575,0.8516056764709887,66.88918558077427,0.9499999999999318,-0.10000000000002274,1,1,1,0,0
2017-07-17,562.1,563.75,557.1,559.8,551.0678571428572,0.84113478175908,63.529411764705735,3.7000000000000455,-2.7999999999999545,1,1,0,0,0
2017-07-18,557.55,569.0,557.0,563.3,554.1178571428571,0.8924452216250022,72.85921625544265,-2.25,-4.550000000000068,1,0,0,0,0
2017-07-19,564.0,572.35,563.35,571.2,556.7,0.9206512442804892,76.59574468085103,0.7000000000000455,6.4500000000000455,0,0,0,0,0
2017-07-20,562.3,563.75,556.25,557.2,557.5178571428571,0.8190168844562631,52.588832487309716,-8.900000000000091,-1.7000000000000455,0,0,0,1,1
2017-07-21,558.0,558.05,543.65,553.25,557.7071428571428,0.6510070768481392,49.90366088631983,0.7999999999999545,-4.2999999999999545,0,0,1,1,0
2017-07-24,554.4,554.4,547.35,548.5,557.775,0.31563892031013735,39.289239881540006,1.1499999999999773,-3.6000000000000227,1,1,1,1,1
2017-07-25,548.9,554.05,548.75,552.95,557.9892857142856,0.07195601877395252,46.29277566539928,0.39999999999997726,-5.5,1,1,0,1,1
2017-07-26,555.0,567.95,554.1,565.75,558.7821428571427,0.08363399074725443,55.265241488519365,2.0499999999999545,6.100000000000023,0,0,1,1,1
2017-07-27,566.95,568.55,558.1,561.25,559.3464285714284,-0.031690336651569916,47.85031847133755,1.2000000000000455,11.950000000000045,0,1,1,1,0
2017-07-28,560.8,560.8,548.45,551.9,558.8142857142856,-0.11013776060122303,45.120120120120134,-0.4500000000000455,-6.150000000000091,1,1,1,1,1
2017-07-31,553.25,571.4,553.25,567.1,559.5464285714285,-0.10676061726222254,54.53980099502491,1.3500000000000227,-7.5499999999999545,1,1,0,1,1
2017-08-01,569.7,575.25,568.6,572.4,560.4964285714284,-0.0046887173415946694,55.5352798053528,2.6000000000000227,16.450000000000045,0,0,1,1,1
2017-08-02,573.0,573.8,565.5,569.25,560.8749999999998,0.20820618490262188,48.741123305358265,0.6000000000000227,3.2999999999999545,0,1,1,1,1
2017-08-03,567.0,568.35,557.55,559.3,560.9392857142856,0.17483905083882503,51.430517711171596,-2.25,-6.0,1,1,1,1,1
2017-08-04,559.4,580.8,559.3,575.85,562.0857142857142,0.3832312111179253,63.13953488372093,0.10000000000002274,-7.600000000000023,1,1,1,1,1
2017-08-07,585.0,601.65,584.0,600.05,564.7107142857142,0.7830997559745437,74.44286391654809,9.149999999999977,25.600000000000023,1,1,1,0,1
2017-08-08,610.25,625.5,606.0,616.45,567.942857142857,0.9593351065463139,77.04429301533217,10.200000000000045,25.25,0,0,0,1,1
2017-08-09,616.0,620.4,602.5,605.05,571.3607142857142,0.9269014795969974,66.93965517241374,-0.4500000000000455,5.75,0,0,1,1,1
2017-08-10,604.8,614.7,598.05,604.35,575.0107142857141,0.8855188455743266,69.2067736185383,-0.25,-11.200000000000045,0,1,1,1,1
2017-08-11,600.0,605.95,591.25,596.75,578.4571428571427,0.8155461192267486,70.3033046627433,-4.350000000000023,-4.7999999999999545,1,1,1,1,1
2017-08-14,607.4,625.6,605.0,623.75,583.5142857142856,0.8524044948224412,73.16973415132921,10.649999999999977,7.399999999999977,1,1,1,0,0
2017-08-16,625.0,632.65,620.45,631.2,588.1892857142856,0.8803459383100891,73.63344051446944,1.25,17.600000000000023,0,0,0,0,1
2017-08-17,630.1,637.0,624.1,625.4,592.7714285714284,0.8733536810830084,72.09759937032658,-1.1000000000000227,5.100000000000023,1,0,0,1,1
2017-08-18,622.45,628.75,620.1,625.65,598.0392857142855,0.8633930238472013,78.27013208351082,-2.949999999999932,-7.649999999999977,0,0,1,1,1
2017-08-21,632.9,638.65,619.1,621.55,601.9285714285712,0.8297041970160849,71.78265014299325,7.25,10.449999999999932,0,1,1,1,1
2017-08-22,629.95,629.95,614.4,619.6,605.2999999999998,0.7864502177166095,61.82698124621901,8.400000000000091,-2.949999999999932,1,1,1,1,1
2017-08-23,624.0,636.45,616.5,634.6,609.9678571428569,0.7837471307367088,61.16923076923074,4.399999999999977,-5.9500000000000455,1,1,0,1,1
2017-08-24,636.0,640.55,630.6,639.0,615.6607142857141,0.8124816776282785,72.86195286195289,1.3999999999999773,12.0,0,0,0,0,1
2017-08-28,640.15,642.9,631.8,635.85,619.9464285714284,0.8189270867111784,70.53455019556714,1.1499999999999773,4.149999999999977,0,1,1,1,1
2017-08-29,635.5,640.45,627.95,630.2,622.1,0.7724046909493595,72.37458193979936,-0.35000000000002274,-4.649999999999977,1,1,1,1,1
2017-08-30,635.0,641.4,634.1,638.65,623.6857142857142,0.8236070856509689,63.256227758007114,4.7999999999999545,-0.5,0,1,1,1,1
2017-08-31,636.95,643.0,632.2,638.05,626.0428571428571,0.8032157046627356,56.94022289766962,-1.6999999999999318,1.9500000000000455,1,1,1,1,1
2017-09-01,639.95,652.75,639.05,651.2,629.3892857142856,0.7894185227744818,72.75132275132285,1.900000000000091,3.0,0,1,1,1,1
2017-09-04,651.0,651.7,641.5,646.55,632.9464285714284,0.7763265016389085,67.10310965630111,-0.20000000000004547,11.049999999999955,1,1,1,1,1
2017-09-05,647.65,654.45,647.25,652.1,634.9714285714284,0.8035145541085914,74.42046362909674,1.1000000000000227,-3.3500000000000227,1,1,1,1,1
2017-09-06,647.1,656.1,645.5,653.0,636.5285714285712,0.8899434358515828,77.15447154471538,-5.0,-0.5499999999999545,0,1,1,1,1
2017-09-07,657.0,657.0,650.3,652.8,638.4857142857142,0.9151916057558547,69.48608137044954,4.0,9.899999999999977,1,1,1,1,1
2017-09-08,654.1,663.7,651.85,655.4,640.6107142857142,0.9313080784417151,68.26280623608007,1.3000000000000682,-2.8999999999999773,1,1,1,1,1
2017-09-11,657.0,663.85,652.6,662.6,643.5428571428571,0.926025003366113,77.32379979570976,1.6000000000000227,2.8999999999999773,1,1,1,1,1
2017-09-12,675.0,693.0,674.5,682.9,648.0642857142856,0.8818864899714756,91.43081761006268,12.399999999999977,18.0,0,0,0,0,0
2017-09-13,681.75,683.8,675.65,679.65,651.2821428571426,0.9235880884950343,85.10273972602721,-1.1499999999999773,6.75,0,0,0,0,1
2017-09-14,679.5,683.65,672.1,677.7,654.0464285714285,0.9557648392477985,83.17991631799158,-0.14999999999997726,-2.25,1,0,0,1,1
2017-09-15,676.0,681.4,671.55,678.95,657.1249999999999,0.9571112708738709,78.99686520376167,-1.7000000000000455,-3.5,0,0,1,1,0
2017-09-18,676.0,683.0,671.1,672.9,660.1749999999998,0.9236966130789759,76.75126903553296,-2.9500000000000455,0.0,1,1,1,0,0
2017-09-19,673.7,681.35,673.0,676.4,662.8714285714284,0.8991411940587944,75.74152542372875,0.8000000000000682,-2.2999999999999545,1,1,0,0,0
2017-09-20,676.2,691.8,674.45,687.65,666.4142857142855,0.8977528436299699,80.10425716768023,-0.1999999999999318,2.5,0,0,0,0,0
2017-09-21,693.8,696.25,681.2,687.1,668.9785714285712,0.9031915141410437,79.6200345423144,6.149999999999977,17.59999999999991,0,0,0,0,0
2017-09-22,684.0,684.0,651.0,654.0,669.5107142857141,0.6344516232684737,49.208144796380104,-3.1000000000000227,-9.799999999999955,0,1,0,0,0
2017-09-25,655.0,655.2,623.1,639.75,668.6285714285713,0.2690875654860357,38.030382399161844,1.0,-29.0,1,1,1,1,1
2017-09-26,642.5,657.0,638.85,654.1,668.7071428571427,0.06584208084457162,33.91061452513969,2.75,-12.5,0,0,0,1,1
2017-09-27,660.0,660.0,643.05,649.35,668.4607142857142,-0.17709865954921533,33.35164835164838,5.899999999999977,17.5,1,1,1,1,1
2017-09-28,652.9,656.5,642.65,649.7,668.0535714285714,-0.4134313283845298,34.34004474272933,3.5499999999999545,-7.100000000000023,1,1,1,1,1
2017-09-29,654.8,657.0,650.05,652.55,667.3357142857142,-0.5918799395826403,35.49450549450545,5.099999999999909,1.8999999999999773,1,1,1,1,1
2017-10-03,656.5,665.9,656.5,660.8,665.7571428571428,-0.5560862211028478,43.5085836909871,3.9500000000000455,1.7000000000000455,0,1,1,1,1
2017-10-04,660.4,662.55,654.45,659.0,664.2821428571427,-0.5171802295864656,40.49180327868853,-0.39999999999997726,3.8999999999999773,1,1,1,1,1
2017-10-05,658.0,665.35,657.45,661.0,663.0892857142856,-0.46507150633549565,33.79939209726443,-1.0,-2.3999999999999773,1,1,1,1,1
2017-10-06,665.25,693.8,665.05,691.45,663.9821428571428,-0.420994798377193,51.93936691930451,4.25,7.25,1,0,0,1,1
2017-10-09,693.0,704.4,691.6,697.25,665.7214285714284,-0.4097900818689013,75.48615203299943,1.5499999999999545,27.75,0,0,0,1,1
2017-10-10,700.95,704.15,685.1,690.8,666.7499999999999,-0.3601188400376766,83.12783906554185,3.7000000000000455,7.9500000000000455,0,1,1,1,1
2017-10-11,694.5,698.8,673.3,682.3,666.367857142857,-0.3644112958328336,69.80337078651684,3.7000000000000455,-6.4500000000000455,1,1,1,1,1
2017-10-12,688.0,693.8,681.4,691.6,666.6892857142856,-0.47030002436498997,77.88778877887789,5.7000000000000455,-6.5,1,1,1,1,1
2017-10-13,697.55,717.45,695.0,710.85,670.7499999999999,-0.03393323567782133,82.30322239830956,5.949999999999932,9.549999999999955,1,1,0,0,1
2017-10-16,713.2,719.5,711.65,714.95,676.1214285714285,0.41540008464190764,82.53388946819605,2.3500000000000227,15.650000000000091,0,0,0,0,1
2017-10-17,714.95,718.2,708.45,712.5,680.2928571428571,0.5750273054670628,78.69034406215314,0.0,1.75,0,0,0,1,1
2017-10-18,715.85,717.8,707.1,709.6,684.5964285714284,0.6437172846820781,77.7412280701754,3.3500000000000227,0.8999999999999773,0,1,1,1,1
2017-10-19,708.85,711.0,702.9,705.5,688.5821428571427,0.6615790555749539,73.8478027867095,-0.75,-7.0,1,1,1,1,1
2017-10-23,706.6,714.35,705.7,712.0,692.8285714285713,0.7000653678932902,64.81614996395092,1.1000000000000227,-2.25,1,1,1,1,1
2017-10-24,716.7,728.3,714.05,719.3,697.0071428571428,0.7360214673366633,65.56104446012696,4.7000000000000455,10.100000000000023,0,1,1,0,0
2017-10-25,722.05,726.7,709.5,717.6,701.1928571428571,0.7581261995876203,70.2723146747353,2.75,5.349999999999909,1,1,1,0,0
2017-10-26,717.7,732.8,715.8,729.2,706.0642857142857,0.8499368287019792,83.88728323699426,0.10000000000002274,-4.349999999999909,0,0,0,0,0
2017-10-27,732.9,734.75,722.6,726.8,708.5892857142856,0.8590375808471785,78.25040128410906,3.699999999999932,15.199999999999932,0,0,0,0,0
2017-10-30,729.9,735.0,713.15,718.25,710.0892857142856,0.8349366745895641,57.17054263565889,3.1000000000000227,-3.0,0,0,0,0,0
2017-10-31,724.0,729.8,697.2,703.8,711.017857142857,0.6777698934268402,41.00080710250195,5.75,-5.899999999999977,1,1,1,1,0
2017-11-01,713.55,717.0,703.6,707.3,712.8035714285713,0.4829570674413151,45.87301587301584,9.75,-10.450000000000045,0,1,0,0,0
2017-11-02,708.95,708.95,697.5,706.1,713.8392857142856,0.1341144006759909,47.14518760195759,1.650000000000091,-4.599999999999909,1,1,0,0,0
2017-11-03,708.0,713.05,703.65,708.9,713.6999999999998,0.03077537380214482,52.833333333333314,1.8999999999999773,-0.9500000000000455,0,0,0,0,0
2017-11-06,704.95,715.95,699.3,706.8,713.1178571428569,7.786187726811813e-05,45.323741007194194,-3.949999999999932,-3.0499999999999545,0,0,0,0,0
2017-11-07,709.9,713.15,686.35,693.2,711.7392857142855,-0.12434339480253512,28.91760904684979,3.1000000000000227,4.949999999999932,0,1,1,0,0
2017-11-08,695.2,700.5,684.05,693.15,710.5642857142855,-0.23819293620628937,29.709543568464696,2.0,-14.699999999999932,1,1,0,0,0
2017-11-09,699.0,705.05,693.5,703.4,710.4142857142854,-0.4242139120837723,28.098471986417593,5.850000000000023,3.7999999999999545,0,0,0,0,0
2017-11-10,700.6,708.7,695.7,702.25,709.7178571428568,-0.5289886397118323,28.707718993928864,-2.7999999999999545,1.6000000000000227,0,0,0,0,0
2017-11-13,703.5,704.45,687.1,691.05,707.6999999999997,-0.3885985004731666,27.446102819237097,1.25,2.8999999999999773,0,0,0,1,1
2017-11-14,689.5,695.1,681.7,685.5,705.4071428571425,-0.006108417512992802,32.19844357976653,-1.5499999999999545,-14.0,0,1,1,1,1
2017-11-15,679.0,681.5,669.25,677.75,701.7321428571424,0.5726118577637035,23.450134770889463,-6.5,-10.5,1,1,1,1,1
2017-11-16,682.9,689.5,676.2,686.35,698.8428571428568,0.765475108405196,34.33782712133227,5.149999999999977,3.8999999999999773,1,1,1,1,1
2017-11-17,694.0,709.3,694.0,701.2,697.6249999999998,0.6403894705746719,44.87350199733692,7.649999999999977,11.100000000000023,1,1,1,1,1
2017-11-20,697.9,707.9,690.15,702.15,697.5071428571426,0.4885586613345593,46.855983772819485,-3.300000000000068,3.8999999999999773,1,1,1,1,1
2017-11-21,703.9,718.5,702.0,711.35,697.7964285714285,0.23211207820642252,63.04816678648451,1.75,6.0,0,1,0,0,0
2017-11-22,713.45,717.0,706.3,711.05,698.1499999999997,0.0338309093830143,62.822349570200544,2.1000000000000227,9.550000000000068,1,0,0,0,0
2017-11-23,713.4,716.5,707.15,712.7,698.4214285714285,-0.18154817546911065,57.598039215686306,2.3500000000000227,-0.05000000000006821,0,0,0,0,0
2017-11-24,712.05,712.8,703.25,708.45,698.5392857142857,-0.3516924848868256,54.82115085536549,-0.650000000000091,-1.3500000000000227,0,0,1,0,0
2017-11-27,709.0,709.0,699.05,702.55,699.2071428571427,-0.334565900245459,59.745762711864366,0.5499999999999545,-3.0499999999999545,1,1,0,0,0
2017-11-28,701.8,712.9,697.15,703.85,699.9714285714284,-0.30410726177458136,66.75799086757982,-0.75,-7.2000000000000455,1,0,0,0,0
2017-11-29,702.2,711.0,702.2,709.3,700.392857142857,-0.4184013350261251,80.07626310772145,-1.6499999999999773,0.40000000000009095,0,0,0,0,0
2017-11-30,705.0,707.0,690.0,694.15,699.8142857142856,-0.5815447208480725,56.610169491525355,-4.2999999999999545,2.7999999999999545,0,0,0,0,0
2017-12-01,694.9,697.9,677.0,680.9,699.0892857142856,-0.537041648602006,32.3170731707317,0.75,-10.100000000000023,1,0,0,1,1
2017-12-04,685.1,692.9,680.5,687.8,699.2535714285713,-0.49701818026598266,38.674033149171294,4.2000000000000455,-9.799999999999955,0,0,1,1,1
2017-12-05,685.0,685.55,671.0,675.7,699.1071428571428,-0.24389564463252245,23.094339622641584,-2.7999999999999545,-0.10000000000002274,0,1,1,1,1
2017-12-06,667.0,671.45,660.7,667.6,697.767857142857,-0.00956540645429204,20.661715057393735,-8.700000000000045,-18.0,1,1,1,1,1
2017-12-07,670.0,690.0,670.0,688.0,696.8249999999998,0.10451954782209613,36.69181034482755,2.3999999999999773,3.0,1,1,1,0,0
2017-12-08,689.1,713.85,685.15,697.8,696.5142857142855,0.1124689832378321,44.58566344687336,1.1000000000000227,19.100000000000023,1,0,0,0,0
2017-12-11,698.75,706.55,694.65,699.55,695.6714285714282,0.10359811301250069,48.40764331210191,0.9500000000000455,9.649999999999977,0,0,0,0,1
2017-12-12,698.8,708.1,686.1,689.85,694.1571428571426,0.16095198836243876,43.177387914229996,-0.75,0.049999999999954525,0,0,1,1,1
2017-12-13,691.9,693.15,675.85,680.85,691.8821428571426,0.2852180683056224,36.59915214319359,2.0499999999999545,-6.899999999999977,1,1,1,1,1
2017-12-14,685.0,688.75,671.1,685.75,690.260714285714,0.278764425871321,45.62043795620437,4.149999999999977,-6.899999999999977,1,1,1,1,1
2017-12-15,696.0,700.85,691.05,694.7,689.6999999999998,0.13098298729523794,57.53275109170312,10.25,11.0,1,1,1,1,1
2017-12-18,689.1,714.8,674.0,704.7,689.7607142857141,-0.13740564622426976,58.922914466737126,-5.600000000000023,-6.899999999999977,1,0,1,1,1
2017-12-19,709.0,712.0,705.2,710.2,689.8249999999999,-0.49137466217972625,69.58002270147561,4.2999999999999545,19.899999999999977,0,1,1,1,1
2017-12-20,716.9,716.9,691.95,702.8,690.4428571428571,-0.6058309006832047,70.13729977116702,6.699999999999932,7.899999999999977,1,1,1,1,1
2017-12-21,702.8,717.25,701.0,714.6,692.85,-0.5437379157510988,66.87817258883248,0.0,-14.100000000000023,0,1,1,1,1
2017-12-22,716.8,716.8,707.1,711.2,694.5214285714286,-0.48727139454761464,59.25414364640889,2.199999999999932,14.0,1,1,1,1,1
2017-12-26,714.0,725.0,712.0,721.65,697.8035714285714,-0.11070427940729774,63.625154130702846,2.7999999999999545,-2.7999999999999545,1,1,1,1,1
2017-12-27,721.75,729.6,717.9,723.45,701.7928571428572,0.4126998232170852,72.9508196721311,0.10000000000002274,7.75,1,1,0,1,1
2017-12-28,725.05,739.5,724.6,736.25,705.2392857142858,0.7014446225092434,85.9740259740259,1.599999999999909,3.2999999999999545,0,0,0,0,1
2017-12-29,738.0,744.85,730.0,732.4,707.7107142857143,0.7835546256721416,80.71099407504929,1.75,12.950000000000045,0,0,1,1,1
2018-01-01,732.5,735.4,719.5,722.2,709.3285714285715,0.7704315741425808,67.81088082901553,0.10000000000002274,-5.5,1,1,1,1,1
2018-01-02,724.0,731.25,715.25,729.3,712.1464285714286,0.7978508209629925,66.55450874831757,1.7999999999999545,-8.5,1,1,1,1,1
2018-01-03,732.0,737.5,731.25,734.95,716.0107142857144,0.8532245523800883,66.62189388851577,2.7000000000000455,8.0,1,1,1,1,1
2018-01-04,736.5,763.45,732.0,760.25,721.3321428571429,0.9132347279994888,81.10449377368711,1.5499999999999545,4.5,1,1,1,1,1
2018-01-05,764.0,776.9,762.5,770.7,726.7607142857144,0.9348976024578874,80.82417582417588,3.75,27.5,0,1,1,1,0
2018-01-08,777.75,777.85,765.0,768.75,731.3357142857143,0.9458582721612192,82.1328866554997,7.0499999999999545,13.75,1,1,1,1,1
2018-01-09,770.0,780.85,767.0,772.3,735.7714285714285,0.9549590181903487,80.64125831820931,1.25,-7.75,1,0,0,1,0
2018-01-10,771.25,777.0,762.9,772.85,740.775,0.9510105683261221,80.34398034398033,-1.0499999999999545,1.25,0,0,1,0,1
2018-01-11,772.85,777.9,768.35,770.95,744.8000000000001,0.940813902200676,74.60992907801422,0.0,1.6000000000000227,0,1,0,1,0
2018-01-12,771.2,776.8,760.05,770.25,749.0178571428571,0.9180506530012242,78.09948032665183,0.25,-1.6499999999999773,1,0,1,0,0
2018-01-15,772.0,793.0,771.0,783.5,753.4357142857143,0.919470385252283,93.53693181818173,1.75,0.7999999999999545,0,0,0,0,0
2018-01-16,782.75,782.75,760.1,765.75,756.4571428571428,0.863197725508626,72.48611967921035,-0.75,10.75,1,0,0,0,1
2018-01-17,768.0,777.95,757.0,774.0,759.1535714285714,0.8457327934906077,73.34130304841597,2.25,-14.75,0,0,0,1,0
2018-01-18,775.0,779.85,746.2,751.75,760.5357142857143,0.6973560656180909,44.72704714640199,1.0,7.0,1,1,1,1,1
2018-01-19,752.5,762.0,742.5,753.0,762.7357142857143,0.4821674498826305,37.605042016806706,0.75,-22.5,0,1,1,1,1
2018-01-22,752.0,756.4,747.35,752.2,764.3714285714286,0.14012421420686205,38.22064056939505,-1.0,-0.5,1,1,1,1,1
2018-01-23,752.0,787.1,752.0,779.75,767.5714285714286,-0.1444366894294146,53.952254641909846,-0.20000000000004547,0.0,0,0,1,0,0
2018-01-24,780.5,780.6,757.15,762.1,767.7035714285714,-0.33771917883925545,45.17287831162999,0.75,28.5,1,1,1,0,0
2018-01-25,765.0,773.1,758.25,769.15,767.592857142857,-0.3119110397719368,49.22746781115877,2.8999999999999773,-15.5,1,1,0,0,0
2018-01-29,771.0,791.8,770.15,783.15,768.6214285714285,-0.18455193925972163,54.96918335901386,1.8500000000000227,6.0,0,0,0,0,0
2018-01-30,780.6,783.9,771.25,775.85,768.875,-0.09240496483387417,46.911586596689546,-2.5499999999999545,9.600000000000023,0,0,0,0,0
2018-01-31,735.5,747.9,701.7,705.05,764.0321428571427,-0.1147207675988936,32.843414358394554,-40.35000000000002,-45.10000000000002,0,0,0,0,0
2018-02-01,708.0,712.75,681.6,696.75,758.7321428571428,0.05329829116967203,28.171799943486832,2.9500000000000455,-27.5,0,0,0,0,0
2018-02-02,692.0,693.0,666.05,670.45,751.6035714285714,0.45652025361727144,27.541436464088378,-4.75,-16.0,0,0,0,1,1
2018-02-05,661.0,674.5,650.5,664.05,743.0714285714284,0.7797222045176214,26.107977437550332,-9.450000000000045,-31.0,1,0,1,1,1
2018-02-06,641.0,679.0,632.55,664.5,735.8392857142856,0.8520428885640512,26.3993541442411,-23.049999999999955,-20.0,0,1,1,1,1
2018-02-07,668.0,682.2,657.0,661.8,727.8249999999998,0.8742591970746968,13.358185771978867,3.5,27.0,1,1,1,1,1
2018-02-08,660.05,677.0,654.0,671.45,722.0892857142856,0.8516604317914187,20.366132723112173,-1.75,-7.9500000000000455,1,1,1,1,1
2018-02-09,663.7,690.0,660.15,685.3,717.2535714285713,0.8070148156768354,23.755868544600958,-7.75,3.650000000000091,1,1,1,1,0
2018-02-12,716.0,716.9,697.4,713.1,714.4607142857141,0.7120331070389723,29.818496110630974,30.700000000000045,52.299999999999955,0,0,0,0,0
2018-02-14,719.3,720.5,704.55,708.0,709.3357142857141,0.6181985290989607,30.20134228187922,6.199999999999932,3.2999999999999545,0,0,0,0,0
2018-02-15,711.35,719.15,697.25,700.55,704.9392857142855,0.534340214193898,47.91666666666667,3.3500000000000227,-7.949999999999932,0,0,0,0,0
2018-02-16,708.0,709.5,683.6,689.75,699.2678571428569,0.44359292103694054,46.832579185520366,7.4500000000000455,-3.3500000000000227,0,0,0,0,0
2018-02-19,693.4,693.4,639.0,648.85,689.6749999999998,0.3902837022845779,41.366906474820155,3.6499999999999773,-14.600000000000023,1,0,0,1,1
2018-02-20,654.8,661.5,648.15,651.3,680.7785714285711,0.23780168349010902,44.73792818819645,5.949999999999932,-38.60000000000002,0,0,1,1,1
2018-02-21,654.9,655.55,633.0,640.95,676.1999999999998,0.286157063504826,41.014879816863804,3.6000000000000227,0.10000000000002274,0,1,1,1,1
2018-02-22,640.35,647.8,632.85,637.55,671.9714285714283,0.3381266458967561,40.79696394686907,-0.6000000000000227,-14.549999999999955,1,1,1,1,1
2018-02-23,640.85,686.4,639.0,677.75,672.4928571428569,0.33852609979117954,51.94085027726432,3.300000000000068,0.5,1,0,0,0,0
2018-02-26,680.0,692.65,673.2,680.2,673.6464285714284,0.38467658396366805,48.31013916500997,2.25,39.14999999999998,0,0,0,0,0
2018-02-27,681.4,686.9,669.2,671.75,674.1642857142855,0.4816840200941393,34.283542379323464,1.1999999999999318,1.3999999999999773,0,1,0,0,0
2018-02-28,663.85,675.0,660.0,671.6,674.8642857142856,0.6122389967044404,35.62401263823067,-7.899999999999977,-17.549999999999955,1,0,0,0,0
2018-03-01,671.35,685.0,670.05,675.05,675.1214285714284,0.6964025744065502,39.60032626427405,-0.25,7.5,0,0,0,0,0
2018-03-05,669.25,669.3,651.8,655.9,673.0214285714284,0.7461765681044629,37.07521954944634,-5.7999999999999545,-2.1000000000000227,1,0,0,0,0
2018-03-06,664.85,674.0,656.55,659.75,669.2107142857141,0.6637260509873518,55.80404685835994,8.950000000000045,-4.399999999999977,0,0,0,0,0
2018-03-07,657.0,661.4,644.65,647.7,664.9035714285712,0.5574780368714258,48.26086956521743,-2.75,-7.850000000000023,0,0,0,0,0
2018-03-08,656.9,660.95,632.7,635.9,660.2857142857141,0.4398725335337594,47.59409242496424,9.199999999999932,-0.10000000000002274,0,0,0,0,0
2018-03-09,640.05,646.75,601.5,606.75,654.3571428571428,0.49393048027075004,38.217291507268584,4.149999999999977,-16.850000000000023,1,1,1,1,0
2018-03-12,614.45,626.4,606.4,622.9,652.5035714285713,0.7285161181914604,24.28504453820908,7.7000000000000455,-25.59999999999991,1,0,0,0,0
2018-03-13,623.0,633.2,614.35,628.85,650.8999999999999,0.7965903243425236,26.69087607807535,0.10000000000002274,8.549999999999955,0,0,0,0,0
2018-03-14,624.0,630.9,618.6,620.55,649.442857142857,0.8845157343946337,26.727272727272705,-4.850000000000023,1.0,0,0,0,0,0
2018-03-15,620.0,622.6,609.6,611.75,647.5999999999998,0.9470207602187901,24.77876106194688,-0.5499999999999545,-4.0,0,0,0,0,0
2018-03-16,611.75,613.9,594.4,600.2,642.0607142857142,0.958104800919833,20.473372781065123,0.0,-8.25,0,0,0,0,0
2018-03-19,600.0,601.9,572.85,574.95,634.5428571428571,0.9704898077398297,19.533308242378652,-0.20000000000004547,-11.75,1,1,1,0,1
2018-03-20,571.0,600.9,568.45,593.0,628.9178571428571,0.9536151205508026,27.303638218293088,-3.9500000000000455,-29.0,0,0,0,0,0
2018-03-21,598.95,601.7,580.5,582.25,622.5357142857141,0.9451357271810678,27.547169811320742,5.9500000000000455,27.950000000000045,0,0,0,1,0
2018-03-22,582.7,587.45,572.0,580.9,615.8107142857142,0.9311673397189981,29.674796747967477,0.4500000000000455,-16.25,0,1,1,0,0
2018-03-23,560.05,568.8,553.5,566.5,609.425,0.9310176846940164,33.30568228950642,-20.850000000000023,-22.65000000000009,1,1,1,1,1
2018-03-26,568.9,588.35,560.8,581.55,603.8392857142856,0.8956441339000201,32.69150272080367,2.3999999999999773,8.850000000000023,1,0,0,0,0
2018-03-27,590.45,599.0,587.55,590.0,599.7178571428569,0.8257867333832694,34.071340713407125,8.900000000000091,21.550000000000068,0,0,0,0,0
2018-03-28,581.05,583.0,565.3,571.05,595.0857142857141,0.8193617215283924,31.334841628959268,-8.950000000000045,-9.400000000000091,1,1,0,1,1
2018-04-02,573.1,580.3,568.1,578.8,593.0892857142854,0.8172086505370252,37.476244773850226,2.050000000000068,-7.949999999999932,1,0,1,1,1
2018-04-03,570.2,585.45,568.35,579.7,590.0035714285713,0.7757366307744625,41.52191894127379,-8.599999999999909,-2.8999999999999773,0,1,1,1,1
2018-04-04,583.1,590.5,557.55,560.55,585.1249999999998,0.775413093092173,43.728222996515655,3.3999999999999773,12.899999999999977,1,1,1,1,1
2018-04-05,573.85,583.6,569.5,580.45,582.260714285714,0.6732152135288791,44.62066009429922,13.300000000000068,-9.25,1,1,1,1,1
2018-04-06,574.85,589.9,573.0,587.2,580.5071428571426,0.42227939183554053,52.19707057256991,-5.600000000000023,1.0,0,1,1,1,1
2018-04-09,589.5,595.75,583.4,586.15,579.5035714285711,0.10487867134690912,52.336448598130836,2.2999999999999545,14.649999999999977,1,1,1,1,1
2018-04-10,593.0,604.6,592.3,601.9,581.4285714285712,0.012005031431061427,65.56728232189967,6.850000000000023,3.5,1,0,0,0,0
2018-04-11,608.0,610.9,600.35,608.05,582.5035714285713,-0.3019871796230777,62.64312977099232,6.100000000000023,15.0,0,0,0,0,0
2018-04-12,606.9,608.75,596.7,598.4,583.6571428571426,-0.40207854838201507,53.96226415094337,-1.1499999999999773,-1.1000000000000227,0,0,0,1,1
2018-04-13,600.0,604.7,590.4,594.05,584.5964285714283,-0.47165663473407105,62.58205689277895,1.6000000000000227,-6.899999999999977,0,1,1,1,1
2018-04-16,591.0,596.8,585.15,591.6,586.3892857142855,-0.32534524569145784,57.433217189314774,-3.0499999999999545,-9.0,1,1,1,1,1
2018-04-17,595.0,604.6,591.95,596.05,587.4249999999998,-0.3121328046065993,59.11879531511427,3.3999999999999773,4.0,1,1,1,1,1
2018-04-18,600.95,604.9,594.6,601.6,588.2535714285713,-0.3828050640821554,76.98882314266932,4.900000000000091,5.9500000000000455,1,1,1,0,0
2018-04-19,606.05,624.5,606.05,621.95,591.8892857142856,0.09224761227475912,77.12418300653596,4.449999999999932,5.099999999999909,0,0,0,0,0
2018-04-20,618.95,618.95,602.6,606.2,593.8464285714286,0.3497494276386832,61.11111111111111,-3.0,12.900000000000091,1,0,0,0,0
2018-04-23,608.3,611.0,600.1,606.6,595.7678571428571,0.49828795739299137,62.05067766647028,2.099999999999909,-10.650000000000091,0,0,0,0,0
2018-04-24,594.45,601.8,589.4,597.55,598.4107142857143,0.52458394643962,47.21689059500959,-12.149999999999977,-13.849999999999909,0,0,0,0,0
2018-04-25,598.0,598.5,584.3,586.2,598.8214285714286,0.23244623322709723,36.8926214757049,0.4500000000000455,3.5499999999999545,0,1,1,0,0
2018-04-26,588.0,591.55,576.7,578.2,598.1785714285714,-0.08844450239342155,37.63769889840884,1.7999999999999545,-10.0,1,1,0,1,1
2018-04-27,582.95,594.75,581.25,589.8,598.4392857142857,-0.3126778226473149,47.61101742551995,4.75,-5.0499999999999545,1,0,0,0,1
2018-04-30,591.65,599.9,586.0,594.95,597.9428571428572,-0.3117951169115011,51.82760501909439,1.8500000000000227,8.699999999999932,0,0,0,1,1
2018-05-02,597.1,597.4,572.95,574.5,595.5464285714287,-0.2620764149441997,39.99071063632144,2.1499999999999773,5.4500000000000455,1,1,1,1,1
2018-05-03,574.0,587.4,568.1,585.45,594.6214285714287,-0.2669894461865328,42.85714285714287,-0.5,-23.100000000000023,0,1,1,1,1
2018-05-04,586.7,589.8,579.25,580.75,593.6714285714288,-0.29499839172680226,28.850102669404507,1.25,12.700000000000045,1,1,1,1,1
2018-05-07,585.95,597.95,581.0,596.45,594.0178571428575,-0.37808624297166304,44.992295839753474,5.2000000000000455,-0.75,0,1,0,1,1
2018-05-08,600.0,604.2,590.5,596.35,594.039285714286,-0.4340840211113359,44.719216898505934,3.5499999999999545,14.049999999999955,1,0,1,1,1
2018-05-09,593.4,608.85,592.55,603.15,594.1500000000003,-0.45947128858392083,52.953586497890306,-2.9500000000000455,-6.600000000000023,0,1,1,1,1
2018-05-10,603.9,606.8,591.15,594.15,592.1642857142859,-0.23498937374932266,54.299621416982106,0.75,10.5,1,1,1,1,1
2018-05-11,597.0,610.55,591.2,607.25,592.2392857142859,-0.3013818437946227,64.88980010251149,2.8500000000000227,-6.899999999999977,1,1,1,1,0
2018-05-14,608.2,614.95,602.3,610.35,592.507142857143,-0.43835894561565614,61.53846153846154,0.9500000000000455,11.200000000000045,1,1,0,0,0
2018-05-15,609.0,636.8,605.5,625.95,594.5357142857146,-0.43947732058073247,65.57788944723615,-1.3500000000000227,0.7999999999999545,0,0,0,0,0
2018-05-16,626.0,632.5,616.95,621.25,597.0392857142859,-0.22628850179483762,77.91044776119395,0.049999999999954525,17.0,0,0,0,0,0
2018-05-17,629.95,630.8,602.15,610.3,599.3321428571429,0.04127157353066346,64.83582089552229,8.700000000000045,3.9500000000000455,0,0,0,0,0
2018-05-18,615.0,616.7,590.35,591.4,599.4464285714287,0.03371340557377228,55.43644716692188,4.7000000000000455,-14.950000000000045,0,0,0,0,0
2018-05-21,592.5,600.75,574.75,577.0,598.1642857142858,-0.07904577938067617,39.93792033109155,1.1000000000000227,-22.5,0,0,0,0,0
2018-05-22,578.1,583.5,569.5,576.8,598.3285714285714,-0.18709505970744017,39.89664082687336,1.1000000000000227,-14.399999999999977,0,0,0,0,0
2018-05-23,576.0,576.0,537.4,540.05,595.0857142857142,-0.1259559682779661,25.098658247829533,-0.7999999999999545,-2.1000000000000227,1,1,1,1,1
2018-05-24,543.9,553.9,536.55,548.2,592.7607142857142,0.001381057256097301,31.74413984902668,3.8500000000000227,-32.10000000000002,1,1,1,1,1
2018-05-25,554.0,570.8,552.0,568.25,590.7464285714285,0.11245344213701484,35.31626506024098,5.7999999999999545,10.100000000000023,1,1,1,1,0
2018-05-28,571.0,579.45,565.1,576.65,589.3392857142856,0.1702498464478982,37.798696596669075,2.75,17.0,0,1,0,0,0
2018-05-29,574.95,588.0,569.35,575.35,587.3535714285714,0.22141762089397152,29.563812600969314,-1.6999999999999318,3.9500000000000455,1,1,0,0,0
2018-05-30,568.05,581.5,567.55,577.9,586.1928571428571,0.2498643092695529,32.18249075215782,-7.300000000000068,-6.900000000000091,0,0,0,0,1
2018-05-31,584.0,587.3,572.05,575.65,583.9357142857142,0.28920240935766883,34.66135458167331,6.100000000000023,15.950000000000045,0,0,0,1,1
2018-06-01,570.0,579.6,556.3,560.65,580.3857142857141,0.38232265182507674,35.9009628610729,-5.649999999999977,-14.0,1,1,1,1,1
2018-06-04,564.05,572.5,560.3,566.15,576.1142857142855,0.3918789321065287,44.58312531203194,3.3999999999999773,-5.9500000000000455,1,1,1,1,1
2018-06-05,566.8,574.9,560.6,572.1,572.6035714285712,0.275711395735445,47.78092540132203,0.6499999999999773,2.75,1,1,1,1,1
2018-06-06,574.45,581.7,569.2,579.75,570.4214285714284,-0.029379087135772225,75.84635416666671,2.3500000000000227,7.650000000000091,1,1,1,1,0
2018-06-07,582.1,603.9,581.9,602.1,571.1857142857141,-0.4225386867063951,79.61538461538464,2.3500000000000227,7.649999999999977,0,0,0,0,0
2018-06-08,599.0,608.2,592.0,600.5,572.8642857142855,-0.5752791501119096,72.22605099931083,-3.1000000000000227,16.899999999999977,0,0,0,0,0
2018-06-11,601.05,605.5,586.25,588.65,573.7107142857141,-0.702384625319087,57.89473684210526,0.5499999999999545,2.0499999999999545,0,0,0,0,0
2018-06-12,586.95,588.75,577.2,580.0,576.5642857142855,-0.6136435103742995,52.78944211157767,-1.6999999999999318,-14.099999999999909,0,0,0,0,0
2018-06-13,579.6,583.8,566.0,567.6,577.9499999999997,-0.45620691082360687,44.47424892703866,-0.39999999999997726,-7.350000000000023,1,0,0,0,0
2018-06-14,567.0,574.8,561.0,569.55,578.0428571428569,-0.3936682364332715,46.716899892357354,-0.6000000000000227,-12.600000000000023,0,0,0,0,0
2018-06-15,571.2,574.8,562.0,566.0,577.2821428571426,-0.41970864403327807,53.28422344996933,1.650000000000091,4.2000000000000455,0,0,0,0,0
2018-06-18,563.0,563.45,547.3,558.5,576.0785714285712,-0.4184808264064827,45.41641701617737,-3.0,-8.200000000000045,0,1,0,1,1
2018-06-19,558.0,565.6,549.45,555.0,574.442857142857,-0.4657699422699393,39.444444444444414,-0.5,-5.0,1,1,1,1,0
2018-06-20,556.25,565.9,553.3,563.25,573.5571428571427,-0.5728415648543437,39.88970588235292,1.25,-1.75,0,0,0,0,0
2018-06-21,568.95,568.95,556.1,557.75,573.3499999999998,-0.46316271541553056,15.752895752895682,5.7000000000000455,12.700000000000045,1,1,0,0,0
2018-06-22,560.4,564.6,556.1,561.85,573.0428571428571,-0.4015088385247224,21.26394052044607,2.6499999999999773,-8.550000000000068,0,0,0,0,1
2018-06-25,559.8,564.8,556.35,558.6,572.0785714285713,-0.32302617972727626,24.38192668371694,-2.050000000000068,-0.6000000000000227,0,0,0,1,1
2018-06-26,558.35,559.9,538.25,549.5,569.9178571428571,-0.06377258369728257,24.19627749576985,-0.25,-1.4499999999999318,0,0,1,1,1
2018-06-27,551.7,552.5,539.1,543.2,565.7107142857142,0.4080656559458013,26.981132075471663,2.2000000000000455,-6.649999999999977,1,1,1,1,1
2018-06-28,545.0,556.5,544.0,548.45,561.9928571428571,0.6457210812797778,31.261101243339326,1.7999999999999545,-6.7000000000000455,1,1,1,1,1
2018-06-29,551.95,569.8,551.05,567.75,560.5,0.5069448380849529,51.214434420541295,3.5,6.9500000000000455,0,0,1,0,0
2018-07-02,575.95,586.5,556.25,560.5,559.1071428571429,0.37995068887988204,51.39275766016713,8.200000000000045,24.0,1,1,0,0,0
2018-07-03,561.95,572.4,553.45,566.0,558.9928571428571,0.15795019734540733,57.45257452574526,1.4500000000000455,-14.0,1,0,0,0,1
2018-07-04,567.4,573.4,559.55,571.1,559.1035714285714,-0.1440907872511813,55.55555555555557,1.3999999999999773,5.449999999999932,0,0,0,0,0
2018-07-05,565.0,565.0,552.0,553.3,558.1964285714286,-0.17783565411802185,47.317661241711846,-6.100000000000023,-2.3999999999999773,1,1,1,1,1
2018-07-06,550.0,564.25,546.35,553.5,557.8392857142857,-0.13221866178005295,44.718532574320044,-3.2999999999999545,-15.0,1,1,1,1,1
2018-07-09,563.7,565.75,554.75,555.6,557.8821428571429,-0.07304847669555282,48.07445442875482,10.200000000000045,13.700000000000045,1,1,0,1,0
2018-07-10,559.0,571.0,556.9,568.65,558.2678571428571,-0.23756406887890658,61.69822846670737,3.3999999999999773,-4.7000000000000455,0,0,0,0,0
2018-07-11,565.7,565.7,554.15,555.7,558.1214285714286,-0.235193645605709,57.06214689265537,-2.949999999999932,6.7000000000000455,0,1,0,0,0
2018-07-12,560.0,567.9,553.15,555.2,557.6464285714286,-0.3462694638085315,54.02985074626865,4.2999999999999545,-5.7000000000000455,1,0,0,0,0
2018-07-13,559.35,562.0,553.0,558.6,557.6464285714286,-0.49186918208713737,43.257184966838636,4.149999999999977,-0.6499999999999773,0,0,0,0,0
2018-07-16,559.7,559.9,517.05,519.25,555.4857142857144,0.0834887314567859,29.364682341170592,1.1000000000000227,0.35000000000002274,1,0,0,0,0
2018-07-17,522.0,535.7,513.0,532.35,554.7107142857144,0.6262090517131262,34.35611343561136,2.75,-37.700000000000045,0,0,0,0,0
2018-07-18,536.0,536.95,501.0,504.25,551.5535714285714,0.9405861915766859,24.396782841823054,3.6499999999999773,14.0,0,0,1,1,1
2018-07-19,508.0,513.4,493.0,498.65,546.6178571428572,0.9258398805656702,26.91170257710182,3.75,-28.0,1,1,1,1,1
2018-07-20,499.0,505.75,495.0,503.2,542.5250000000001,0.8875074544286002,29.502852485737563,0.35000000000002274,-9.0,1,1,1,1,1
2018-07-23,506.0,519.5,498.3,516.9,539.0178571428572,0.8078971083801789,35.59195830230824,2.8000000000000114,7.0,1,1,1,1,1
2018-07-24,516.0,529.6,516.0,527.4,535.8964285714286,0.6991254866588539,34.34535104364326,-0.8999999999999773,10.0,1,1,1,1,1
2018-07-25,531.0,538.0,529.0,536.0,534.6607142857143,0.5807800575072953,42.2684458398744,3.6000000000000227,15.0,0,1,1,1,1
2018-07-26,536.95,539.95,531.35,534.85,533.3285714285714,0.48727887493152383,42.05388520109332,0.9500000000000455,5.9500000000000455,1,1,1,1,1
2018-07-27,538.0,553.55,536.3,550.2,532.9428571428572,0.31298205003420054,47.000000000000014,3.1499999999999773,1.0499999999999545,1,1,1,1,1
2018-07-30,549.45,558.5,547.35,553.0,531.825,0.07263726943017577,66.31222812953118,-0.75,11.450000000000045,1,1,1,1,1
2018-07-31,551.95,564.9,543.55,563.05,532.35,-0.16805306334586112,65.2888446215139,-1.0499999999999545,2.5,0,0,0,0,1
2018-08-01,562.85,567.6,551.3,555.8,532.3928571428572,-0.38688948097195036,82.4010056568196,-0.1999999999999318,10.899999999999977,0,0,0,1,1
2018-08-02,552.7,560.9,540.6,554.3,532.0857142857143,-0.6917247482311135,86.87872763419485,-3.099999999999909,-10.149999999999977,1,0,1,1,1
2018-08-03,556.4,560.0,550.65,554.45,534.6,-0.7172265426994523,86.06615059817034,2.1000000000000227,3.699999999999932,0,1,1,1,1
2018-08-06,559.0,564.9,551.25,553.25,536.0928571428572,-0.8752572466420742,81.04184457728435,4.5499999999999545,2.6000000000000227,1,1,1,1,1
2018-08-07,557.35,576.7,553.65,573.15,541.0142857142857,-0.653233600690826,83.66445916114787,4.100000000000023,-1.6499999999999773,1,1,1,0,1
2018-08-08,578.25,583.75,573.55,577.5,546.6464285714286,-0.028178909103838277,82.57456828885398,5.100000000000023,20.899999999999977,1,0,0,1,0
2018-08-09,580.0,587.7,575.8,585.95,552.5571428571428,0.5423578122078502,85.9859154929577,2.5,1.75,0,0,0,0,0
2018-08-10,585.95,586.0,572.7,576.7,556.8285714285714,0.7228720088220846,70.41602465331276,0.0,5.9500000000000455,0,1,0,1,1
2018-08-13,574.95,582.15,566.0,568.8,559.7857142857143,0.7334984513979922,61.285714285714214,-1.75,-11.0,1,0,1,1,1
2018-08-14,587.0,587.0,562.55,578.95,562.8535714285715,0.7781448506092731,61.34094151212554,18.200000000000045,12.049999999999955,0,1,1,1,0
2018-08-16,570.0,576.7,563.25,567.55,565.1892857142857,0.744763783278682,57.912457912457874,-8.950000000000045,-17.0,1,1,1,1,1
2018-08-17,571.95,585.2,571.8,580.15,567.3285714285714,0.7569790151570704,65.14352665495014,4.400000000000091,1.9500000000000455,1,1,0,0,1
2018-08-20,583.0,601.8,582.9,599.4,570.6428571428571,0.7816392130332739,71.51747247486824,2.8500000000000227,11.049999999999955,0,0,0,0,0
2018-08-21,602.25,602.45,580.55,582.15,572.0071428571429,0.7875766614702007,61.991701244813235,2.8500000000000227,19.25,0,0,0,1,1
2018-08-23,584.9,584.9,570.15,571.65,573.1392857142857,0.6952502436336886,49.32493249324933,2.75,-17.350000000000023,1,1,1,1,1
2018-08-24,570.35,579.35,568.25,575.6,574.6607142857142,0.5947323332449587,49.14182475158086,-1.2999999999999545,-14.549999999999955,1,1,1,1,1
2018-08-27,581.9,587.0,579.0,581.2,576.5714285714286,0.4790253182321447,47.79786740843765,6.2999999999999545,11.549999999999955,1,1,1,1,1
2018-08-28,582.5,593.9,578.1,590.35,579.2214285714284,0.3016891341425791,56.33410672853825,1.2999999999999545,0.6000000000000227,1,1,1,1,1
2018-08-29,590.3,601.85,585.55,594.2,580.725,0.35452467784895675,62.246865959498564,-0.05000000000006821,7.7999999999999545,1,1,1,0,1
2018-08-30,592.3,610.0,591.05,608.35,582.9285714285714,0.5178835575223193,63.64902506963785,-1.900000000000091,2.0,0,0,0,0,0
2018-08-31,608.2,614.5,599.1,600.5,583.9678571428572,0.7115240836181517,65.81853096495439,-0.14999999999997726,15.900000000000091,1,0,0,0,1
2018-09-03,603.0,609.95,598.0,600.75,585.6857142857142,0.7702428856861501,61.22004357298475,2.5,-5.2000000000000455,0,0,0,1,1
2018-09-04,600.9,604.5,590.6,593.05,587.4178571428571,0.7086019491005218,46.0436137071651,0.14999999999997726,-2.1000000000000227,1,1,1,1,0
2018-09-05,590.0,597.0,581.2,594.4,588.5214285714284,0.7010257770994905,59.5182595182595,-3.0499999999999545,-10.899999999999977,1,1,1,0,1
2018-09-06,598.0,607.8,594.5,600.3,590.8607142857142,0.6378297688047221,73.97489539748948,3.6000000000000227,8.0,1,1,0,1,1
2018-09-07,602.3,622.0,597.05,619.15,593.6464285714284,0.7042688432173133,79.16945746818479,2.0,4.2999999999999545,0,0,0,0,0
2018-09-10,619.95,625.0,611.25,613.65,594.6642857142855,0.8703577728889461,71.7639168343393,0.8000000000000682,17.65000000000009,0,0,1,0,0
2018-09-11,615.35,617.0,588.35,592.1,595.3749999999999,0.7617876967146151,51.00632547441059,1.7000000000000455,-4.600000000000023,1,1,0,0,0
2018-09-12,592.5,607.2,583.1,605.55,597.7964285714285,0.6925979112586677,55.877783531848735,0.39999999999997726,-22.850000000000023,1,0,0,0,0
2018-09-14,611.6,620.5,610.0,615.0,600.6107142857142,0.6628472423149717,53.62003266194882,6.050000000000068,19.100000000000023,0,0,0,0,0
