2016-08-29,1123.3,1124.65,1104.15,1111.85,1123.0821428571428,-0.7038586706073849,36.94656488549614,0.0,17.049999999999955,1,1,1,1,1
2016-08-30,1115.0,1148.0,1110.0,1146.2,1123.060714285714,-0.5607906182792459,56.633266533066106,3.150000000000091,-8.299999999999955,1,1,1,1,1
2016-08-31,1157.0,1173.9,1149.0,1157.9,1125.0571428571427,-0.6191016666329765,68.42542584129626,10.799999999999955,42.0,0,1,1,1,1
2016-09-01,1159.85,1164.05,1142.0,1156.95,1125.9035714285715,-0.5358304735847585,71.54648132059083,1.949999999999818,2.849999999999909,1,1,1,1,1
2016-09-02,1158.95,1172.0,1151.3,1167.55,1128.05,-0.4128157040495018,72.6056043496445,2.0,-0.8999999999998636,1,1,1,1,0
2016-09-06,1175.0,1213.9,1170.6,1204.15,1133.3714285714289,0.05847328337697751,78.97271268057784,7.4500000000000455,16.049999999999955,0,0,0,0,0
2016-09-07,1208.0,1209.0,1170.7,1177.2,1137.9178571428572,0.3418453202617128,64.95450542999707,3.849999999999909,33.0,1,0,0,0,0
2016-09-08,1179.0,1190.0,1171.0,1182.6,1143.2928571428572,0.5238524486605252,68.93376893376895,1.7999999999999545,-29.0,0,0,0,0,0
2016-09-09,1181.9,1181.9,1168.0,1171.75,1147.4535714285714,0.5637633176098593,69.80451127819546,-0.6999999999998181,2.900000000000091,0,0,1,0,0
2016-09-12,1156.35,1163.0,1137.0,1154.6,1150.360714285714,0.5032283374129681,59.42771084337347,-15.400000000000091,-25.550000000000182,1,1,1,1,1
2016-09-14,1150.1,1178.95,1150.1,1163.6,1153.0285714285712,0.4839514359740135,65.82084989299906,-4.5,-6.25,1,0,0,1,1
2016-09-15,1170.0,1175.5,1160.0,1173.55,1156.935714285714,0.4873558047452896,59.82752425440169,6.400000000000091,19.90000000000009,0,0,0,0,1
2016-09-16,1173.6,1181.25,1152.0,1155.15,1160.4535714285712,0.37092756957047274,49.05725059993144,0.049999999999954525,3.599999999999909,1,1,1,1,1
2016-09-19,1157.2,1172.0,1157.2,1163.6,1163.3321428571428,0.26289546350160353,52.16824258232796,2.0499999999999545,-16.399999999999864,1,1,1,1,1
2016-09-20,1164.0,1173.7,1162.6,1165.05,1167.1321428571425,-0.00037301509909023735,49.13314840499306,0.40000000000009095,6.7999999999999545,1,1,1,1,1
2016-09-21,1165.9,1176.0,1165.9,1170.6,1168.8749999999998,-0.16454013391209443,35.17454706142276,0.8500000000001364,1.900000000000091,1,1,1,1,1
2016-09-22,1182.3,1197.0,1175.0,1192.0,1171.3107142857139,-0.08302475288790928,56.87732342007434,11.700000000000045,16.399999999999864,0,0,1,1,0
2016-09-23,1201.0,1203.5,1185.0,1191.2,1173.7571428571425,-0.08793734270752117,54.174757281553475,9.0,18.700000000000045,0,1,1,0,0
2016-09-26,1195.0,1195.0,1174.9,1183.0,1174.860714285714,-0.10193470599539858,55.60538116591928,3.7999999999999545,-6.0,1,1,0,0,1
2016-09-27,1184.2,1203.0,1184.2,1192.55,1174.0321428571424,0.3747708855094722,70.45822102425883,1.2000000000000455,-10.799999999999955,1,0,0,1,0
2016-09-28,1193.0,1201.0,1188.1,1193.5,1175.196428571428,0.5463105830295842,67.65053128689502,0.4500000000000455,8.799999999999955,0,0,0,0,1
2016-09-29,1194.35,1203.35,1160.0,1167.35,1174.1071428571424,0.6647152237301742,46.927651139742295,0.849999999999909,1.349999999999909,0,1,1,1,1
2016-09-30,1167.0,1179.95,1156.0,1160.7,1173.3178571428566,0.6521189699171651,53.1127313516545,-0.34999999999990905,-27.34999999999991,1,1,1,1,1
2016-10-03,1170.0,1199.0,1165.4,1193.0,1176.0607142857139,0.6155101636971481,63.00884955752217,9.299999999999955,3.0,0,1,1,0,1
2016-10-04,1202.0,1203.0,1179.4,1192.55,1178.1285714285711,0.6389179081441131,62.276785714285715,9.0,32.0,1,1,0,1,1
2016-10-05,1188.0,1224.0,1185.0,1208.75,1180.6428571428569,0.795986018891782,65.55238483489607,-4.5499999999999545,-14.0,1,0,1,1,0
2016-10-06,1210.1,1222.4,1201.7,1209.5,1184.5249999999996,0.7954148675756082,58.57843137254902,1.349999999999909,22.09999999999991,0,1,1,0,0
2016-10-07,1208.0,1210.0,1180.8,1184.6,1186.0249999999996,0.6171571342775208,47.383029341792174,-1.5,-2.099999999999909,1,1,1,0,0
2016-10-10,1189.0,1219.0,1189.0,1212.65,1189.4249999999997,0.6443321042150504,60.157588215142184,4.400000000000091,-19.0,1,0,0,0,0
2016-10-13,1227.0,1227.3,1208.85,1216.6,1192.7107142857142,0.6812807125187892,58.56786604916278,14.349999999999909,38.0,0,0,0,0,0
2016-10-14,1216.1,1220.0,1202.25,1205.75,1193.6928571428568,0.7088537133172083,54.076539101497495,-0.5,-10.900000000000091,0,0,0,0,0
2016-10-17,1208.1,1208.4,1178.5,1182.3,1193.0571428571425,0.5713228282254244,55.0660792951542,2.349999999999909,-8.0,0,0,0,0,0
2016-10-18,1186.4,1193.35,1165.55,1174.5,1192.4499999999996,0.39724749471683335,54.640215198385995,4.100000000000136,-21.699999999999818,0,0,0,0,0
2016-10-19,1180.0,1184.15,1163.25,1169.3,1190.7892857142854,0.30372506141053507,40.25493421052631,5.5,-6.400000000000091,0,0,0,0,0
2016-10-20,1175.0,1177.0,1163.25,1165.75,1188.8071428571425,0.26777392926072774,39.25421010425023,5.7000000000000455,-5.0,0,0,0,0,0
2016-10-21,1172.9,1172.9,1144.4,1153.5,1187.8178571428568,0.1030610764519246,27.122153209109726,7.150000000000091,-2.099999999999909,0,0,0,0,0
2016-10-24,1161.15,1162.0,1124.1,1127.5,1185.4464285714282,-0.04481885371209094,21.917808219178085,7.650000000000091,-11.75,1,0,0,0,0
2016-10-25,1131.95,1158.3,1117.1,1139.75,1181.6428571428569,0.14825879367659897,33.18335208098989,4.4500000000000455,-29.200000000000045,0,0,0,0,0
2016-10-26,1153.3,1157.0,1113.9,1123.1,1176.6821428571425,0.46275684931940303,13.284132841328287,13.549999999999955,21.34999999999991,0,0,0,0,0
2016-10-27,1133.0,1134.4,1081.0,1085.45,1167.8749999999998,0.7953653384609254,7.870221651140383,9.900000000000091,-20.299999999999955,0,0,0,0,0
2016-10-28,1081.0,1096.95,1066.05,1069.9,1157.9035714285712,0.9004424017635814,7.639538509510444,-4.4500000000000455,-52.0,1,1,0,0,0
2016-10-30,1080.0,1085.0,1070.0,1075.75,1150.1285714285711,0.9025408706814946,12.679509632224125,10.099999999999909,-1.0,1,0,0,0,0
2016-11-01,1077.1,1088.2,1072.0,1076.7,1140.417857142857,0.9011120931494341,14.017660044150091,1.349999999999909,-2.900000000000091,0,0,0,0,0
2016-11-02,1067.9,1083.35,1055.35,1062.75,1129.4285714285713,0.9122143104869351,13.169720013826463,-8.799999999999955,-9.199999999999818,0,0,0,0,0
2016-11-03,1058.3,1075.0,1033.45,1037.15,1117.3857142857141,0.9371936137809919,11.42771445710855,-4.4500000000000455,-9.600000000000136,1,1,1,1,0
2016-11-04,1039.2,1054.8,1035.1,1043.05,1107.4392857142855,0.934028705869296,15.559713127533442,2.0499999999999545,-19.09999999999991,0,1,1,0,0
2016-11-07,1048.0,1059.6,1027.9,1037.35,1097.6428571428569,0.9309358723935024,17.815066047839963,4.9500000000000455,8.799999999999955,1,1,0,0,0
2016-11-08,1044.75,1060.0,1040.0,1057.0,1089.6214285714284,0.8982449450894403,21.93964055612068,7.400000000000091,-3.25,0,0,0,0,0
2016-11-09,999.0,1058.1,952.0,1050.95,1081.4214285714284,0.8791349758953099,23.639020825721587,-58.0,-45.75,0,0,0,0,0
2016-11-10,1056.0,1060.0,1008.0,1011.3,1071.2642857142855,0.8963629520132248,23.29852358660419,5.0499999999999545,57.0,0,0,0,0,0
2016-11-11,1000.0,1004.95,958.0,962.3,1059.4642857142856,0.8917099268746544,18.775391758560602,-11.299999999999955,-56.0,0,0,0,0,0
2016-11-15,970.95,970.95,869.0,890.8,1041.6821428571425,0.8661957965830092,11.13679344400083,8.650000000000091,-29.049999999999955,1,1,1,1,1
2016-11-16,917.5,945.9,903.0,935.7,1028.2964285714284,0.8732926880584891,24.991131606952834,26.700000000000045,-53.450000000000045,0,0,0,0,1
2016-11-17,946.0,947.15,917.0,918.45,1016.3678571428569,0.8962425650504162,24.701963534361866,10.299999999999955,28.5,0,0,0,1,1
2016-11-18,925.9,928.95,899.85,908.2,1004.817857142857,0.9192706376702232,26.107096535112092,7.449999999999932,-20.100000000000023,0,0,1,1,1
2016-11-21,918.0,918.0,891.75,900.0,992.2642857142855,0.9274346501785998,23.7185375711924,9.799999999999955,-7.899999999999977,1,1,1,1,1
2016-11-22,908.0,912.95,895.0,907.75,980.1964285714283,0.9164511560783873,26.367614879649935,8.0,-10.0,1,1,1,1,1
2016-11-23,915.9,946.4,912.0,942.05,971.5749999999997,0.8627605204429508,30.10212913276787,8.149999999999977,7.899999999999977,0,1,0,1,1
2016-11-24,938.25,965.75,932.05,936.1,964.3571428571425,0.8212378941515803,30.112554112554108,-3.7999999999999545,22.350000000000023,1,0,1,1,1
2016-11-25,943.9,953.3,938.8,945.45,957.3857142857141,0.7465491310778869,37.26059199071389,7.7999999999999545,5.649999999999977,0,1,1,0,0
2016-11-28,950.0,968.65,933.5,936.1,950.1535714285712,0.6680937878527236,44.012797074954314,4.5499999999999545,6.100000000000023,1,1,1,0,1
2016-11-29,940.4,967.0,935.2,958.55,943.1214285714284,0.4764663397084206,69.95581737849778,4.2999999999999545,-9.600000000000023,1,0,0,0,0
2016-11-30,967.95,974.9,952.55,969.9,937.3321428571426,0.08620392951108467,62.55506607929513,9.400000000000091,27.550000000000068,0,0,0,0,0
2016-12-01,967.0,968.0,936.0,939.15,932.1785714285712,-0.39081599885344404,56.9138276553106,-2.8999999999999773,-0.9500000000000455,0,0,0,0,0
2016-12-02,936.0,936.5,902.0,904.85,928.0749999999998,-0.5551156810147403,49.035971223021576,-3.1499999999999773,-31.0,1,1,1,1,1
2016-12-05,910.0,941.6,895.25,937.65,931.4214285714285,-0.42146164033535893,59.490799092513235,5.149999999999977,-26.0,0,0,0,1,0
2016-12-06,940.9,944.7,924.15,934.15,931.3107142857141,-0.5248663594272337,56.80061823802164,3.25,30.899999999999977,0,1,1,0,0
2016-12-07,936.0,948.5,928.2,932.2,932.2928571428569,-0.5037956345135417,46.95517774343125,1.8500000000000227,-4.899999999999977,1,1,0,0,0
2016-12-08,941.95,947.55,929.8,936.15,934.2892857142854,-0.39820113310171396,50.01564945226916,9.75,5.9500000000000455,1,0,0,0,0
2016-12-09,942.0,953.95,935.05,941.75,937.2714285714283,-0.14374571858551746,48.81410256410255,5.850000000000023,0.049999999999954525,0,0,0,0,0
2016-12-12,931.3,937.15,909.0,910.25,937.4499999999997,0.25116494660310745,42.744877911872,-10.450000000000045,-10.700000000000045,0,1,0,0,0
2016-12-13,915.0,915.0,895.0,906.75,934.9285714285712,0.28224868461208524,33.731155778894475,4.75,-16.299999999999955,1,0,0,0,0
2016-12-14,908.0,923.2,908.0,914.35,933.3749999999998,0.38416785497027944,32.13251849469282,1.25,-7.0,0,0,0,0,0
2016-12-15,909.65,916.75,901.7,903.0,930.3428571428568,0.42696864995649436,36.71444321940462,-4.7000000000000455,1.6499999999999773,0,0,0,0,0
2016-12-16,911.95,911.95,898.0,899.9,927.7571428571425,0.6208396072950232,47.63948497854075,8.950000000000045,2.300000000000068,0,0,0,0,0
2016-12-19,901.4,902.0,875.1,878.4,922.0321428571425,0.6814232044499957,18.33244254409405,1.5,-10.550000000000068,0,0,0,0,0
2016-12-20,875.5,882.0,860.05,865.7,914.5892857142854,0.7805554608293616,16.69099756690997,-2.8999999999999773,-25.899999999999977,0,1,1,1,1
2016-12-21,867.2,876.5,861.55,865.55,909.3321428571426,0.8412219242265259,16.988608221891994,1.5,-8.299999999999955,1,1,1,1,1
2016-12-22,865.55,874.3,851.1,870.3,906.8642857142853,0.8534580070050615,17.641277641277668,0.0,-1.650000000000091,1,0,1,1,1
2016-12-23,875.0,885.0,861.5,874.0,902.3178571428568,0.8550028653249958,16.07411116675017,4.7000000000000455,9.450000000000045,0,1,1,1,1
2016-12-26,874.0,885.0,860.0,867.8,897.5785714285711,0.8640079974418259,21.529175050301845,0.0,-1.0,1,1,1,1,1
2016-12-27,871.9,877.8,863.4,876.0,893.5642857142853,0.8385649705913603,30.59936908517355,4.100000000000023,-2.1000000000000227,0,1,1,1,1
2016-12-28,876.0,890.0,869.55,875.7,889.2464285714283,0.8116045198476279,23.141070187630376,0.0,4.100000000000023,1,1,1,1,1
2016-12-29,879.0,887.0,877.0,880.05,884.8392857142853,0.7679189525185312,32.33256351039259,3.2999999999999545,3.0,1,1,1,1,1
2016-12-30,884.95,895.0,882.5,891.05,883.4678571428567,0.6012105901501859,43.92587508579271,4.900000000000091,5.9500000000000455,1,1,1,1,1
2017-01-02,893.0,907.5,882.25,904.65,883.3178571428567,0.3147700980751141,70.20785219399536,1.9500000000000455,8.049999999999955,0,1,1,1,1
2017-01-03,910.0,910.0,893.45,896.6,882.0499999999995,-0.017959453832485005,75.62189054726363,5.350000000000023,17.0,1,1,1,1,1
2017-01-04,901.9,914.5,897.0,906.6,882.3071428571424,-0.37941550344421604,79.25873129009271,5.2999999999999545,-8.100000000000023,1,1,1,1,1
2017-01-05,913.9,919.9,901.5,916.5,883.4928571428567,-0.7146293975946941,80.67729083665344,7.2999999999999545,12.0,1,0,1,1,1
2017-01-06,918.0,932.5,914.6,929.5,887.1428571428568,-0.7318973102323697,82.80141843971634,1.5,4.100000000000023,0,0,1,1,1
2017-01-09,932.0,933.05,906.0,910.1,890.3142857142853,-0.6909100042308219,71.62576687116571,2.5,14.0,1,1,1,1,1
2017-01-10,915.0,929.0,907.95,923.6,894.460714285714,-0.513025107831058,73.08438409311354,4.899999999999977,-17.0,1,1,1,1,1
2017-01-11,926.5,940.6,921.5,934.65,899.0571428571426,-0.15218432250844682,75.88932806324112,2.8999999999999773,11.5,0,0,1,1,1
2017-01-12,935.0,939.35,926.3,933.55,903.310714285714,0.23803946203461018,74.1862567811935,0.35000000000002274,8.5,0,1,1,1,1
2017-01-13,935.55,938.2,927.15,933.25,907.9857142857139,0.546839901262456,71.12112112112118,2.0,0.5499999999999545,1,1,1,1,1
2017-01-16,930.0,941.55,926.9,935.25,912.2178571428568,0.6964302222747949,67.32729331823333,-3.25,-5.5499999999999545,1,1,1,1,1
2017-01-17,940.0,963.5,937.0,960.15,918.2499999999997,0.8442813987447382,80.21873514027581,4.75,10.0,1,1,1,1,1
2017-01-18,960.15,972.45,960.0,963.35,924.1999999999997,0.9129821028270174,78.85104219623796,0.0,20.149999999999977,0,1,1,1,1
2017-01-19,965.1,965.75,954.4,962.7,929.317857142857,0.9361212815005586,75.92592592592598,1.75,4.9500000000000455,1,1,1,1,1
2017-01-20,960.3,977.85,954.15,967.2,933.7857142857141,0.9424725374086111,73.3870967741936,-2.400000000000091,-4.800000000000068,0,1,1,1,1
2017-01-23,967.4,973.55,957.75,964.7,938.6499999999999,0.9445175991144757,92.85714285714292,0.1999999999999318,7.100000000000023,1,1,1,1,1
2017-01-24,963.5,979.85,953.6,973.45,943.425,0.9464737534827786,92.28159457167098,-1.2000000000000455,-3.8999999999999773,1,0,0,0,1
2017-01-25,979.0,981.35,971.15,977.7,947.7964285714286,0.9481511140845118,91.27516778523498,5.5499999999999545,15.5,0,0,0,1,1
2017-01-27,979.8,989.6,964.1,969.6,950.6607142857143,0.9488414593498785,80.47337278106517,2.099999999999909,0.7999999999999545,1,1,1,1,1
2017-01-30,969.0,979.0,963.0,973.2,955.1678571428572,0.9385254547228478,81.98558847077663,-0.6000000000000227,-10.799999999999955,0,1,1,1,1
2017-01-31,972.8,977.5,964.0,970.7,958.532142857143,0.9087369326757715,78.15726767275618,-0.40000000000009095,3.7999999999999545,1,1,1,1,1
2017-02-01,970.7,1001.05,970.2,991.0,962.5571428571429,0.9085471599675314,76.43530419880035,0.0,-2.099999999999909,0,0,1,1,1
2017-02-02,989.45,995.0,981.95,989.0,966.5178571428572,0.9012527699043433,72.44094488188975,-1.5499999999999545,18.75,0,1,1,1,1
2017-02-03,990.0,993.9,981.05,985.9,970.2785714285716,0.8850102923008312,69.46308724832208,1.0,0.5499999999999545,1,1,1,1,1
2017-02-06,990.1,1004.95,985.5,992.5,974.3678571428572,0.8993528441660756,70.50243111831438,4.2000000000000455,0.10000000000002274,1,1,1,1,0
2017-02-07,992.0,1003.95,990.2,999.3,977.1642857142858,0.9059054558793538,76.21212121212113,-0.5,1.8999999999999773,0,1,0,0,0
2017-02-08,999.3,1009.9,981.0,997.7,979.6178571428572,0.9193862980436351,70.6032285471538,0.0,7.2999999999999545,1,0,0,0,0
2017-02-09,999.0,1005.0,991.0,1002.85,982.4857142857144,0.9229036960042344,71.04602510460253,1.2999999999999545,-0.2999999999999545,0,0,0,0,0
2017-02-10,1005.9,1009.0,990.5,993.05,984.3321428571428,0.908438980025998,69.08055329536205,3.0499999999999545,6.899999999999977,0,0,0,0,0
2017-02-13,995.0,1000.0,981.5,984.75,985.7642857142856,0.8080022603808915,58.73015873015871,1.9500000000000455,-10.899999999999977,0,0,0,0,0
2017-02-14,988.0,988.05,970.0,980.8,986.2892857142855,0.6788169221040392,57.470414201183374,3.25,-7.0,1,0,0,0,1
2017-02-15,981.2,986.95,976.0,981.7,986.5749999999998,0.5824571000912593,40.35269709543574,0.40000000000009095,-6.7999999999999545,0,0,0,1,1
2017-02-16,985.0,989.55,967.75,969.9,986.5964285714283,0.2504050671790496,33.53448275862071,3.2999999999999545,3.7999999999999545,0,1,1,1,1
2017-02-17,973.0,973.4,955.6,960.8,985.710714285714,-0.08709059257963256,30.390625000000014,3.1000000000000227,-12.0,1,1,1,1,1
2017-02-20,961.0,979.95,953.85,975.75,986.0714285714282,-0.413050706252871,38.42432619212166,0.20000000000004547,-12.0,1,1,1,1,1
2017-02-21,977.7,993.95,976.3,991.5,986.1071428571424,-0.38745134779599116,45.20295202952033,1.9500000000000455,16.700000000000045,1,1,1,1,1
2017-02-22,995.1,1025.75,993.9,1020.3,988.3428571428567,-0.1520140284276819,60.41474654377874,3.6000000000000227,17.399999999999977,0,0,1,1,1
2017-02-23,1030.0,1030.0,1005.35,1009.0,989.9928571428567,-0.082992566326322,52.68207588312253,9.700000000000045,34.89999999999998,0,1,1,1,1
2017-02-27,1010.0,1018.55,999.0,1001.95,990.6678571428567,0.02092952508487905,53.97676496872211,1.0,-20.0,1,1,1,1,1
2017-02-28,1003.1,1026.8,998.15,1024.2,992.4464285714283,0.3804324449049223,65.67342073897498,1.1499999999999773,-6.899999999999977,1,1,0,1,0
2017-03-01,1030.0,1040.0,1026.05,1032.75,994.9499999999997,0.6854452264662445,69.91184361824455,5.7999999999999545,26.899999999999977,0,0,0,0,0
2017-03-02,1037.9,1044.75,1026.4,1028.75,996.7999999999996,0.8378447746587256,67.61512542119056,5.150000000000091,7.900000000000091,0,1,0,0,1
2017-03-03,1027.05,1027.05,1006.0,1013.7,998.2749999999997,0.810753844418675,66.0087719298246,-1.7000000000000455,-10.850000000000136,1,1,1,1,1
2017-03-06,1020.0,1033.8,1016.0,1029.4,1001.4642857142854,0.8085479069124958,73.91910739191081,6.2999999999999545,-7.0499999999999545,0,0,1,1,1
2017-03-07,1030.55,1032.6,1020.5,1023.95,1004.5464285714285,0.7651522188634926,67.99850634802095,1.1499999999998636,10.549999999999955,0,1,1,1,1
2017-03-08,1024.0,1034.75,1015.0,1022.55,1007.4642857142854,0.7132319907685429,62.98619824341279,0.049999999999954525,-6.5499999999999545,1,1,1,1,1
2017-03-09,1028.5,1040.8,1025.0,1031.1,1011.8357142857141,0.6906745583030378,55.438066465256775,5.9500000000000455,4.5,0,1,1,1,1
2017-03-10,1024.1,1037.2,1024.1,1030.25,1016.7964285714285,0.6661536073667792,61.958356781091744,-7.0,-4.400000000000091,1,1,1,1,1
2017-03-14,1049.8,1077.8,1040.6,1071.4,1023.6285714285713,0.7843037533134767,78.24318828792192,19.549999999999955,25.700000000000045,0,1,1,1,0
2017-03-15,1068.0,1075.5,1061.1,1064.05,1028.810714285714,0.8256369069021815,68.44053678852376,-3.400000000000091,18.200000000000045,1,1,1,1,0
2017-03-16,1071.25,1089.5,1068.25,1087.55,1033.6142857142854,0.8868575802010878,72.27642276422759,7.2000000000000455,3.25,0,0,0,0,0
2017-03-17,1090.25,1092.2,1075.0,1079.45,1038.6464285714285,0.9021963712992874,69.94492525570416,2.7000000000000455,19.0,1,0,0,0,0
2017-03-20,1081.8,1083.0,1067.15,1079.7,1044.1999999999998,0.9036084280890792,79.3855743544078,2.349999999999909,-8.450000000000045,0,0,0,0,0
2017-03-21,1081.95,1084.95,1063.45,1068.7,1047.3785714285711,0.8879346318320488,68.26208178438657,2.25,0.15000000000009095,0,0,0,0,0
2017-03-22,1058.0,1064.15,1048.55,1057.85,1049.1714285714284,0.8539703609329401,64.99999999999991,-10.700000000000045,-23.950000000000045,1,1,0,0,1
2017-03-23,1060.0,1070.0,1054.0,1061.6,1051.517857142857,0.8228536882820171,66.92674469007365,2.150000000000091,2.0,1,0,0,1,1
2017-03-24,1062.8,1073.0,1061.05,1064.25,1055.1285714285711,0.7618446417415558,65.14390132480585,1.2000000000000455,2.7999999999999545,0,0,1,1,1
2017-03-27,1068.0,1068.0,1039.95,1042.9,1056.092857142857,0.6079490451080435,54.86725663716816,3.75,5.2000000000000455,1,1,1,1,1
2017-03-28,1045.0,1061.95,1045.0,1057.85,1058.5142857142855,0.4776118273077445,43.4698795180722,2.099999999999909,-23.0,1,1,1,1,1
2017-03-29,1062.0,1079.0,1057.85,1068.1,1061.767857142857,0.31139387314836653,51.89873417721518,4.150000000000091,17.0,1,1,1,1,1
2017-03-30,1068.1,1074.7,1062.0,1070.1,1064.5535714285713,0.09105296794812437,39.75337639459772,0.0,6.099999999999909,1,1,1,1,1
2017-03-31,1070.0,1079.5,1065.0,1073.5,1067.642857142857,-0.34180189689088086,46.30205096333124,-0.09999999999990905,1.900000000000091,1,1,1,1,0
2017-04-03,1074.7,1098.45,1068.5,1089.85,1068.9607142857142,-0.08786607570066446,55.25634386328321,1.2000000000000455,4.7000000000000455,0,0,0,0,0
2017-04-05,1094.0,1094.65,1068.8,1082.55,1070.2821428571428,-0.04981704971035907,57.458266020463064,4.150000000000091,19.299999999999955,1,1,0,0,0
2017-04-06,1078.4,1089.0,1071.5,1086.9,1070.2357142857143,0.3056729862905942,66.82107701215995,-4.149999999999864,-15.599999999999909,0,0,0,0,0
2017-04-07,1077.0,1089.9,1073.1,1082.95,1070.4857142857143,0.5415237115280791,62.33391103408443,-9.900000000000091,-1.400000000000091,0,0,0,0,0
2017-04-10,1078.4,1080.45,1057.05,1059.2,1069.0214285714285,0.6464290260338619,47.65443567115655,-4.5499999999999545,1.400000000000091,1,1,1,1,0
2017-04-11,1063.7,1076.75,1056.55,1072.5,1069.292857142857,0.7277614177599045,64.85943775100398,4.5,-14.700000000000045,0,1,0,0,0
2017-04-12,1075.5,1081.9,1063.1,1070.45,1070.192857142857,0.7038646208539684,57.26643598615924,3.0,11.799999999999955,1,0,0,0,0
2017-04-13,1070.45,1081.4,1066.15,1078.3,1071.3857142857141,0.7398588929889316,56.04982206405696,0.0,-5.0499999999999545,0,0,0,0,0
2017-04-17,1079.55,1080.0,1056.45,1059.35,1071.0357142857142,0.6811074317285669,44.69135802469136,1.25,9.099999999999909,0,0,0,1,1
2017-04-18,1062.4,1068.95,1037.3,1040.45,1070.8607142857143,0.21629470777929183,35.8458244111349,3.050000000000182,-17.149999999999864,1,1,1,1,1
2017-04-19,1044.0,1056.0,1033.7,1048.9,1070.2214285714285,-0.035015122513187696,31.18971061093255,3.5499999999999545,-18.40000000000009,1,1,1,1,1
2017-04-20,1056.0,1062.75,1042.5,1058.8,1069.5571428571427,-0.10365238478873166,39.34499775684162,7.099999999999909,12.0,1,1,1,1,1
2017-04-21,1065.9,1071.5,1054.2,1065.45,1069.225,-0.15089339558567058,40.571428571428534,7.100000000000136,9.900000000000091,1,1,1,1,1
2017-04-24,1066.1,1074.35,1063.7,1069.95,1068.9714285714285,-0.1254602882706985,44.313210848643905,0.6499999999998636,0.1999999999998181,1,1,1,1,1
2017-04-25,1074.7,1101.95,1070.0,1097.9,1069.5464285714284,-0.06995789329136416,66.32911392405069,4.75,8.600000000000136,1,1,1,1,1
2017-04-26,1104.9,1122.0,1092.75,1104.65,1071.1249999999998,0.12032005637645277,64.35908887896389,7.0,30.200000000000045,1,1,1,1,1
2017-04-27,1104.9,1109.55,1092.0,1105.35,1072.442857142857,0.3694301731226637,65.7775768535262,0.25,0.0,1,1,1,1,1
2017-04-28,1106.6,1124.95,1105.35,1120.45,1075.1214285714284,0.6234062706038744,67.88290199406029,1.25,1.699999999999818,0,0,1,1,1
2017-05-02,1123.1,1137.5,1100.0,1112.1,1078.8999999999999,0.6390529369583493,74.5920745920746,2.6499999999998636,16.5,1,1,1,1,1
2017-05-03,1116.0,1123.95,1113.0,1118.9,1082.2142857142856,0.6863465199068325,91.22438255386221,3.900000000000091,-7.099999999999909,1,1,1,1,1
2017-05-04,1118.9,1135.0,1117.6,1132.6,1086.6535714285712,0.745269116493432,91.68326693227078,0.0,2.900000000000091,1,1,1,1,1
2017-05-05,1135.0,1160.0,1134.0,1146.8,1091.5464285714284,0.8029144589115067,92.0248328557783,2.400000000000091,16.09999999999991,1,1,1,1,0
2017-05-08,1150.0,1173.0,1143.4,1167.35,1099.260714285714,0.8554450580753465,92.95952782462047,3.2000000000000455,15.0,0,0,0,0,0
2017-05-09,1172.45,1176.85,1160.1,1165.3,1108.178571428571,0.8843772359052298,91.04606112785184,5.100000000000136,22.450000000000045,0,1,0,0,0
2017-05-10,1167.1,1182.0,1148.15,1158.3,1115.9928571428568,0.8802974658921232,81.72268907563017,1.7999999999999545,-5.350000000000136,1,0,0,0,0
2017-05-11,1159.0,1178.9,1152.3,1166.45,1123.6821428571425,0.8877975996580937,81.98757763975149,0.7000000000000455,-8.099999999999909,0,0,0,0,0
2017-05-12,1170.2,1179.0,1127.0,1132.95,1128.5035714285711,0.7907061178980949,60.66460587326123,3.75,11.200000000000045,1,1,1,1,0
2017-05-15,1142.9,1149.9,1135.0,1148.05,1134.0821428571423,0.7586182537158698,60.664605873261166,9.950000000000045,-27.299999999999955,0,1,1,0,0
2017-05-16,1148.9,1149.7,1129.6,1142.85,1137.2928571428567,0.678797509273453,62.17821782178218,0.8500000000001364,6.0,1,1,0,0,0
2017-05-17,1143.0,1159.0,1136.55,1154.95,1140.8857142857137,0.63887861092725,63.70201444317748,0.15000000000009095,-5.900000000000091,0,0,0,0,0
2017-05-18,1147.15,1159.8,1140.0,1151.35,1144.1714285714281,0.5561699880749811,57.71922601893782,-7.7999999999999545,4.150000000000091,0,0,0,0,0
2017-05-19,1139.85,1144.8,1098.8,1123.15,1144.3642857142852,0.30347088892632607,41.26984126984132,-11.5,-7.300000000000182,0,0,0,0,1
2017-05-22,1124.25,1137.85,1104.0,1112.55,1144.3964285714278,-0.07290099716455543,28.16733067729089,1.099999999999909,-15.599999999999909,0,0,1,1,1
2017-05-23,1119.95,1126.55,1091.45,1098.9,1142.9678571428565,-0.41377628446097475,25.784099197665995,7.400000000000091,-4.2999999999999545,0,1,1,1,1
2017-05-24,1095.0,1107.05,1080.5,1091.2,1140.0107142857134,-0.5781483185079346,25.653120464441287,-3.900000000000091,-24.950000000000045,1,1,1,1,1
2017-05-25,1095.55,1125.0,1090.05,1113.2,1137.6107142857134,-0.6638465132540695,32.443125618199815,4.349999999999909,0.5499999999999545,1,1,1,1,1
2017-05-26,1124.95,1148.8,1124.0,1132.45,1135.1178571428563,-0.6226393003177222,49.81804949053858,11.75,29.40000000000009,1,1,1,1,1
2017-05-29,1125.0,1150.0,1125.0,1146.55,1133.7785714285708,-0.5553688437124316,49.450146627565985,-7.4500000000000455,0.049999999999954525,1,1,1,1,1
2017-05-30,1150.0,1166.1,1147.0,1159.45,1133.8607142857138,-0.5152490150314514,55.75988896599588,3.4500000000000455,25.0,0,1,1,1,0
2017-05-31,1159.0,1165.0,1144.55,1151.2,1132.771428571428,-0.4107095420322211,48.66310160427807,-0.4500000000000455,9.0,1,1,1,1,1
2017-06-01,1150.0,1162.0,1133.1,1160.45,1134.7357142857138,-0.5197204785609078,53.118574366004154,-1.2000000000000455,-9.0,1,1,0,1,0
2017-06-02,1161.2,1174.9,1160.2,1164.3,1135.896428571428,-0.5207962009674968,66.92719045660218,0.75,11.200000000000045,0,0,0,0,0
2017-06-05,1165.0,1176.4,1159.5,1161.55,1137.2321428571422,-0.5177045894680923,71.54793315743187,0.7000000000000455,3.7999999999999545,0,0,0,0,0
2017-06-06,1162.15,1165.3,1141.05,1153.15,1137.1035714285706,-0.5728251635210401,75.01152604887048,0.6000000000001364,-2.849999999999909,1,0,1,0,0
2017-06-07,1154.0,1168.0,1146.0,1161.5,1137.8285714285707,-0.6819681480010564,82.21814848762611,0.849999999999909,-8.150000000000091,0,0,0,0,0
2017-06-08,1174.8,1174.8,1140.2,1143.3,1139.2678571428564,-0.6824873264261138,64.29249762583095,13.299999999999955,20.799999999999955,1,1,1,1,0
2017-06-09,1145.0,1157.6,1132.15,1155.75,1142.353571428571,-0.4927384556794131,61.82741116751269,1.7000000000000455,-29.799999999999955,0,0,0,0,0
2017-06-12,1154.4,1158.65,1142.6,1150.7,1146.053571428571,-0.1751970121500845,52.31973169368368,-1.349999999999909,9.400000000000091,0,0,0,0,1
2017-06-13,1151.2,1154.25,1142.25,1149.7,1150.2321428571424,-0.02903692486174725,43.71373307543519,0.5,-3.2000000000000455,0,0,0,1,0
2017-06-14,1151.0,1152.85,1126.25,1149.6,1152.8321428571421,-0.1322348884973117,48.847262247838515,1.2999999999999545,-0.20000000000004547,0,0,1,0,1
2017-06-15,1148.0,1150.0,1133.35,1140.3,1153.3928571428564,-0.5275674072032942,35.49316054715612,-1.599999999999909,-3.0,1,1,1,1,1
2017-06-16,1142.7,1149.8,1128.45,1145.4,1153.3107142857136,-0.6864720452901774,36.63366336633674,2.400000000000091,-5.2999999999999545,1,1,1,1,1
2017-06-19,1149.0,1158.0,1137.95,1154.15,1152.9321428571423,-0.6032093093501932,45.176010430247814,3.599999999999909,6.2999999999999545,0,1,1,0,0
2017-06-20,1155.1,1156.85,1144.5,1149.45,1152.8071428571423,-0.6859575140849469,47.465753424657514,0.9499999999998181,6.099999999999909,1,1,1,0,0
2017-06-21,1158.0,1160.4,1149.9,1155.4,1152.446428571428,-0.5908898221343796,45.679886685552496,8.549999999999955,2.900000000000091,1,0,0,0,0
2017-06-22,1157.0,1171.0,1156.6,1162.55,1152.321428571428,-0.3417007776154245,66.16288832913514,1.599999999999909,-1.0,0,0,0,0,0
2017-06-23,1163.0,1164.5,1146.1,1153.65,1151.7571428571425,-0.19583856423769114,48.125000000000085,0.4500000000000455,6.0,0,0,0,0,0
2017-06-27,1157.0,1168.35,1130.0,1134.15,1150.3999999999999,-0.19146932244551407,38.25408090844576,3.349999999999909,-6.0,0,0,0,0,0
2017-06-28,1125.0,1128.85,1099.0,1109.15,1146.660714285714,0.2049291491962535,28.53361566966653,-9.150000000000091,-32.0,0,0,1,0,1
2017-06-29,1112.0,1126.95,1100.0,1104.55,1143.8928571428569,0.45201555560608037,27.2359777665488,2.849999999999909,-13.0,0,1,1,1,1
2017-06-30,1099.95,1112.0,1083.3,1102.95,1140.1214285714284,0.8114621802697987,29.534246575342507,-4.599999999999909,-12.049999999999955,1,1,1,1,1
2017-07-03,1107.0,1123.45,1104.2,1120.25,1137.9464285714282,0.8288303277976398,37.84436926051226,4.0499999999999545,7.0499999999999545,0,1,1,0,1
2017-07-04,1123.8,1126.45,1106.8,1108.55,1135.0071428571425,0.8373723607028324,28.57142857142847,3.5499999999999545,16.799999999999955,1,1,1,1,1
2017-07-05,1108.55,1135.0,1108.55,1126.65,1133.3678571428568,0.7514881477408312,40.48414023372288,0.0,-15.25,1,0,1,1,1
2017-07-06,1135.0,1144.0,1127.85,1132.15,1132.785714285714,0.6774260886151862,40.259740259740255,8.349999999999909,26.450000000000045,0,0,0,1,0
2017-07-07,1135.0,1135.4,1112.05,1115.45,1130.6464285714285,0.6753243924271619,31.73002327385575,2.849999999999909,0.0,1,1,1,1,1
2017-07-10,1215.45,1215.45,1110.0,1127.75,1128.760714285714,0.585547111727397,40.211640211640194,100.0,80.45000000000005,1,1,0,0,0
2017-07-11,1125.0,1135.0,1122.6,1131.75,1127.4964285714282,0.46839290385929566,48.972602739725986,-2.75,-90.45000000000005,1,0,0,0,1
2017-07-12,1136.0,1137.4,1124.1,1133.7,1125.9464285714282,0.2880031886605597,63.09333333333328,4.25,11.0,0,0,0,1,1
2017-07-13,1139.8,1144.25,1121.25,1125.5,1123.2999999999995,0.01710552628144646,60.76014381099127,6.099999999999909,3.7999999999999545,0,0,1,1,1
2017-07-14,1128.25,1128.95,1112.05,1117.35,1120.7071428571423,-0.33465647363971823,56.92974013474486,2.75,-11.549999999999955,1,1,1,1,1
2017-07-17,1120.6,1128.7,1115.25,1125.45,1120.0857142857137,-0.6491690052583574,52.745512143611414,3.25,-7.650000000000091,1,1,1,1,1
2017-07-18,1118.0,1150.0,1117.0,1146.6,1122.7607142857137,-0.6421479838700035,68.26692270763314,-7.4500000000000455,-2.599999999999909,1,1,1,1,1
2017-07-19,1154.95,1158.0,1146.05,1155.85,1126.4249999999995,-0.49571937339205663,65.3200419727176,8.350000000000136,36.950000000000045,0,1,0,0,0
2017-07-20,1156.9,1157.85,1133.95,1155.55,1130.1821428571423,-0.22704822399164534,62.98557158712532,1.050000000000182,1.9500000000000455,1,1,0,0,0
2017-07-21,1156.0,1172.5,1148.0,1156.1,1132.7428571428566,-0.0005377920103531098,77.48478701825547,0.4500000000000455,-0.900000000000091,0,0,0,0,0
2017-07-24,1151.6,1159.5,1140.0,1155.75,1136.1142857142852,0.37097880732681765,72.58064516129032,-4.5,-4.400000000000091,0,0,0,0,1
2017-07-25,1160.05,1165.0,1140.0,1150.1,1137.789285714285,0.5037521825406992,64.41476826394334,4.2999999999999545,8.450000000000045,0,0,1,1,0
2017-07-26,1134.0,1144.8,1126.0,1134.0,1137.9214285714277,0.454705554492677,50.19280205655524,-16.09999999999991,-26.049999999999955,1,1,1,1,1
2017-07-27,1136.55,1153.0,1136.05,1148.8,1140.3035714285706,0.564222504993542,63.80331753554502,2.5499999999999545,2.5499999999999545,1,1,0,0,0
2017-07-28,1148.0,1156.9,1139.0,1153.25,1142.1249999999993,0.6076921660532858,72.24287484510543,-0.7999999999999545,11.450000000000045,1,0,0,0,1
2017-07-31,1154.15,1164.0,1146.1,1161.7,1144.264285714285,0.6615224793222051,72.36273904996924,0.900000000000091,6.150000000000091,0,0,0,0,0
2017-08-01,1162.0,1163.0,1140.5,1148.2,1145.2999999999993,0.6161085614661123,51.08991825613088,0.2999999999999545,7.849999999999909,0,0,1,1,0
2017-08-02,1150.0,1152.0,1135.0,1144.5,1146.6571428571422,0.5031473384319846,41.63596168017692,1.7999999999999545,-12.0,1,1,1,1,1
2017-08-03,1143.0,1148.9,1127.1,1146.1,1148.7107142857135,0.26337208210105034,43.16702819956612,-1.5,-7.0,1,1,1,1,1
2017-08-04,1144.0,1159.95,1140.65,1157.3,1150.9857142857134,-0.045369122124368,50.75187969924816,-2.099999999999909,1.0,0,0,0,0,0
2017-08-07,1160.0,1160.75,1142.4,1149.65,1151.2035714285707,-0.18506429736012256,46.498277841561475,2.7000000000000455,16.0,0,1,1,0,1
2017-08-08,1146.0,1151.5,1139.1,1147.35,1150.5964285714279,-0.13763665199765426,48.35820895522388,-3.650000000000091,-14.0,1,1,0,1,0
2017-08-09,1147.8,1158.9,1140.1,1155.55,1150.5964285714279,0.030313176935257223,64.20566908371781,0.4500000000000455,1.7999999999999545,0,0,0,0,0
2017-08-10,1154.0,1160.3,1146.0,1151.1,1150.239285714285,0.18441661416248092,51.755725190839655,-1.5499999999999545,6.2000000000000455,0,1,0,0,0
2017-08-11,1135.65,1148.75,1121.2,1143.9,1149.3928571428564,0.2873520042194131,43.150183150183224,-15.449999999999818,-18.34999999999991,1,0,0,0,0
2017-08-14,1149.45,1163.7,1145.0,1154.0,1149.6714285714277,0.36785867757111307,44.49213161659509,5.5499999999999545,13.799999999999955,0,0,0,0,0
2017-08-16,1154.35,1155.3,1129.0,1141.3,1150.1928571428564,-0.1295738546128345,45.00723589001441,0.34999999999990905,4.899999999999864,0,0,0,0,0
2017-08-17,1141.3,1142.8,1132.0,1134.95,1149.2035714285707,-0.21875666250013567,43.344947735191646,0.0,-13.049999999999955,1,0,0,1,1
2017-08-18,1131.95,1142.45,1123.0,1140.0,1148.2571428571423,-0.10836926175704648,45.944148936170265,-3.0,-9.349999999999909,0,0,1,0,1
2017-08-21,1141.8,1141.8,1128.5,1134.45,1146.3107142857136,0.47953076153794216,33.57296908698778,1.7999999999999545,9.849999999999909,0,1,1,1,1
2017-08-22,1140.1,1142.6,1125.95,1129.45,1144.9714285714279,0.7646304546271884,34.90284005979068,5.649999999999864,-1.7000000000000455,1,1,1,1,1
2017-08-23,1131.8,1144.5,1114.0,1141.3,1144.7428571428566,0.7353686898170404,46.04316546762591,2.349999999999909,-8.299999999999955,0,1,1,1,1
2017-08-24,1140.4,1145.0,1131.0,1135.6,1143.9928571428563,0.7486202459395885,36.51115618661247,-0.8999999999998636,8.600000000000136,1,1,1,1,1
2017-08-28,1131.5,1159.75,1126.1,1155.9,1143.8928571428564,0.4156640708627369,52.67260579064599,-4.099999999999909,-8.900000000000091,0,0,1,1,1
2017-08-29,1155.0,1155.0,1139.3,1151.7,1144.039285714285,0.24728503399837973,54.49308755760365,-0.900000000000091,23.5,1,1,1,1,1
2017-08-30,1149.9,1160.35,1144.3,1153.35,1144.4678571428565,0.12713546533153564,49.585194639438356,-1.7999999999999545,-5.099999999999909,1,1,1,1,1
2017-08-31,1146.35,1174.0,1144.3,1168.55,1145.396428571428,-0.09772504065537448,66.85219542362401,-7.0,-3.550000000000182,1,1,1,1,1
2017-09-01,1174.2,1219.0,1166.0,1215.9,1150.0249999999994,0.24487389189458483,83.21707016823962,5.650000000000091,27.850000000000136,0,0,0,0,0
2017-09-04,1215.9,1215.9,1192.0,1197.05,1153.8214285714282,0.5029584376969471,71.02838186509393,0.0,41.700000000000045,1,1,1,1,1
2017-09-05,1201.25,1223.05,1200.4,1206.35,1157.5607142857139,0.6646529222570503,75.78909612625527,4.2000000000000455,-14.650000000000091,0,0,0,1,1
2017-09-06,1198.35,1213.45,1198.0,1206.05,1162.1857142857139,0.7526032302255715,78.43355605048247,-8.0,-2.900000000000091,0,0,1,1,1
2017-09-07,1218.0,1218.8,1193.95,1198.65,1166.735714285714,0.7620423002406226,72.01535508637238,11.950000000000045,19.65000000000009,1,1,1,1,1
2017-09-08,1195.0,1206.0,1190.0,1203.95,1171.303571428571,0.765878687872062,76.3188294185599,-3.650000000000091,-23.0,1,1,1,1,1
2017-09-11,1206.0,1241.0,1199.6,1238.05,1178.703571428571,0.8299367730871322,78.59380438565957,2.0499999999999545,11.0,1,1,1,1,1
2017-09-12,1242.0,1259.95,1236.05,1256.35,1187.7678571428567,0.8835300587820811,83.16957210776546,3.9500000000000455,36.0,0,0,0,0,0
2017-09-13,1250.05,1262.0,1249.0,1254.95,1195.885714285714,0.8988009482102973,82.25396825396834,-6.2999999999999545,8.049999999999955,0,0,1,0,0
2017-09-14,1258.0,1262.0,1241.0,1246.05,1203.7749999999996,0.8931781726491465,75.62830687830692,3.0499999999999545,7.9500000000000455,0,1,1,0,0
2017-09-15,1230.5,1249.65,1226.2,1245.5,1210.1749999999995,0.8724245693242256,64.17624521072798,-15.549999999999955,-27.5,1,1,0,0,0
2017-09-18,1250.0,1261.0,1248.8,1255.95,1217.6214285714282,0.8718191925356872,80.67708333333353,4.5,19.5,0,0,0,0,0
2017-09-19,1262.0,1262.0,1249.2,1253.3,1224.760714285714,0.868763548258781,76.27308337996654,6.0499999999999545,12.0,0,0,0,0,0
2017-09-20,1256.5,1256.9,1235.0,1237.3,1229.6714285714281,0.8023457622104093,64.8738695859115,3.2000000000000455,-5.5,0,0,0,0,0
2017-09-21,1238.0,1247.25,1224.95,1229.1,1230.6142857142852,0.7348665253204459,64.38356164383555,0.7000000000000455,-18.5,0,0,0,0,0
2017-09-22,1218.05,1230.2,1204.9,1213.25,1231.771428571428,0.5287464336652105,53.994845360824726,-11.049999999999955,-19.950000000000045,0,0,0,0,0
2017-09-25,1205.15,1213.45,1192.0,1196.95,1231.0999999999997,0.25281607834592856,29.158215010142015,-8.099999999999909,-12.899999999999864,0,0,0,0,0
2017-09-26,1187.0,1189.75,1164.0,1174.0,1228.8107142857139,-0.04935073604902155,10.121065375302706,-9.950000000000045,-18.15000000000009,0,0,0,0,0
2017-09-27,1173.1,1178.55,1152.85,1160.0,1226.0499999999995,-0.31616124148733,9.020284851100598,-0.900000000000091,-13.900000000000091,0,0,0,0,0
2017-09-28,1155.0,1165.0,1123.0,1130.0,1220.7678571428567,-0.45557831240116836,7.630522088353445,-5.0,-18.09999999999991,1,1,1,1,1
2017-09-29,1130.0,1144.95,1127.0,1131.7,1213.1714285714281,-0.36477811467882,8.797972483707525,0.0,-25.0,1,1,1,1,1
2017-10-03,1141.3,1160.0,1135.5,1148.8,1205.4892857142854,-0.11843596338002232,12.9879101899827,9.599999999999909,11.299999999999955,1,1,1,1,1
2017-10-04,1154.0,1167.1,1147.55,1154.05,1198.2821428571424,0.197417373156434,16.32168306752628,5.2000000000000455,12.700000000000045,0,1,1,1,1
2017-10-05,1149.65,1161.5,1147.6,1153.25,1191.653571428571,0.4182411642667777,18.199016269390825,-4.399999999999864,-4.349999999999909,1,1,1,1,1
2017-10-06,1155.0,1169.7,1153.0,1157.3,1185.353571428571,0.5201508551471309,21.95312499999997,1.75,5.349999999999909,1,1,1,1,1
2017-10-09,1169.8,1169.8,1152.8,1158.6,1178.3999999999994,0.5551297152914209,25.914499779638533,12.5,14.799999999999955,1,1,1,1,1
2017-10-10,1156.0,1166.95,1154.0,1163.0,1171.9499999999994,0.518600362963327,33.2840965041851,-2.599999999999909,-13.799999999999955,0,0,1,1,1
2017-10-11,1170.0,1175.75,1155.0,1160.6,1166.4714285714279,0.436825303303176,41.728395061728335,7.0,14.0,0,1,1,1,1
2017-10-12,1156.5,1162.0,1146.05,1158.8,1161.4499999999994,0.3119610344089305,49.12790697674415,-4.099999999999909,-13.5,1,1,1,1,1
2017-10-13,1158.8,1177.1,1154.15,1174.25,1158.664285714285,-0.017500178318596533,90.78341013824885,0.0,2.2999999999999545,0,1,1,1,0
2017-10-16,1181.0,1185.0,1166.0,1171.05,1156.8142857142848,-0.46820962537129124,85.29147982062773,6.75,22.200000000000045,1,1,1,1,1
2017-10-17,1170.0,1200.0,1170.0,1197.15,1158.4678571428562,-0.7416805867119195,87.33590733590731,-1.0499999999999545,-11.0,0,0,0,1,1
2017-10-18,1197.8,1197.8,1170.0,1179.65,1159.871428571428,-0.872423225154859,66.62337662337666,0.6499999999998636,27.799999999999955,0,0,1,1,1
2017-10-19,1175.0,1183.25,1171.15,1178.5,1163.3357142857135,-0.8358269605075725,66.32191338073685,-4.650000000000091,-22.799999999999955,0,1,1,1,1
2017-10-23,1184.45,1191.85,1159.0,1174.15,1166.3678571428566,-0.7646061354234513,60.849967804249886,5.9500000000000455,9.450000000000045,1,1,1,1,1
2017-10-24,1175.0,1234.0,1175.0,1222.9,1171.6607142857138,-0.4442768511712961,75.69944044764188,0.849999999999909,-9.450000000000045,0,0,0,0,0
2017-10-25,1222.9,1232.05,1195.0,1201.7,1175.0642857142852,-0.2744719404250057,63.636363636363626,0.0,47.90000000000009,0,0,0,0,0
2017-10-26,1194.0,1203.65,1180.7,1191.15,1177.7714285714283,-0.038839217684882396,60.17994001999339,-7.7000000000000455,-28.90000000000009,0,0,0,0,0
2017-10-27,1193.9,1195.0,1178.6,1184.55,1179.717857142857,0.18369132005511488,58.314497901194684,2.75,-0.09999999999990905,0,0,0,0,0
2017-10-30,1185.0,1198.8,1179.55,1182.55,1181.428571428571,0.32281138930348996,52.93493635077792,0.4500000000000455,-8.900000000000091,0,0,0,0,0
2017-10-31,1182.0,1188.85,1176.15,1180.85,1182.703571428571,0.3344070154708463,53.502501786990685,-0.5499999999999545,-3.0,0,0,0,0,0
2017-11-01,1185.0,1188.55,1174.0,1175.95,1183.7999999999997,0.24724730278935167,41.0699241786015,4.150000000000091,3.0,1,0,0,0,0
2017-11-02,1176.4,1181.95,1166.0,1178.4,1185.2,0.09506920640668881,49.39700916546069,0.4500000000000455,-8.599999999999909,0,0,0,0,1
2017-11-03,1182.45,1183.1,1167.3,1172.45,1185.0714285714287,-0.06584304701565642,47.2106961733518,4.0499999999999545,6.0499999999999545,0,0,0,1,1
2017-11-06,1168.0,1173.1,1155.0,1162.35,1184.45,-0.31460382707860646,44.833625218914115,-4.4500000000000455,-14.450000000000045,0,1,1,1,1
2017-11-07,1158.0,1164.65,1132.5,1141.45,1180.4714285714285,-0.25356851361223115,2.8372900984366396,-4.349999999999909,-10.0,1,1,1,1,1
2017-11-08,1147.1,1179.4,1145.05,1172.2,1179.9392857142855,-0.3253203342469607,34.61939520333682,5.649999999999864,-10.900000000000091,1,1,1,0,1
2017-11-09,1177.85,1198.45,1173.6,1195.6,1181.160714285714,-0.40507963671189273,52.04597701149417,5.649999999999864,30.75,0,0,0,0,0
2017-11-10,1194.9,1194.9,1160.0,1178.6,1181.478571428571,-0.6820437193167007,47.503147293327714,-0.6999999999998181,17.050000000000182,0,0,1,1,0
2017-11-13,1184.0,1189.5,1168.85,1174.95,1178.0535714285709,-0.40466829811577737,46.85430463576162,5.400000000000091,-10.900000000000091,0,1,1,0,0
2017-11-14,1174.95,1176.0,1152.4,1155.05,1174.7214285714279,0.11443386501447865,40.71942446043166,0.0,-9.049999999999955,1,1,1,1,1
2017-11-15,1155.0,1190.0,1151.05,1181.55,1174.0357142857135,0.11130445212131795,51.7434620174346,-0.049999999999954525,-19.950000000000045,0,0,0,0,0
2017-11-16,1183.0,1189.0,1175.0,1179.55,1173.6785714285706,0.05568570532584672,50.35903840149855,1.4500000000000455,28.0,0,0,0,0,0
2017-11-17,1186.0,1193.9,1166.0,1171.3,1172.8749999999993,0.05390871558532455,49.646044936903635,6.4500000000000455,3.0,0,0,1,0,0
2017-11-20,1173.0,1176.45,1159.65,1166.35,1171.8392857142849,0.07218613773256193,51.27145581691036,1.7000000000000455,-13.0,0,1,0,0,0
2017-11-21,1168.6,1175.0,1156.0,1160.3,1170.7214285714276,0.1379163884072344,56.616356616356605,2.25,-4.400000000000091,1,0,0,0,1
2017-11-22,1162.5,1176.5,1155.0,1174.3,1170.4285714285704,0.0399901008579831,50.835322195704016,2.2000000000000455,-6.099999999999909,0,0,0,0,0
2017-11-23,1175.5,1177.9,1157.05,1159.6,1169.510714285713,0.10158930199043349,34.61538461538461,1.2000000000000455,13.0,0,0,1,0,0
2017-11-24,1164.0,1164.0,1148.15,1159.6,1169.3142857142843,0.2659900621990112,40.49999999999999,4.400000000000091,-11.5,0,1,0,0,0
2017-11-27,1158.0,1160.0,1146.1,1156.5,1170.3892857142841,0.6673770476723703,40.723981900452465,-1.599999999999909,-6.0,1,0,0,0,0
2017-11-28,1157.5,1174.9,1150.15,1171.0,1170.30357142857,0.6833317124054723,58.47953216374272,1.0,-0.5,0,0,0,0,0
2017-11-29,1166.0,1176.35,1148.25,1153.85,1167.3214285714268,0.5991580299264252,33.64817001180637,-5.0,8.5,0,0,0,0,0
2017-11-30,1150.25,1158.0,1141.35,1146.75,1165.046428571427,0.6659823424190497,31.737193763919834,-3.599999999999909,-15.75,0,0,0,0,0
2017-12-01,1147.2,1154.0,1130.25,1133.75,1162.10357142857,0.7963416050630626,30.14278159703862,0.4500000000000455,-3.0499999999999545,0,0,0,1,1
2017-12-04,1145.45,1145.45,1117.0,1121.0,1159.6714285714272,0.9610883204974492,27.845627747923828,11.700000000000045,-1.75,0,0,1,1,1
2017-12-05,1122.0,1124.15,1108.05,1115.0,1154.9178571428558,0.9668886471904339,27.859237536656906,1.0,-23.450000000000045,0,1,1,1,1
2017-12-06,1114.8,1114.95,1099.0,1104.35,1149.5464285714272,0.9706932691368642,14.653865588681143,-0.20000000000004547,-7.2000000000000455,1,1,1,1,1
2017-12-07,1108.0,1151.0,1106.85,1144.4,1147.6249999999986,0.8133028135801872,43.88576025744176,3.650000000000091,-6.7999999999999545,0,0,0,0,0
2017-12-08,1144.95,1153.5,1130.1,1135.5,1145.4214285714272,0.7467537862465918,40.953453453453506,0.5499999999999545,36.950000000000045,0,0,0,0,0
2017-12-11,1142.0,1142.7,1123.4,1125.85,1142.960714285713,0.7367980388526183,39.0339892665474,6.5,-2.9500000000000455,0,0,0,0,1
2017-12-12,1131.85,1131.85,1101.0,1117.4,1138.8964285714276,0.7398273508113413,29.95512341062087,6.0,-10.150000000000091,0,1,1,1,1
2017-12-13,1117.9,1137.5,1110.0,1116.55,1135.8214285714273,0.7371230485644783,34.11413969335611,0.5,-13.949999999999818,1,1,1,1,1
2017-12-14,1122.0,1129.55,1115.4,1123.45,1133.2392857142845,0.6906675799976345,40.0597269624574,5.4500000000000455,4.099999999999909,0,1,1,1,1
2017-12-15,1129.0,1134.7,1116.0,1118.7,1130.5392857142845,0.6506317553390074,43.09316200091791,5.5499999999999545,7.0,1,1,1,1,1
2017-12-18,1120.0,1139.95,1110.0,1137.15,1128.1214285714273,0.4007519844163797,57.043174880069785,1.2999999999999545,-9.0,1,0,1,1,1
2017-12-19,1149.0,1149.5,1130.95,1137.7,1126.967857142856,0.09943462957741389,60.39377289377287,11.849999999999909,29.0,0,1,1,1,1
2017-12-20,1137.5,1141.95,1125.0,1135.5,1126.1642857142845,-0.2186741991122056,65.45905707196027,-0.20000000000004547,-11.5,1,1,1,1,1
2017-12-21,1140.95,1144.0,1130.4,1137.9,1126.460714285713,-0.42263900371399776,44.849445324881174,5.4500000000000455,3.4500000000000455,1,1,1,1,1
2017-12-22,1137.0,1142.5,1132.5,1138.0,1127.6749999999988,-0.45658387562723246,52.30202578268876,-0.900000000000091,-3.9500000000000455,1,1,1,1,1
2017-12-26,1142.0,1155.6,1140.2,1150.75,1130.2285714285701,-0.39350228110549273,71.68989547038332,4.0,5.0,0,0,1,0,0
2017-12-27,1150.0,1157.0,1142.0,1149.05,1133.4214285714272,-0.14036068069734448,81.24383020730471,-0.75,8.0,0,1,0,0,0
2017-12-28,1146.0,1154.35,1138.35,1144.4,1133.4214285714272,-0.340410032217091,75.57392102846659,-3.0499999999999545,-4.0,1,0,0,0,1
2017-12-29,1145.1,1172.5,1142.05,1158.5,1135.0642857142843,-0.30258802914502275,78.42660178426604,0.6999999999998181,-0.900000000000091,0,0,0,1,1
2018-01-01,1163.0,1165.0,1138.1,1143.65,1136.3357142857128,-0.16200400378537796,67.38675958188162,4.5,17.90000000000009,0,0,1,1,1
2018-01-02,1146.0,1150.0,1134.05,1142.75,1138.1464285714274,0.10814862810774781,55.16605166051654,2.349999999999909,-17.0,0,1,1,1,1
2018-01-03,1149.0,1149.0,1135.3,1141.9,1139.9571428571417,0.3085754496835058,53.853211009174366,6.25,3.0,1,1,1,1,1
2018-01-04,1149.0,1178.0,1145.9,1172.05,1143.4285714285702,0.6262642178608284,72.16494845360833,7.099999999999909,0.0,1,1,1,1,1
2018-01-05,1178.0,1192.0,1167.45,1185.25,1148.1821428571416,0.8214987605635586,75.38873994638078,5.9500000000000455,29.0,0,1,0,1,1
2018-01-08,1190.0,1190.85,1173.5,1182.0,1151.385714285713,0.867133420297076,72.82157676348557,4.75,12.0,1,0,1,1,1
2018-01-09,1183.1,1197.2,1175.1,1193.05,1155.3392857142844,0.9026888272512591,72.33368532206977,1.099999999999909,-6.900000000000091,0,0,0,1,0
2018-01-10,1186.0,1189.1,1171.1,1177.4,1158.3321428571417,0.8774901877776219,63.04647952139912,-7.0499999999999545,2.900000000000091,1,1,1,1,1
2018-01-11,1179.9,1189.95,1170.0,1188.95,1161.9785714285704,0.8825980004908245,69.27736910428392,2.5,-6.099999999999909,1,1,0,1,0
2018-01-12,1187.0,1192.55,1176.0,1189.7,1165.6714285714274,0.8750921917797181,65.26418786692767,-1.9500000000000455,7.099999999999909,1,0,1,0,1
2018-01-15,1189.65,1208.2,1182.45,1204.05,1169.4785714285701,0.9029316378072019,79.69518190757134,-0.049999999999954525,2.650000000000091,0,0,0,0,0
2018-01-16,1204.05,1204.05,1184.0,1188.75,1172.3142857142846,0.8749771975113961,69.8105081826013,0.0,14.399999999999864,1,0,1,0,0
2018-01-17,1186.8,1196.4,1178.4,1193.75,1175.8392857142844,0.8500947295229889,71.5592515592516,-1.9500000000000455,-17.25,0,0,0,0,0
2018-01-18,1195.0,1204.1,1181.0,1188.25,1177.9642857142844,0.8182545962547676,58.47280334728039,1.25,8.200000000000045,1,0,0,0,0
2018-01-19,1183.1,1195.0,1177.9,1189.9,1181.2678571428557,0.7541702658588003,52.766210588935216,-5.150000000000091,-11.900000000000091,0,0,0,0,0
2018-01-22,1192.0,1193.7,1164.1,1176.0,1183.6428571428557,0.5536874322200483,46.832101372756064,2.099999999999909,8.900000000000091,0,0,0,0,0
2018-01-23,1176.0,1177.85,1156.2,1169.9,1185.6428571428557,0.0703325402743748,37.10306406685241,0.0,-16.0,0,0,0,0,0
2018-01-24,1170.0,1171.65,1145.05,1151.05,1184.1428571428557,-0.3538406382800648,35.82571274878961,0.09999999999990905,-6.0,0,1,0,0,1
2018-01-25,1148.0,1161.4,1143.45,1150.45,1181.6571428571417,-0.4505568749678476,26.524390243902445,-3.0499999999999545,-22.0,1,0,0,1,0
2018-01-29,1154.0,1164.25,1147.6,1152.05,1179.5178571428557,-0.5310113418114798,27.27821363910674,3.5499999999999545,6.0,0,0,1,0,0
2018-01-30,1151.0,1152.0,1123.45,1126.7,1174.7785714285703,-0.3792472173038551,8.790623335109231,-1.0499999999999545,-3.0,1,1,1,1,0
2018-01-31,1128.0,1139.8,1124.0,1128.3,1171.2714285714271,-0.27860820584056173,12.289457267623106,1.2999999999999545,-23.0,1,1,1,0,0
2018-02-01,1126.0,1157.35,1126.0,1153.0,1168.70357142857,-0.12339916177089187,29.594391587381054,-2.2999999999999545,-2.0,0,0,0,0,0
2018-02-02,1148.0,1148.0,1123.95,1137.9,1165.00357142857,0.1515780551780913,26.998629511192334,-5.0,22.0,0,0,0,0,0
2018-02-05,1121.2,1140.0,1114.3,1134.1,1160.0071428571414,0.4431810392027234,24.9999999999999,-16.700000000000045,-26.799999999999955,0,0,0,0,1
2018-02-06,1110.0,1127.0,1090.1,1110.25,1154.3999999999985,0.6607493438836031,22.95351707116407,-24.09999999999991,-11.200000000000045,1,1,1,1,1
2018-02-07,1115.0,1125.2,1106.55,1121.1,1149.2107142857128,0.7412319835426542,30.680918448139238,4.75,5.0,1,1,1,1,1
2018-02-08,1128.0,1131.3,1110.0,1124.05,1144.6249999999984,0.7681212940503638,37.771739130434746,6.900000000000091,13.0,1,1,1,1,1
2018-02-09,1101.0,1142.25,1101.0,1130.75,1140.3999999999985,0.7552926916979815,41.545064377682365,-23.049999999999955,-27.0,1,1,1,1,0
2018-02-12,1138.0,1150.0,1135.9,1144.4,1138.1428571428555,0.602907747316274,47.024504084014055,7.25,37.0,0,0,0,0,0
2018-02-14,1144.0,1144.0,1127.0,1139.15,1135.946428571427,0.43314917749784543,55.73997233748273,-0.40000000000009095,6.0,0,1,0,0,0
2018-02-15,1135.0,1139.9,1123.0,1135.45,1134.8321428571414,0.31600743398679365,53.23383084577118,-4.150000000000091,-9.0,1,0,0,0,0
2018-02-16,1136.5,1147.0,1130.0,1143.85,1134.3607142857127,0.09801096364483272,45.14588859416441,1.0499999999999545,1.5,0,0,0,0,0
2018-02-19,1145.0,1145.8,1111.55,1120.35,1132.096428571427,-0.007590543403381005,41.451534339990175,1.150000000000091,8.5,1,1,0,0,0
2018-02-20,1123.95,1136.0,1112.75,1126.4,1132.0749999999985,0.10414811991167641,46.329837940896184,3.6000000000001364,-21.049999999999955,1,0,0,0,0
2018-02-21,1132.35,1133.25,1115.0,1127.2,1131.996428571427,0.19925816246382064,60.3543066585217,5.949999999999818,8.399999999999864,0,0,0,0,0
2018-02-22,1122.7,1126.4,1101.0,1118.1,1129.5035714285698,-0.013814877887298028,48.127340823970044,-4.5,-9.649999999999864,0,0,0,0,1
2018-02-23,1117.05,1117.05,1098.9,1101.8,1126.9249999999984,0.05870446722072698,38.09523809523813,-1.0499999999999545,-5.650000000000091,1,1,1,1,1
2018-02-26,1110.0,1110.0,1095.4,1104.8,1124.8321428571412,0.12201154244990875,35.54317548746519,8.200000000000045,-7.0499999999999545,1,1,1,1,0
2018-02-27,1104.8,1113.0,1098.95,1110.35,1124.8392857142842,0.49204923544356743,29.14880587875068,0.0,-5.2000000000000455,1,1,0,0,0
2018-02-28,1104.0,1124.0,1099.25,1117.75,1124.5999999999983,0.6801768804767299,37.23150357995224,-6.349999999999909,-0.7999999999999545,1,0,0,0,1
2018-03-01,1120.0,1124.2,1108.0,1118.9,1124.2321428571413,0.8159320914177335,39.81538461538467,2.25,16.0,0,0,0,1,1
2018-03-05,1110.25,1114.85,1100.0,1105.95,1122.4607142857128,0.8856362909671006,27.9137529137531,-8.650000000000091,-9.75,0,1,1,1,1
2018-03-06,1112.6,1112.6,1100.0,1101.6,1119.4035714285699,0.8740924453477933,35.933983495874074,6.649999999999864,2.349999999999909,1,1,1,1,1
2018-03-07,1105.7,1109.95,1095.25,1107.25,1117.1249999999986,0.8216087807030877,35.547169811320785,4.100000000000136,-6.899999999999864,1,1,1,1,1
2018-03-08,1114.8,1130.0,1107.6,1127.6,1116.5642857142843,0.5504500336653778,50.23310023310015,7.5499999999999545,9.099999999999909,1,1,1,1,1
2018-03-09,1133.0,1140.0,1124.4,1129.1,1115.5107142857128,0.1512077179033742,57.0332480818414,5.400000000000091,18.200000000000045,1,1,1,1,0
2018-03-12,1131.1,1134.0,1120.0,1131.5,1116.3071428571413,-0.05061269888732562,73.09486780715386,2.0,-1.900000000000091,1,1,1,0,0
2018-03-13,1125.2,1143.0,1125.2,1140.3,1117.2999999999986,-0.30324618442639634,75.32097004279586,-6.2999999999999545,-5.899999999999864,0,1,0,0,0
2018-03-14,1139.95,1144.45,1131.1,1137.0,1117.9999999999986,-0.5433011901966572,69.63890935887984,-0.34999999999990905,14.75,1,0,0,0,0
2018-03-15,1132.15,1163.75,1132.15,1160.8,1121.0499999999986,-0.4623177402283694,75.54896142433225,-4.849999999999909,-7.7999999999999545,0,0,0,0,0
2018-03-16,1159.9,1159.9,1118.4,1122.75,1122.5464285714274,-0.3693724096647147,51.5889393314073,-0.8999999999998636,27.75,0,0,0,0,0
2018-03-19,1121.15,1124.0,1097.9,1102.55,1122.385714285713,-0.33261915984793794,48.67601246105916,-1.599999999999909,-38.75,1,1,1,1,1
2018-03-20,1102.0,1117.0,1092.15,1106.5,1122.1107142857131,-0.3154948233312144,51.914062500000036,-0.5499999999999545,-19.15000000000009,0,1,1,1,1
2018-03-21,1106.5,1116.0,1100.0,1103.55,1121.0964285714274,-0.33806491631991414,48.52354349561052,0.0,4.5,1,1,1,1,1
2018-03-22,1102.5,1110.0,1100.0,1107.1,1120.2535714285702,-0.3707739393345099,40.55299539170507,-1.0499999999999545,-4.0,1,1,1,1,1
2018-03-23,1094.85,1120.0,1093.05,1112.65,1120.7321428571415,-0.33528004217279694,42.6921368280765,-12.25,-7.650000000000091,1,1,1,1,1
2018-03-26,1112.0,1119.0,1101.0,1117.55,1121.8714285714273,-0.35510496713914497,43.93741851368968,-0.650000000000091,17.15000000000009,1,1,1,1,1
2018-03-27,1119.0,1138.0,1116.4,1131.1,1123.5749999999987,-0.3607655109845234,46.160267111853074,1.4500000000000455,7.0,0,1,1,1,1
2018-03-28,1130.85,1130.85,1115.0,1120.4,1123.060714285713,-0.35833156661470755,43.474842767295634,-0.25,11.849999999999909,1,1,1,1,1
2018-04-02,1120.4,1153.95,1111.5,1150.15,1124.5642857142843,-0.1278642379345115,46.00075103266997,0.0,-10.449999999999818,1,0,0,0,1
2018-04-03,1145.05,1156.7,1138.95,1152.1,1126.035714285713,0.1418974338681132,65.12107161257083,-5.100000000000136,24.649999999999864,0,0,0,1,1
2018-04-04,1156.9,1157.7,1126.0,1136.0,1125.7285714285701,0.34838440364694745,67.99354491662194,4.800000000000182,11.850000000000136,1,1,1,1,1
2018-04-05,1151.8,1156.8,1137.55,1142.9,1126.149999999999,0.5898468575998479,68.97810218978114,15.799999999999955,-5.100000000000136,1,1,1,1,1
2018-04-06,1142.9,1152.8,1135.0,1143.5,1124.9142857142847,0.8874666774156892,71.35221806520592,0.0,-8.899999999999864,1,1,1,1,1
2018-04-09,1145.0,1171.5,1139.95,1157.45,1127.3928571428562,0.9114071987664738,74.21837421837438,1.5,2.099999999999909,0,0,1,1,1
2018-04-10,1159.0,1167.7,1152.9,1156.75,1131.2642857142848,0.8894966432984174,72.25025227043398,1.5499999999999545,14.0,0,1,1,1,1
2018-04-11,1157.0,1158.6,1141.2,1155.85,1134.7892857142847,0.8336796285814563,70.13669821240804,0.25,-2.0,1,1,1,1,1
2018-04-12,1149.5,1169.9,1144.9,1165.2,1139.1928571428562,0.8256994245279334,68.75687568756885,-6.349999999999909,-7.5,0,1,1,1,0
2018-04-13,1170.0,1176.85,1157.85,1162.2,1143.1285714285705,0.7890475316562271,75.12019230769226,4.7999999999999545,20.5,1,1,1,1,0
2018-04-16,1160.0,1188.5,1155.0,1178.85,1147.857142857142,0.8377311603909308,70.47075606276738,-2.2000000000000455,-10.0,0,0,0,0,0
2018-04-17,1180.0,1187.4,1169.0,1176.0,1152.032142857142,0.8625107349445881,66.83098591549302,1.150000000000091,20.0,0,0,0,1,0
2018-04-18,1179.0,1185.0,1168.0,1172.3,1154.974999999999,0.8531472071613517,80.97269624573367,3.0,-1.0,0,0,1,0,0
2018-04-19,1172.0,1187.0,1162.6,1165.0,1158.1607142857133,0.8433970639222977,68.72881355932196,-0.2999999999999545,-7.0,0,1,1,0,0
2018-04-20,1165.0,1165.95,1142.25,1159.35,1158.8178571428564,0.7631680921132148,62.373145979703246,0.0,-7.0,1,1,1,0,1
2018-04-23,1160.9,1181.4,1145.4,1178.7,1160.7178571428562,0.7971226907440576,65.29877609791211,1.550000000000182,-4.099999999999909,0,0,0,1,1
2018-04-24,1177.5,1182.45,1161.9,1170.1,1163.1535714285706,0.7692118390001322,58.629605688429116,-1.2000000000000455,16.59999999999991,0,0,1,1,1
2018-04-25,1167.0,1168.8,1156.05,1163.05,1164.5928571428562,0.6564552248487403,54.311377245509,-3.099999999999909,-10.5,0,1,1,1,1
2018-04-26,1164.0,1177.05,1149.55,1155.7,1165.4642857142846,0.35542970030076876,44.171779141104295,0.9500000000000455,-3.0,1,1,1,1,1
2018-04-27,1165.25,1199.1,1164.25,1181.6,1167.1892857142846,0.3754362469844097,59.29118773946355,9.549999999999955,1.25,1,1,1,1,1
2018-04-30,1189.7,1207.0,1182.4,1201.7,1170.399999999999,0.43845598253113216,60.59341678256843,8.100000000000136,24.450000000000045,1,1,0,1,1
2018-05-02,1200.25,1230.6,1197.4,1222.3,1175.1464285714276,0.5355746438978912,68.43152866242035,-1.4500000000000455,10.549999999999955,0,0,0,0,1
2018-05-03,1220.3,1230.0,1201.0,1206.75,1178.1142857142845,0.6339497120678793,62.531829756275016,-2.0,20.049999999999955,0,1,1,1,1
2018-05-04,1212.0,1212.0,1178.1,1190.45,1180.1321428571416,0.6096697420970374,58.68897234551042,5.25,-8.299999999999955,1,1,1,1,1
2018-05-07,1192.0,1220.8,1180.0,1215.25,1182.7321428571418,0.7527646062682067,66.87801932367154,1.5499999999999545,-20.0,0,1,1,1,1
2018-05-08,1219.0,1224.0,1205.0,1209.9,1185.1535714285706,0.8146676919077925,60.2902374670185,3.75,27.0,1,1,1,1,1
2018-05-09,1197.6,1229.1,1197.6,1222.55,1188.742857142856,0.859721385605034,66.84869900417613,-12.300000000000182,-21.40000000000009,0,1,1,1,1
2018-05-10,1232.0,1238.0,1207.5,1217.7,1192.507142857142,0.8509106853714387,67.80710329097437,9.450000000000045,34.40000000000009,1,1,1,1,1
2018-05-11,1237.0,1291.9,1229.85,1286.45,1201.5857142857135,0.8799193438406631,80.42820572492445,19.299999999999955,5.0,1,1,1,1,1
2018-05-14,1285.0,1305.0,1268.6,1297.35,1210.0607142857134,0.9280153780190556,78.959219414561,-1.4500000000000455,48.0,1,1,1,1,1
2018-05-15,1291.0,1323.45,1288.8,1314.65,1220.3857142857137,0.9481816056400939,78.66023851814269,-6.349999999999909,6.0,1,0,0,0,0
2018-05-16,1305.15,1332.0,1300.85,1323.7,1231.8607142857138,0.9523089656527336,77.33153638814025,-9.5,14.150000000000091,0,0,0,0,0
2018-05-17,1313.15,1330.0,1303.55,1309.45,1242.8428571428565,0.9312917606672474,77.87730727470148,-10.549999999999955,8.0,0,0,0,0,0
2018-05-18,1305.0,1316.4,1287.6,1308.35,1251.896428571428,0.9048751179776969,84.88165680473374,-4.4500000000000455,-8.150000000000091,0,0,0,0,0
2018-05-21,1305.0,1314.7,1290.85,1301.7,1259.0392857142851,0.871700111395496,78.65429234338754,-3.349999999999909,0.0,0,0,0,0,1
2018-05-22,1298.0,1302.0,1279.0,1286.85,1263.6499999999994,0.8248994137857109,73.9943872778297,-3.7000000000000455,-7.0,0,1,1,1,1
2018-05-23,1281.0,1292.15,1269.6,1278.6,1268.7821428571422,0.7501063486288254,67.97050336646359,-5.849999999999909,-17.0,1,1,1,1,1
2018-05-24,1277.1,1302.9,1263.0,1293.6,1276.1499999999992,0.6888809926118262,72.84768211920525,-1.5,-3.900000000000091,0,1,1,1,1
2018-05-25,1300.0,1310.0,1280.0,1292.35,1281.657142857142,0.6082879122822007,52.991886409736225,6.400000000000091,22.90000000000009,1,1,1,1,1
2018-05-28,1294.5,1331.9,1291.55,1321.85,1289.6535714285703,0.5554365900512335,60.4522184300341,2.150000000000091,-5.5,0,0,0,0,0
2018-05-29,1326.0,1330.0,1289.0,1299.5,1295.149999999999,0.3889279975313047,43.80368098159506,4.150000000000091,31.5,0,1,0,0,0
2018-05-30,1290.0,1300.95,1283.35,1293.85,1300.5892857142844,-0.11713846589189657,37.442153975599446,-9.5,-36.0,1,0,0,0,0
2018-05-31,1300.2,1311.7,1287.0,1304.65,1301.8892857142844,-0.27796696972247725,47.92027729636051,6.350000000000136,10.200000000000045,0,0,0,0,0
2018-06-01,1307.0,1310.0,1290.8,1293.05,1301.5821428571417,-0.4245030506906051,43.923749007148565,2.349999999999909,6.7999999999999545,0,0,0,0,0
2018-06-04,1295.0,1297.5,1265.0,1284.45,1299.4249999999988,-0.3958667288131813,43.25381306218226,1.9500000000000455,-12.0,0,0,1,0,0
2018-06-05,1276.25,1293.3,1270.55,1273.6,1295.8464285714272,-0.23848411475614018,44.65078724263223,-8.200000000000045,-18.75,0,1,1,1,1
2018-06-06,1270.9,1270.9,1245.05,1262.8,1292.5142857142841,-0.15668598390935615,43.750000000000036,-2.699999999999818,-5.349999999999909,1,1,1,1,1
2018-06-07,1270.15,1297.0,1256.0,1290.8,1291.2607142857128,0.007267255949027477,48.99569583931135,7.350000000000136,-0.75,0,0,0,0,0
2018-06-08,1275.0,1288.55,1272.0,1278.85,1289.6285714285698,0.14407679263316694,45.50299800133246,-15.799999999999955,4.849999999999909,1,1,1,1,1
2018-06-11,1279.0,1295.9,1275.2,1283.3,1289.3749999999984,0.14292936086156915,34.586165533786556,0.15000000000009095,4.0,1,1,1,0,0
2018-06-12,1278.55,1292.0,1275.2,1287.7,1290.0249999999985,0.007726402135742867,44.49112978524748,-4.75,-0.4500000000000455,0,0,0,0,0
2018-06-13,1290.0,1292.75,1281.95,1286.4,1289.510714285713,0.08041408790838211,46.374695863747064,2.2999999999999545,11.450000000000045,0,0,0,0,0
2018-06-14,1280.45,1289.65,1270.0,1286.1,1289.0642857142846,0.1507234472610416,39.94579945799454,-5.9500000000000455,-9.549999999999955,0,0,0,0,0
2018-06-15,1284.9,1286.65,1268.1,1282.2,1286.2321428571418,0.44515682956936864,43.58367829686583,-1.199999999999818,4.4500000000000455,0,0,0,0,0
2018-06-18,1289.4,1289.65,1271.0,1282.05,1284.9857142857131,0.44451578886492804,48.42312746386329,7.2000000000000455,4.5,0,0,0,0,0
2018-06-19,1273.0,1287.65,1265.0,1269.2,1283.224999999999,0.48728211785735304,47.18309859154939,-9.049999999999955,-16.40000000000009,1,0,0,0,1
2018-06-20,1275.0,1275.0,1260.0,1271.3,1280.842857142856,0.3775384628002693,56.12391930835734,5.7999999999999545,2.0,0,0,0,1,0
2018-06-21,1272.0,1279.9,1246.0,1253.0,1277.9821428571418,0.4845014469861932,18.341708542713633,0.7000000000000455,-3.0,1,1,1,1,1
2018-06-22,1261.5,1273.55,1240.2,1267.7,1276.7857142857133,0.517107698597251,41.072858286629426,8.5,-10.5,0,1,0,1,0
2018-06-25,1268.0,1272.1,1249.3,1253.45,1275.3464285714276,0.7236170500628142,29.34256055363329,0.2999999999999545,6.5,1,1,1,1,1
2018-06-26,1255.0,1279.85,1253.0,1274.6,1276.1892857142848,0.8587980133622721,42.640449438202154,1.5499999999999545,-13.0,0,0,0,1,1
2018-06-27,1279.15,1285.0,1263.0,1267.15,1274.4999999999993,0.8281265304243007,39.88439306358378,4.550000000000182,24.15000000000009,1,0,1,1,1
2018-06-28,1267.15,1273.45,1250.0,1268.4,1273.753571428571,0.8209947490848121,40.79084287200837,0.0,-12.0,0,1,1,1,1
2018-06-29,1268.25,1271.1,1252.15,1264.45,1272.4071428571424,0.810275770532225,40.76963078523137,-0.15000000000009095,1.099999999999909,1,1,1,1,1
2018-07-02,1266.5,1297.95,1261.0,1293.05,1272.7892857142851,0.48454317551443005,54.414125200642076,2.0499999999999545,-1.75,0,0,1,1,1
2018-07-03,1298.6,1308.6,1288.1,1291.85,1273.1785714285706,0.22895580635542226,60.02656042496678,5.5499999999999545,32.09999999999991,0,1,1,1,1
2018-07-04,1296.0,1299.95,1282.75,1289.8,1273.4428571428564,-0.011984774097565001,58.193091231178066,4.150000000000091,-2.599999999999909,1,1,1,1,1
2018-07-05,1294.8,1330.0,1278.3,1321.4,1276.2428571428566,-0.11711128857029172,77.0998415213947,5.0,-1.2000000000000455,1,1,1,1,1
2018-07-06,1325.0,1335.4,1309.05,1323.15,1279.1785714285709,-0.018864700817731814,74.48123620309057,3.599999999999909,30.200000000000045,1,1,1,1,1
2018-07-09,1330.0,1367.9,1325.25,1363.1,1285.8857142857137,0.5663770890318447,89.4566390788054,6.849999999999909,5.0,1,0,0,1,0
2018-07-10,1362.8,1375.5,1355.0,1370.45,1292.9678571428565,0.7905450718176468,88.29404714342799,-0.2999999999999545,32.799999999999955,0,0,0,0,1
2018-07-11,1360.0,1384.75,1357.35,1359.8,1300.5964285714279,0.8278028340583383,86.09271523178799,-10.450000000000045,-2.7999999999999545,0,1,0,1,1
2018-07-12,1370.0,1379.0,1346.0,1357.9,1307.0392857142851,0.8197305028569455,84.68992248062015,10.200000000000045,10.0,1,1,1,1,1
2018-07-13,1359.5,1374.4,1358.7,1367.8,1315.2071428571421,0.8333139789268986,88.29195998517972,1.599999999999909,-10.5,0,1,1,1,1
2018-07-16,1370.0,1394.9,1351.1,1359.55,1321.2749999999994,0.8119993286187631,79.01396160558467,2.2000000000000455,10.5,1,1,1,1,0
2018-07-17,1365.4,1383.5,1353.1,1376.25,1329.0678571428564,0.8219964752679306,82.43658724058423,5.850000000000136,-4.599999999999909,1,1,1,0,0
2018-07-18,1386.0,1399.95,1377.55,1393.0,1337.9678571428562,0.847398707080635,85.63535911602213,9.75,20.59999999999991,1,1,0,0,0
2018-07-19,1395.0,1408.5,1393.95,1403.0,1347.8642857142847,0.8818966994562006,83.11688311688313,2.0,9.0,0,0,0,0,0
2018-07-20,1403.0,1404.75,1381.5,1396.45,1355.2499999999993,0.8777761294530984,78.63281250000003,0.0,8.0,0,0,0,0,0
