2016-08-29,253.0,253.95,251.05,252.8,251.97142857142856,0.49117466730426285,46.10778443113778,-0.8000000000000114,-0.3499999999999943,1,1,1,1,1
2016-08-30,253.7,257.9,253.05,257.3,252.66071428571428,0.6335318742338598,55.44554455445548,0.8999999999999773,0.6999999999999886,1,1,1,1,1
2016-08-31,258.3,261.5,256.4,260.05,253.62857142857143,0.7954338483323633,64.73317865429239,1.0,4.600000000000023,1,1,1,1,1
2016-09-01,261.0,263.0,259.1,261.0,254.29642857142858,0.8683009959433198,71.12171837708829,0.9499999999999886,2.6999999999999886,1,1,1,1,0
2016-09-02,262.0,263.7,260.25,262.9,254.925,0.924323507039601,77.59815242494227,1.0,1.0,0,0,1,0,0
2016-09-06,263.0,265.9,261.1,262.6,255.46071428571432,0.9421999223419951,72.60638297872357,0.10000000000002274,1.0,1,1,0,0,0
2016-09-07,264.0,264.95,262.0,262.8,256.1107142857143,0.9376912286534834,84.96932515337441,1.3999999999999773,1.0,1,0,0,0,0
2016-09-08,263.5,265.55,262.7,264.9,257.0214285714286,0.9445759939738354,92.46376811594224,0.6999999999999886,-0.5,0,0,0,0,0
2016-09-09,263.0,264.45,257.05,258.3,257.54642857142863,0.8399745108425652,61.74334140435849,-1.8999999999999773,-0.5,0,0,0,1,1
2016-09-12,255.95,256.7,251.75,252.25,257.41428571428577,0.6026884236757157,47.058823529411725,-2.3500000000000227,-7.050000000000011,0,1,1,1,1
2016-09-14,251.0,253.1,249.55,251.85,257.4464285714286,0.3766027768289897,48.15533980582519,-1.25,-4.949999999999989,1,1,1,1,1
2016-09-15,252.5,257.9,252.5,255.9,257.8500000000001,0.20303009467589425,47.23320158102764,0.6500000000000057,1.5,1,1,1,0,0
2016-09-16,256.0,262.2,255.4,260.35,258.3428571428572,0.14181722028299593,50.55555555555558,0.09999999999999432,3.5,0,0,0,0,0
2016-09-19,261.5,262.6,258.25,258.85,258.7035714285715,0.007885526181052864,46.098003629764094,1.1499999999999773,5.5,0,0,0,0,0
2016-09-20,259.2,259.25,255.25,256.95,259.00000000000006,-0.2985564243160861,39.201451905626136,0.3499999999999659,-2.3000000000000114,0,0,0,0,0
2016-09-21,256.7,258.8,253.0,253.65,258.73928571428576,-0.5041830468748872,35.35188216039276,-0.25,-2.5,1,0,0,0,0
2016-09-22,255.45,257.2,253.75,255.25,258.3964285714286,-0.565237765708353,38.184663536776185,1.799999999999983,-1.25,0,0,0,0,0
2016-09-23,255.0,257.0,251.8,253.45,257.85714285714283,-0.5707528163406506,31.911532385466074,-0.25,-0.44999999999998863,0,0,0,0,0
2016-09-26,253.0,253.25,247.5,248.05,256.7964285714286,-0.285643551752317,33.169129720853874,-0.44999999999998863,-2.0,0,0,0,0,0
2016-09-27,248.65,249.25,245.0,245.85,255.6,0.23931731877372905,37.96992481203008,0.5999999999999943,-4.349999999999994,1,0,0,0,0
2016-09-28,246.3,249.4,245.5,246.95,254.46785714285713,0.6064892291753468,41.02564102564102,0.45000000000001705,-2.3499999999999943,0,0,0,0,0
2016-09-29,248.1,249.3,241.0,245.7,253.09642857142853,0.8305024905992354,29.18367346938774,1.1500000000000057,1.799999999999983,0,0,0,0,0
2016-09-30,245.65,246.95,240.5,241.35,251.88571428571422,0.9005698949317166,11.065573770491753,-0.04999999999998295,-2.4499999999999886,1,0,0,0,0
2016-10-03,244.2,244.2,241.55,242.3,251.17499999999995,0.9128527100338447,15.303983228511541,2.8499999999999943,-1.450000000000017,0,0,0,0,0
2016-10-04,243.0,243.95,240.35,241.2,250.41428571428565,0.9256241780737724,15.83514099783082,0.6999999999999886,-1.1999999999999886,0,0,0,0,0
2016-10-05,241.8,243.25,239.2,240.2,249.29285714285706,0.9298643744466979,17.59036144578313,0.6000000000000227,-1.1999999999999886,0,0,0,0,0
2016-10-06,242.0,242.0,235.65,237.4,247.65357142857138,0.9539906030828545,9.339407744874762,1.8000000000000114,0.19999999999998863,1,1,1,1,1
2016-10-07,237.9,240.25,236.75,238.95,246.2321428571428,0.9521793376658552,16.589861751152057,0.5,-4.099999999999994,1,0,1,1,1
2016-10-10,242.0,242.6,239.55,240.1,245.02857142857138,0.9268438175862487,27.220630372492806,3.0500000000000114,4.099999999999994,0,0,1,1,0
2016-10-13,240.1,241.45,236.95,238.95,243.97857142857134,0.9036300832858644,28.963414634146332,0.0,-1.9000000000000057,1,1,1,1,1
2016-10-14,239.0,240.5,238.05,239.9,242.88214285714278,0.8722413082298391,28.307692307692392,0.05000000000001137,-1.0999999999999943,1,1,0,0,1
2016-10-17,239.9,241.75,238.5,240.6,241.96428571428564,0.8266753983282576,33.75796178343953,0.0,0.9000000000000057,1,0,0,0,1
2016-10-18,241.0,246.55,240.3,245.95,241.81428571428563,0.5054723133169624,63.77245508982033,0.4000000000000057,1.0999999999999943,0,0,0,0,0
2016-10-19,245.65,245.65,238.4,239.45,241.35714285714275,0.43998567735598704,43.59550561797748,-0.29999999999998295,4.650000000000006,0,1,1,0,0
2016-10-20,241.0,241.35,238.1,239.35,240.81428571428563,0.2910948000512748,45.64705882352942,1.5500000000000114,-4.650000000000006,1,1,0,0,1
2016-10-21,239.0,241.15,238.75,240.15,240.41785714285706,0.048732995005043606,49.88123515439434,-0.3499999999999943,-2.0,1,0,0,1,1
2016-10-24,241.0,242.0,239.7,241.35,240.41785714285706,-0.0559997734548179,60.15424164524419,0.8499999999999943,2.0,0,0,1,1,1
2016-10-25,242.9,242.9,238.15,238.75,240.16428571428563,-0.15372765409413133,49.512195121951244,1.5500000000000114,1.9000000000000057,0,1,1,1,1
2016-10-26,239.85,242.5,233.5,238.75,239.98928571428564,-0.2205686866782902,46.511627906976756,1.0999999999999943,-3.0500000000000114,1,1,1,1,0
2016-10-27,241.2,244.8,239.65,243.1,240.1964285714285,-0.36523078676188475,59.2017738359202,2.4499999999999886,1.3499999999999943,0,0,0,0,0
2016-10-28,244.3,244.3,239.5,243.1,240.60357142857134,-0.23044148708778212,57.4074074074074,1.200000000000017,3.1000000000000227,0,0,0,0,1
2016-10-30,244.0,244.0,241.0,241.65,240.79642857142852,-0.12832630317365804,52.348993288590634,0.9000000000000057,-0.30000000000001137,0,0,0,1,1
2016-11-01,242.8,242.8,239.15,239.95,240.78571428571422,-0.074138564088192,33.957219251336895,1.1500000000000057,-1.1999999999999886,0,1,1,1,1
2016-11-02,237.0,238.95,235.1,237.3,240.66785714285712,0.17832853342853694,42.76094276094282,-2.9499999999999886,-5.800000000000011,1,1,1,1,1
2016-11-03,237.05,242.3,236.0,240.3,240.69642857142853,0.34632809767015305,52.67605633802822,-0.25,0.05000000000001137,1,1,1,1,1
2016-11-04,251.5,256.4,247.05,249.05,241.29999999999998,0.5286532453792048,67.3151750972763,11.199999999999989,14.449999999999989,1,1,0,1,0
2016-11-07,253.8,259.65,247.0,256.5,242.05357142857142,0.7260553237089286,73.70892018779347,4.75,2.3000000000000114,0,0,0,0,0
2016-11-08,256.5,257.4,252.2,255.6,243.20714285714286,0.872242027501166,77.8512396694215,0.0,2.6999999999999886,0,0,0,0,0
2016-11-09,239.15,255.0,238.55,248.15,243.83571428571432,0.770039904427888,62.466843501326274,-16.44999999999999,-17.349999999999994,1,0,0,0,0
2016-11-10,252.85,253.0,245.55,251.05,244.61428571428573,0.7508127664671305,60.965517241379345,4.699999999999989,13.699999999999989,0,0,0,0,0
2016-11-11,248.0,248.95,241.0,242.95,244.72857142857146,0.59297254689797,49.83089064261555,-3.0500000000000114,-4.849999999999994,0,0,0,0,0
2016-11-15,241.95,246.9,235.8,237.5,244.63928571428573,0.3476525538379721,45.70837642192347,-1.0,-6.050000000000011,0,0,0,0,0
2016-11-16,237.95,239.1,228.05,230.9,244.07857142857145,0.08349208088732514,41.50234741784038,0.44999999999998863,-4.0,1,0,0,0,0
2016-11-17,228.45,234.0,228.4,231.5,243.25000000000003,0.014313346739381075,44.33593749999998,-2.450000000000017,-9.5,0,0,0,0,0
2016-11-18,230.0,231.4,227.1,227.85,242.1607142857143,0.050415220975493356,37.99421407907423,-1.5,1.5500000000000114,0,0,0,0,1
2016-11-21,228.2,228.6,223.6,224.2,240.91428571428574,0.18721399854551724,23.4224598930481,0.3499999999999943,-1.8000000000000114,1,1,0,1,1
2016-11-22,225.0,228.1,223.5,226.1,239.925,0.3220807151587386,13.106796116504853,0.8000000000000114,-3.1999999999999886,0,0,1,1,1
2016-11-23,227.25,227.8,223.5,224.65,239.02142857142857,0.43952701257253207,12.93413173652695,1.1500000000000057,2.25,0,1,1,1,1
2016-11-24,225.0,225.25,222.1,223.5,237.82142857142858,0.5509627265354948,15.232722143864606,0.3499999999999943,-2.25,1,1,1,1,1
2016-11-25,224.5,230.45,223.05,228.8,236.375,0.5905022349004897,20.607661822985477,1.0,-0.5,1,1,1,1,0
2016-11-28,228.4,234.2,227.3,233.7,234.74642857142857,0.5581537488735818,36.65223665223664,-0.4000000000000057,3.9000000000000057,0,0,0,0,0
2016-11-29,233.05,235.65,230.25,231.05,232.99285714285716,0.5107753561539119,39.874411302982736,-0.6499999999999773,4.650000000000006,1,1,0,1,0
2016-11-30,232.0,234.4,229.15,232.5,231.875,0.3904166426945478,52.99625468164794,0.9499999999999886,-1.0500000000000114,1,0,1,0,0
2016-12-01,232.8,235.0,231.05,233.5,230.62142857142857,0.14420317572387964,53.690036900369,0.30000000000001137,0.8000000000000114,0,0,0,0,0
2016-12-02,233.0,233.0,228.0,228.5,229.58928571428572,-0.07361178170282359,51.14235500878736,-0.5,0.19999999999998863,1,1,0,1,1
2016-12-05,228.9,233.2,227.45,232.55,229.2357142857143,-0.4439835628699869,64.471403812825,0.4000000000000057,-4.099999999999994,0,0,1,1,0
2016-12-06,233.0,233.0,229.15,230.2,229.18571428571428,-0.5457971754481226,56.99658703071672,0.44999999999998863,4.099999999999994,0,1,1,1,1
2016-12-07,231.5,231.5,226.5,227.2,228.8785714285714,-0.6181467042548986,54.13290113452185,1.3000000000000114,-1.5,1,1,1,1,1
2016-12-08,229.05,235.3,228.3,233.3,229.26785714285714,-0.684080332766522,63.68715083798884,1.8500000000000227,-2.4499999999999886,1,0,1,0,0
2016-12-09,234.05,239.6,232.55,236.15,230.1214285714286,-0.6240963778215023,61.01949025487255,0.75,5.0,0,0,0,0,0
2016-12-12,234.2,234.7,231.95,232.3,230.56428571428575,-0.5793319095670959,47.832817337461336,-1.950000000000017,0.14999999999997726,1,1,0,0,0
2016-12-13,234.8,236.9,232.2,235.65,231.35000000000005,-0.4113829304804178,56.969696969696955,2.5,0.6000000000000227,0,0,0,0,0
2016-12-14,236.0,236.5,232.0,233.15,232.03928571428577,0.011721927389726322,50.954478707782684,0.3499999999999943,1.1999999999999886,0,0,0,0,0
2016-12-15,232.0,234.4,228.5,229.7,232.10357142857146,0.27989124418452693,44.7945205479452,-1.1500000000000057,-4.0,0,0,1,0,0
2016-12-16,230.8,230.8,226.0,226.35,231.57857142857145,0.08115909172012226,46.91535150645624,1.1000000000000227,-1.1999999999999886,1,1,0,1,0
2016-12-19,225.35,229.0,225.35,227.0,231.28928571428574,0.04155906991822643,41.17647058823528,-1.0,-5.450000000000017,1,0,1,0,0
2016-12-20,228.5,230.8,227.5,229.95,231.10714285714286,-0.010690921159941162,49.60998439937597,1.5,3.1500000000000057,0,0,0,0,1
2016-12-21,229.0,229.8,225.5,226.3,230.59285714285716,-0.02643668456572498,48.623853211009205,-0.9499999999999886,0.5,1,0,0,1,1
2016-12-22,225.25,228.4,224.25,227.55,230.52500000000003,-0.06699826348568746,39.676840215439846,-1.0500000000000114,-3.75,0,0,1,1,1
2016-12-23,227.5,227.5,223.8,224.7,229.96428571428572,0.068116442607101,29.443447037701944,-0.05000000000001137,2.25,1,1,1,1,1
2016-12-26,224.9,225.85,222.0,225.0,229.59285714285716,0.17643847372066754,34.979423868312736,0.20000000000001705,-2.5999999999999943,1,1,1,1,1
2016-12-27,226.0,234.9,224.35,234.05,230.08214285714288,0.03515977256827065,47.33333333333334,1.0,1.0999999999999943,1,1,1,1,1
2016-12-28,232.7,236.4,232.7,235.45,230.2357142857143,0.08224079461412988,53.97923875432524,-1.3500000000000227,6.699999999999989,1,1,1,1,1
2016-12-29,235.3,237.0,232.3,236.0,230.225,0.09979183264843579,62.11538461538464,-0.14999999999997726,2.6000000000000227,1,1,1,1,1
2016-12-30,237.45,242.4,236.3,241.65,230.89285714285714,0.10567218777413429,77.03180212014135,1.4499999999999886,2.1499999999999773,0,1,1,1,1
2017-01-02,242.0,242.25,238.6,240.95,231.27142857142854,0.13107886710278344,74.60317460317457,0.3499999999999943,4.550000000000011,1,1,1,1,1
2017-01-03,240.9,245.7,239.25,243.35,231.99999999999997,0.29739283572789366,74.10071942446041,-0.04999999999998295,-1.0999999999999943,1,1,0,1,1
2017-01-04,242.85,247.0,240.1,245.45,233.12499999999997,0.581970327033327,86.47619047619035,-0.5,1.9499999999999886,1,0,1,1,1
2017-01-05,244.5,247.85,244.1,246.75,234.58214285714283,0.7344834993240493,86.5019011406843,-0.9499999999999886,1.6500000000000057,0,0,1,1,0
2017-01-06,247.0,249.0,242.2,242.7,235.7035714285714,0.7258043174058348,82.72727272727266,0.25,2.5,1,1,1,1,1
2017-01-09,242.85,246.6,242.1,245.85,236.8392857142857,0.742202431359254,84.34925864909384,0.15000000000000568,-4.150000000000006,1,1,0,1,1
2017-01-10,246.0,249.85,245.7,248.95,238.4571428571428,0.7766349350792646,80.53278688524581,0.15000000000000568,3.1500000000000057,0,0,1,0,1
2017-01-11,249.8,250.5,246.6,247.55,239.88571428571422,0.7734920146616792,74.79508196721312,0.8500000000000227,3.8000000000000114,0,1,1,1,1
2017-01-12,247.7,247.7,244.15,244.65,241.31071428571425,0.7321795795072228,66.16822429906541,0.14999999999997726,-2.1000000000000227,1,1,1,1,1
2017-01-13,246.0,251.0,242.5,249.65,243.07142857142853,0.8020871841201551,65.32567049808426,1.3499999999999943,-1.6999999999999886,0,1,1,1,1
2017-01-16,249.25,250.85,247.1,248.8,244.12499999999997,0.804388953473815,64.95238095238099,-0.4000000000000057,3.25,1,1,1,1,1
2017-01-17,248.8,252.3,248.8,251.95,245.3035714285714,0.8358761372916427,65.92592592592592,0.0,-0.44999999999998863,0,1,1,1,1
2017-01-18,251.6,254.3,249.8,250.85,246.36428571428567,0.8636219541438441,60.38461538461541,-0.3499999999999943,2.799999999999983,1,1,1,1,1
2017-01-19,249.75,254.75,249.55,254.15,247.2571428571428,0.868923371442306,63.21428571428574,-1.0999999999999943,-1.8499999999999943,1,1,1,1,1
2017-01-20,254.25,256.3,253.7,255.4,248.28928571428568,0.8664251554281791,75.19841269841277,0.09999999999999432,4.5,1,1,1,1,1
2017-01-23,255.1,260.15,255.05,259.65,249.45357142857142,0.8571300210192849,76.23574144486696,-0.30000000000001137,0.8499999999999943,1,1,0,0,0
2017-01-24,259.6,260.75,257.35,259.85,250.48214285714286,0.8870704235860484,73.29059829059838,-0.049999999999954525,4.500000000000028,1,0,0,0,1
2017-01-25,259.95,266.4,259.6,265.5,251.82142857142858,0.9141713702297071,82.45931283905968,0.0999999999999659,0.3499999999999659,0,0,0,1,1
2017-01-27,263.5,266.95,256.1,257.4,252.8714285714286,0.8836220317380982,69.4063926940639,-2.0,3.5500000000000114,0,1,1,1,1
2017-01-30,258.4,261.0,255.5,256.1,253.60357142857146,0.8418300093461637,61.06346483704979,1.0,-5.100000000000023,1,1,1,1,1
2017-01-31,256.2,259.95,254.6,258.1,254.2571428571429,0.8469621057572531,65.34653465346538,0.0999999999999659,-2.1999999999999886,1,1,1,1,1
2017-02-01,260.0,270.1,258.5,269.7,255.83928571428572,0.8624028934864778,72.90322580645164,1.8999999999999773,3.8000000000000114,1,1,1,1,1
2017-02-02,271.0,279.9,269.5,274.3,257.95714285714286,0.8672688963912596,77.75147928994086,1.3000000000000114,11.0,0,1,1,1,1
2017-02-03,274.0,275.5,270.5,273.05,259.62857142857143,0.8891755470387457,73.5074626865672,-0.30000000000001137,3.0,1,1,1,1,1
2017-02-06,274.9,279.0,274.1,276.8,261.62857142857143,0.9030114625940561,75.05854800936771,1.849999999999966,0.8999999999999773,1,0,1,0,0
2017-02-07,278.6,292.15,275.6,277.1,263.425,0.9127702112519793,72.51612903225812,1.8000000000000114,3.7000000000000455,0,1,0,0,0
2017-02-08,275.5,279.0,272.0,274.8,265.1357142857143,0.8934381489621238,68.29865361077111,-1.6000000000000227,-3.1000000000000227,1,0,0,0,0
2017-02-09,276.0,278.4,272.65,277.65,266.81428571428575,0.8879779702492764,65.96583442838369,1.1999999999999886,0.5,0,0,0,0,0
2017-02-10,278.7,279.1,271.55,273.35,268.0964285714286,0.8403258233251494,73.28467153284686,1.0500000000000114,2.6999999999999886,0,0,1,0,0
2017-02-13,275.4,276.35,268.6,270.6,268.87857142857143,0.7693844048960184,70.30812324929977,2.0499999999999545,-3.3000000000000114,1,1,0,0,0
2017-02-14,270.0,273.5,269.15,270.8,269.66071428571433,0.6913772047032877,68.73156342182894,-0.6000000000000227,-5.399999999999977,1,0,0,0,0
2017-02-15,271.2,275.5,271.2,273.4,270.225,0.6840117497258177,57.42971887550201,0.39999999999997726,1.1999999999999886,0,0,0,0,0
2017-02-16,270.05,271.5,265.7,266.65,270.8857142857143,0.49018853812621,35.85951940850265,-3.349999999999966,-1.1499999999999773,1,0,0,0,0
2017-02-17,267.35,268.9,264.0,268.15,271.7464285714286,0.1954103972798674,41.02564102564093,0.7000000000000455,-2.6999999999999886,0,0,0,0,0
2017-02-20,266.0,267.45,265.55,266.05,272.3142857142858,-0.44983543576789786,29.04483430799209,-2.1499999999999773,-1.3500000000000227,0,0,0,0,0
2017-02-21,266.0,266.25,260.8,263.15,271.84642857142865,-0.6975643944783871,25.30973451327415,-0.05000000000001137,0.0,1,1,1,0,1
2017-02-22,264.4,266.25,261.65,263.45,271.0714285714286,-0.7446761478797959,28.38095238095225,1.25,-1.6000000000000227,1,1,0,1,1
2017-02-23,264.0,268.2,261.6,265.65,270.5428571428572,-0.8435142028366232,26.562499999999915,0.5500000000000114,-0.39999999999997726,0,0,1,0,0
2017-02-27,265.55,266.0,257.85,264.6,269.67142857142863,-0.8224341022575892,30.425055928411552,-0.0999999999999659,1.5500000000000114,0,1,1,0,0
2017-02-28,263.0,264.6,260.9,262.2,268.6071428571429,-0.6652156717786541,30.90909090909078,-1.6000000000000227,-2.5500000000000114,1,1,0,1,1
2017-03-01,262.4,269.7,262.4,268.5,268.1571428571429,-0.5804110729358242,45.90747330960852,0.19999999999998863,-0.6000000000000227,0,0,0,0,0
2017-03-02,268.5,270.25,263.5,264.75,267.2357142857143,-0.22564030051070272,35.213675213675245,0.0,6.100000000000023,0,0,0,0,1
2017-03-03,262.0,263.4,258.15,261.55,266.39285714285717,0.1586711812259457,40.077821011673215,-2.75,-6.5,1,1,1,1,1
2017-03-06,262.7,265.05,261.55,264.1,265.92857142857144,0.2728497679609915,42.42990654205616,1.1499999999999773,0.6999999999999886,1,1,1,0,1
2017-03-07,264.3,265.0,261.15,264.25,265.4607142857143,0.3131498535141416,46.37096774193545,0.19999999999998863,1.6000000000000227,0,1,0,1,1
2017-03-08,264.45,265.5,263.5,264.15,264.8,0.3470535256387685,52.272727272727266,0.19999999999998863,0.14999999999997726,1,0,1,1,1
2017-03-09,266.1,266.3,262.3,264.95,264.67857142857144,0.26654581002065386,53.33333333333333,1.9500000000000455,1.650000000000034,0,1,1,1,1
2017-03-10,264.95,265.05,262.65,263.45,264.3428571428571,0.16013837363575087,44.95412844036701,0.0,-1.150000000000034,1,1,1,1,1
2017-03-14,266.2,271.65,265.2,267.1,264.4178571428571,-0.107646865613688,55.12295081967211,2.75,1.25,1,1,1,1,1
2017-03-15,265.2,270.7,265.2,268.2,264.77857142857135,-0.13178297900733799,62.98701298701298,-1.900000000000034,-1.0,1,1,1,1,1
2017-03-16,270.25,271.25,267.5,268.45,265.13571428571424,-0.11549991006582346,49.853372434017565,2.0500000000000114,5.050000000000011,1,1,1,1,1
2017-03-17,276.8,288.9,276.8,281.25,266.24999999999994,-0.06765780442446924,81.60919540229882,8.350000000000023,6.550000000000011,1,1,0,0,0
2017-03-20,282.9,284.2,277.8,281.9,267.4857142857142,0.1908798531187474,93.20594479830139,1.6499999999999773,6.099999999999966,1,0,0,0,0
2017-03-21,283.2,288.6,283.0,287.9,269.32142857142856,0.6342925555020649,94.07407407407399,1.3000000000000114,0.30000000000001137,0,0,0,0,0
2017-03-22,285.0,287.85,278.6,279.85,270.1321428571428,0.7219581647076037,72.34957020057311,-2.8999999999999773,1.8000000000000114,0,1,1,1,1
2017-03-23,277.5,282.5,275.1,277.6,271.04999999999995,0.7373068458307379,68.15114709851561,-2.3500000000000227,-7.5,1,1,1,1,1
2017-03-24,278.85,283.0,278.75,281.0,272.43928571428563,0.7693698575299294,70.23959646910473,1.25,1.3500000000000227,1,0,1,1,0
2017-03-27,280.45,282.9,276.3,281.6,273.68928571428563,0.7705422840996518,73.41935483870975,-0.5500000000000114,1.599999999999966,0,1,1,0,0
2017-03-28,281.6,282.2,280.05,280.5,274.84999999999997,0.7443683579227829,68.50828729281768,0.0,1.150000000000034,1,1,0,1,0
2017-03-29,280.2,283.7,280.2,283.2,276.21071428571423,0.7330592923803654,69.84126984126986,-0.30000000000001137,-1.400000000000034,0,0,0,0,0
2017-03-30,284.0,284.65,280.05,282.75,277.4821428571428,0.7019834005422306,68.81578947368425,0.8000000000000114,3.8000000000000114,0,0,0,0,0
2017-03-31,281.0,283.0,278.75,280.3,278.68571428571425,0.6115116065843758,48.28209764918628,-1.75,-3.0,1,0,0,0,0
2017-04-03,282.8,283.6,278.65,281.55,279.7178571428571,0.5091956460409239,49.380530973451386,2.5,1.8000000000000114,0,0,0,0,1
2017-04-05,283.2,283.5,277.7,278.95,280.4857142857143,0.2754839658373594,31.991951710261574,1.6499999999999773,0.39999999999997726,0,0,0,1,1
2017-04-06,278.2,279.15,273.2,274.1,280.8892857142858,-0.38869275524894437,36.720554272517305,-0.75,-5.0,0,0,1,1,1
2017-04-07,273.0,274.15,270.9,272.65,280.27500000000003,-0.5111622241763794,38.129496402877606,-1.1000000000000227,-5.199999999999989,1,1,1,1,1
2017-04-10,275.0,275.0,272.1,273.55,279.67857142857144,-0.5623354532511622,29.700272479564163,2.3500000000000227,2.0,1,1,1,1,1
2017-04-11,273.1,282.6,271.8,282.05,279.2607142857143,-0.3428700384415794,50.85714285714284,-0.44999999999998863,-1.8999999999999773,0,0,0,0,0
2017-04-12,281.7,284.8,279.55,281.9,279.4071428571429,-0.3224739837167586,52.766798418972286,-0.35000000000002274,8.599999999999966,0,0,0,0,0
2017-04-13,281.9,282.0,277.5,279.15,279.51785714285717,-0.4963363375968724,42.01183431952663,0.0,0.19999999999998863,0,0,0,1,0
2017-04-17,276.55,282.5,275.55,279.1,279.38214285714287,-0.5316915489489532,42.685370741483034,-2.599999999999966,-5.349999999999966,0,0,1,0,0
2017-04-18,280.2,284.0,278.1,279.05,279.20000000000005,-0.5492665364643954,47.22838137472285,1.099999999999966,3.6499999999999773,0,1,0,0,1
2017-04-19,281.15,281.5,277.85,278.7,279.0714285714286,-0.6657932422289179,43.418013856812905,2.099999999999966,0.9499999999999886,1,0,0,1,1
2017-04-20,279.7,281.5,278.35,279.5,278.80714285714294,-0.6399165985973851,51.385390428211615,1.0,-1.4499999999999886,0,0,1,1,1
2017-04-21,282.0,282.0,272.7,274.35,278.20714285714297,-0.2942143027125313,50.62034739454093,2.5,2.3000000000000114,1,1,1,1,1
2017-04-24,276.4,277.55,271.15,276.75,277.95357142857154,-0.1558542951516635,59.71563981042659,2.0499999999999545,-5.600000000000023,1,1,1,1,1
2017-04-25,278.0,282.0,273.9,281.3,277.93571428571437,-0.3091192938569757,65.65656565656566,1.25,1.6000000000000227,1,1,0,0,0
2017-04-26,283.3,292.9,282.0,290.9,278.78928571428577,-0.34737780556022163,67.1179883945841,2.0,5.300000000000011,0,0,0,0,0
2017-04-27,291.4,291.9,284.5,285.8,279.6250000000001,-0.12113510129769628,56.3311688311689,0.5,8.099999999999966,0,0,0,0,0
2017-04-28,285.8,286.5,277.35,278.0,280.007142857143,0.047434362028312436,48.3960948396095,0.0,-5.599999999999966,1,0,1,0,0
2017-05-02,280.5,281.3,276.5,279.2,280.4107142857144,0.11500849223763483,50.13513513513509,2.5,-5.300000000000011,0,1,0,0,0
2017-05-03,279.5,279.5,275.5,277.25,280.06785714285724,0.03396890852977765,47.68637532133675,0.30000000000001137,-1.0,1,0,0,0,0
2017-05-04,277.9,282.2,276.15,281.2,280.0178571428572,0.04595817827798403,52.941176470588246,0.6499999999999773,-1.6000000000000227,0,0,0,0,0
2017-05-05,280.95,280.95,276.4,277.15,279.8750000000001,0.00825230471063624,47.431693989071015,-0.25,3.0500000000000114,0,0,0,0,0
2017-05-08,277.55,278.5,272.55,272.95,279.4357142857144,-0.01796716934318374,48.43749999999996,0.4000000000000341,-3.3999999999999773,0,1,1,1,1
2017-05-09,273.5,276.65,271.0,271.5,278.8964285714287,0.03191079937926595,44.01368301026225,0.5500000000000114,-4.050000000000011,1,1,1,1,1
2017-05-10,272.2,275.7,272.0,273.95,278.557142857143,0.08464934795052091,41.197604790419106,0.6999999999999886,-1.3000000000000114,1,1,1,1,1
2017-05-11,275.5,279.15,274.0,276.65,278.35357142857157,0.11371368006517063,29.555236728837826,1.5500000000000114,3.3000000000000114,0,1,1,1,1
2017-05-12,277.3,277.3,274.05,274.95,278.39642857142866,0.09501765671396017,32.75039745627973,0.6500000000000341,1.8000000000000114,1,1,1,1,1
2017-05-15,275.9,278.9,275.5,277.95,278.482142857143,0.06865604674663575,49.906191369605985,0.9499999999999886,-1.400000000000034,1,1,0,1,1
2017-05-16,278.5,284.3,278.0,283.45,278.6357142857144,0.08585530276837895,56.8659127625202,0.5500000000000114,2.6000000000000227,0,0,1,1,1
2017-05-17,284.1,284.4,279.25,281.65,277.9750000000001,0.13307475490483023,57.142857142857125,0.6500000000000341,5.600000000000023,0,1,1,1,1
2017-05-18,278.0,281.05,277.05,277.9,277.41071428571433,0.028568102393809428,44.60784313725488,-3.6499999999999773,-6.100000000000023,1,1,1,1,1
2017-05-19,282.25,295.65,281.95,286.2,277.9964285714286,-0.15118466704995173,62.98421807747492,4.350000000000023,4.25,1,1,1,1,1
2017-05-22,292.45,304.8,291.3,303.6,279.7392857142858,0.15469377703221474,81.89386056191469,6.25,10.199999999999989,0,0,0,1,1
2017-05-23,301.9,303.9,298.25,300.15,281.37500000000006,0.5077867162580145,78.62137862137857,-1.7000000000000455,9.449999999999989,0,0,1,1,1
2017-05-24,300.0,301.95,297.9,299.9,282.71071428571435,0.6586320823963261,77.11598746081499,-0.14999999999997726,-1.8999999999999773,1,1,1,1,1
2017-05-25,300.0,304.7,295.35,300.05,284.34642857142865,0.7290381952517764,75.82781456953639,0.10000000000002274,0.0,1,1,1,1,1
2017-05-26,302.0,313.8,299.55,309.1,286.9285714285715,0.8173408524521245,82.4311490978157,1.9499999999999886,2.0,1,1,1,1,1
2017-05-29,304.0,319.85,303.5,315.85,290.09642857142865,0.8764867359163053,83.59929078014179,-5.100000000000023,2.0,0,0,0,1,1
2017-05-30,312.9,315.2,310.05,311.45,292.7750000000001,0.8691702436591562,75.31645569620244,-2.9500000000000455,8.899999999999977,1,1,1,1,0
2017-05-31,311.45,313.4,307.0,311.8,295.2857142857144,0.8562936344988837,77.99442896935926,0.0,-1.4499999999999886,1,1,1,0,1
2017-06-01,312.0,316.75,310.8,314.2,298.08928571428584,0.8584150495733228,84.57142857142847,0.19999999999998863,0.5500000000000114,1,1,0,0,0
2017-06-02,316.1,319.9,315.2,319.2,301.0357142857144,0.8744096571132871,83.53658536585355,1.900000000000034,4.100000000000023,0,0,0,0,0
2017-06-05,315.0,318.25,313.3,317.45,303.46428571428584,0.8662040792585559,70.64083457526067,-4.199999999999989,-1.1000000000000227,0,0,0,0,0
2017-06-06,317.5,319.0,309.3,311.05,305.56428571428586,0.8125995116849168,64.9315068493151,0.05000000000001137,2.5,1,1,0,0,0
2017-06-07,311.3,314.75,310.35,312.25,308.01785714285734,0.7836402149456847,66.48865153538051,0.25,-6.199999999999989,0,0,0,0,0
2017-06-08,313.0,313.25,309.4,311.6,309.8321428571431,0.7261003471856031,65.21739130434784,0.75,1.6999999999999886,0,0,0,0,0
2017-06-09,310.75,312.6,304.7,306.0,310.00357142857166,0.5650806674561716,45.50724637681156,-0.8500000000000227,-2.25,0,0,0,0,1
2017-06-12,307.0,307.5,302.5,304.4,310.30714285714305,0.31758440935890114,30.494037478705224,1.0,-3.75,1,0,0,1,1
2017-06-13,305.05,306.0,302.2,305.25,310.689285714286,0.0071735892955433304,37.98449612403103,0.6500000000000341,-1.9499999999999886,0,0,1,1,1
2017-06-14,304.95,306.0,299.15,299.85,310.67500000000024,-0.4755142376361001,30.632090761750405,-0.30000000000001137,-0.10000000000002274,1,1,1,1,1
2017-06-15,302.95,302.95,299.5,301.9,310.1607142857145,-0.6445361029778567,29.83606557377044,3.099999999999966,-2.0,1,1,1,1,1
2017-06-16,302.5,309.6,302.5,306.8,309.5142857142859,-0.6207568542371443,29.605263157894754,0.6000000000000227,-0.44999999999998863,1,1,1,1,1
2017-06-19,309.0,311.85,308.1,310.9,309.4750000000002,-0.6737086652912799,39.999999999999964,2.1999999999999886,6.5,0,0,1,1,1
2017-06-20,312.0,312.2,308.1,308.7,309.25357142857155,-0.7763550399668672,45.88441330998244,1.1000000000000227,3.0,1,1,1,1,0
2017-06-21,309.4,311.0,307.2,308.95,308.87857142857155,-0.8515359746811254,44.02173913043476,0.6999999999999886,-2.6000000000000227,1,1,1,0,1
2017-06-22,308.65,314.2,308.2,311.3,308.31428571428586,-0.785749391080331,49.48805460750851,-0.30000000000001137,-0.75,0,1,0,1,1
2017-06-23,310.0,312.9,308.6,311.0,307.8535714285716,-0.6825616136772834,60.416666666666664,-1.3000000000000114,1.3500000000000227,1,0,1,1,1
2017-06-27,311.75,316.5,311.0,312.35,307.9464285714288,-0.8108324467912251,66.73684210526325,0.75,1.75,0,0,1,1,1
2017-06-28,311.6,311.6,307.1,308.35,307.6678571428574,-0.723538041750134,55.762081784386666,-0.75,-0.14999999999997726,1,1,1,1,1
2017-06-29,309.1,313.25,308.6,311.6,307.6678571428574,-0.8268637793823318,73.73737373737373,0.75,-2.5,1,1,1,1,1
2017-06-30,310.25,324.7,310.25,323.65,308.9285714285716,-0.5824315900196888,81.29496402877697,-1.3500000000000227,1.1499999999999773,1,1,1,1,1
2017-07-03,346.0,354.8,340.3,342.5,311.6500000000002,0.23657574425410796,86.652977412731,22.350000000000023,35.75,0,0,0,0,0
2017-07-04,342.8,343.45,336.25,337.25,313.9357142857145,0.5849734507045903,76.42928786359079,0.30000000000001137,-3.1999999999999886,0,0,0,0,0
2017-07-05,337.25,337.85,330.25,331.05,316.16428571428594,0.7062548083338575,70.75208913649027,0.0,-5.550000000000011,1,1,1,0,0
2017-07-06,334.3,338.75,331.3,337.1,318.6785714285717,0.7888892333519776,73.59597652975692,3.25,-2.9499999999999886,0,0,0,0,1
2017-07-07,338.0,338.2,333.05,334.3,320.6428571428574,0.7863963927062246,69.13477537437603,0.8999999999999773,3.6999999999999886,0,0,0,1,1
2017-07-10,341.0,367.7,331.0,333.3,322.2428571428574,0.7686697614695714,68.3388157894737,6.699999999999989,3.0,0,0,1,1,0
2017-07-11,335.0,335.05,330.0,330.4,323.79285714285743,0.7282943547868315,64.47473937449875,1.6999999999999886,-6.0,0,1,1,0,0
2017-07-12,328.4,333.6,327.4,328.85,325.21428571428606,0.6703035247677077,67.11185308848081,-2.0,-6.600000000000023,1,1,0,0,0
2017-07-13,332.0,339.5,331.0,338.75,327.1750000000003,0.6766715084410304,70.39819684447784,3.1499999999999773,3.6000000000000227,0,0,0,0,0
2017-07-14,339.95,339.95,334.8,337.15,329.04285714285743,0.6494524091296008,62.03208556149732,1.1999999999999886,7.949999999999989,0,0,0,0,0
2017-07-17,335.0,335.0,320.7,325.15,329.9571428571431,0.4766070791875428,32.38578680203044,-2.1499999999999773,-4.949999999999989,0,0,0,0,0
2017-07-18,292.65,292.65,276.4,284.55,328.2571428571431,-0.10250007910014729,18.85342789598107,-32.5,-42.35000000000002,1,1,1,1,1
2017-07-19,287.8,292.9,286.2,291.45,326.81785714285735,-0.3739422668137072,26.7878077373974,3.25,-4.849999999999966,0,0,1,0,1
2017-07-20,294.0,294.9,288.4,289.5,324.37857142857166,-0.4526980938610473,20.68965517241375,2.5500000000000114,6.199999999999989,0,1,1,1,0
2017-07-21,291.5,291.75,286.55,288.9,320.5500000000002,-0.27160816733196197,21.265822784810084,2.0,-2.5,1,1,1,0,1
2017-07-24,290.0,295.35,288.1,293.25,317.407142857143,-0.029786016988694108,25.6830601092896,1.1000000000000227,-1.5,0,1,0,0,0
2017-07-25,295.0,295.15,290.85,291.4,314.57500000000016,0.21503151671640802,26.014760147601464,1.75,5.0,1,0,1,0,0
2017-07-26,292.0,294.25,291.5,293.65,311.47142857142865,0.39407817838148346,28.53658536585364,0.6000000000000227,-3.0,0,0,0,0,0
2017-07-27,294.7,295.4,286.75,288.55,308.20357142857154,0.5056456044031931,17.487046632124347,1.0500000000000114,2.6999999999999886,1,0,0,0,0
2017-07-28,294.3,294.75,287.15,291.55,305.22142857142865,0.5394910346798916,20.99236641221374,5.75,-0.39999999999997726,0,0,0,0,0
2017-07-31,289.5,290.3,284.5,285.25,301.9964285714287,0.5702651377055747,22.63374485596708,-2.0500000000000114,-4.800000000000011,1,1,0,0,0
2017-08-01,285.3,288.55,285.0,287.85,299.06785714285724,0.5565628584746309,54.727793696275086,0.05000000000001137,-4.199999999999989,0,0,0,0,0
2017-08-02,289.8,289.9,284.3,285.45,295.2607142857144,0.5329020279095954,40.131578947368446,1.9499999999999886,4.5,0,0,0,0,0
2017-08-03,285.0,285.4,280.65,281.4,291.2785714285715,0.5156366769074938,37.538461538461554,-0.44999999999998863,-4.800000000000011,0,0,0,0,0
2017-08-04,280.4,284.4,279.65,280.75,288.10714285714295,0.587061372821187,37.480798771121414,-1.0,-4.600000000000023,0,0,0,0,0
2017-08-07,281.6,283.0,279.45,279.85,287.77142857142866,0.8207188002189091,26.975945017182184,0.8500000000000227,1.2000000000000455,0,0,0,0,0
2017-08-08,280.1,281.4,273.5,274.15,286.53571428571433,0.8342697189245222,23.823975720789107,0.25,-1.5,0,0,0,0,1
2017-08-09,274.0,275.4,270.4,272.85,285.34642857142865,0.882332236363699,17.50000000000007,-0.14999999999997726,-6.100000000000023,1,0,0,1,1
2017-08-10,272.65,274.65,270.75,273.1,284.21785714285727,0.9336994336144193,21.546961325966905,-0.20000000000004547,-1.3500000000000227,0,0,1,1,1
2017-08-11,271.0,274.45,270.1,271.5,282.66428571428577,0.93755370048897,11.067961165048601,-2.1000000000000227,-1.6499999999999773,0,1,1,1,1
2017-08-14,274.4,274.4,270.5,271.25,281.2250000000001,0.9509143655128582,14.467005076142215,2.8999999999999773,3.3999999999999773,1,1,1,1,1
2017-08-16,272.0,281.75,271.35,279.2,280.19285714285724,0.8937587663656995,32.73453093812368,0.75,-2.3999999999999773,1,1,1,1,1
2017-08-17,281.85,282.9,277.9,280.0,279.5821428571429,0.8339254768936754,38.37953091684437,2.650000000000034,9.850000000000023,1,1,1,1,1
2017-08-18,279.25,284.0,276.8,281.85,278.8892857142858,0.6591442077428296,51.058823529411875,-0.75,-2.6000000000000227,0,1,1,0,1
2017-08-21,282.35,285.0,280.95,281.6,278.6285714285715,0.5134434499006966,52.038369304556404,0.5,3.1000000000000227,1,1,0,1,0
2017-08-22,282.0,285.0,280.35,282.9,278.27500000000003,0.17511103566466107,57.17647058823519,0.39999999999997726,-0.35000000000002274,0,0,0,0,0
2017-08-23,283.5,285.6,281.6,282.55,278.0678571428572,-0.2169050209057844,76.41509433962288,0.6000000000000227,1.5,0,0,0,0,0
2017-08-24,282.0,283.5,281.1,281.45,278.0714285714286,-0.45414380827930867,77.38853503184704,-0.5500000000000114,-1.5,1,0,1,1,1
2017-08-28,282.1,283.0,279.3,282.45,278.1928571428572,-0.6438130364189661,78.41945288753791,0.6500000000000341,0.10000000000002274,0,0,0,1,1
2017-08-29,282.35,282.9,279.4,280.25,278.22142857142865,-0.8425098722168926,75.65982404692089,-0.0999999999999659,0.25,1,1,1,1,1
2017-08-30,281.15,282.9,280.6,282.0,278.7821428571429,-0.8826024179203361,78.97574123989224,0.8999999999999773,-1.2000000000000455,1,1,1,1,0
2017-08-31,283.0,283.15,280.4,282.25,279.4535714285715,-0.8827353639202445,64.0552995391706,1.0,1.8500000000000227,1,1,1,0,0
2017-09-01,282.2,284.35,280.7,283.6,280.2035714285715,-0.8119547668418994,65.78947368421066,-0.05000000000001137,-0.8000000000000114,0,0,0,0,0
2017-09-04,283.45,283.85,282.0,283.1,281.0321428571429,-0.4767846233338186,56.21890547263684,-0.1500000000000341,1.25,0,0,0,0,0
2017-09-05,282.65,283.9,281.6,282.85,281.8607142857144,0.16165014074289333,56.21890547263684,-0.4500000000000455,-0.8000000000000114,0,0,0,0,0
2017-09-06,280.5,281.0,275.25,275.7,281.6107142857144,-0.24744825607019066,27.358490566037815,-2.3500000000000227,-2.1499999999999773,0,0,0,1,0
2017-09-07,277.0,277.55,269.55,270.4,280.92500000000007,-0.38114839492247393,20.863309352518016,1.3000000000000114,-3.5,1,1,1,1,1
2017-09-08,271.15,273.3,270.0,272.35,280.2464285714287,-0.3917316645146746,29.032258064516313,0.75,-5.850000000000023,1,1,0,0,0
2017-09-11,272.4,274.4,271.5,273.6,279.67500000000007,-0.3584773108694213,29.840546697038903,0.049999999999954525,1.25,1,0,0,0,0
2017-09-12,275.5,278.25,274.6,277.65,279.30000000000007,-0.3091005784546815,44.53781512605038,1.8999999999999773,3.1000000000000227,0,0,0,0,0
2017-09-13,277.4,277.5,270.95,271.5,278.5107142857143,-0.11348173804812467,31.38297872340428,-0.25,1.8999999999999773,1,0,0,0,1
2017-09-14,272.3,272.5,270.4,272.0,277.83571428571435,0.08922591243412949,31.985940246045715,0.8000000000000114,-5.099999999999966,0,0,0,0,0
2017-09-15,272.0,272.75,268.2,269.3,276.89642857142866,0.3669025931027545,26.00671140939596,0.0,-0.30000000000001137,0,0,1,1,0
2017-09-18,271.0,271.7,266.25,267.0,275.9500000000001,0.5768904796877704,24.52531645569617,1.6999999999999886,-1.0,1,1,1,1,0
2017-09-19,268.0,270.0,264.1,267.85,274.9392857142858,0.69089305485776,26.708074534161526,1.0,-3.0,1,1,1,0,0
2017-09-20,269.4,272.0,267.75,271.55,274.1750000000001,0.6792572798472358,42.78260869565221,1.5499999999999545,1.3999999999999773,0,0,0,0,0
2017-09-21,272.0,272.4,267.1,269.55,273.1714285714287,0.6901774195297025,48.33005893909633,0.44999999999998863,2.6000000000000227,0,0,0,0,0
2017-09-22,269.5,270.95,267.05,268.45,272.1250000000001,0.6903479662541486,42.073170731707236,-0.05000000000001137,-2.5,0,0,0,0,0
2017-09-25,268.5,269.65,260.9,262.25,270.6535714285716,0.7589370157735307,30.795262267343418,0.05000000000001137,-1.0,1,0,0,0,0
2017-09-26,263.3,263.75,261.05,262.45,269.70714285714297,0.7880164520973771,20.42801556420234,1.0500000000000114,-5.199999999999989,0,0,0,0,1
2017-09-27,265.1,265.5,256.8,258.5,268.857142857143,0.8738290873772603,22.340425531914903,2.650000000000034,1.8000000000000114,1,0,1,1,1
2017-09-28,260.4,263.4,259.1,261.55,268.08571428571446,0.8954889596947903,29.942418426103686,1.8999999999999773,-4.7000000000000455,0,0,1,1,1
2017-09-29,262.8,262.9,257.45,258.3,266.9928571428573,0.9092691057871098,29.323308270676705,1.25,2.400000000000034,1,1,1,1,1
2017-10-03,262.5,262.75,258.5,261.4,265.832142857143,0.8867174130694395,39.78102189781017,4.199999999999989,-0.30000000000001137,1,1,1,1,1
2017-10-04,264.1,268.5,263.15,267.4,265.5392857142859,0.7419009929451891,49.30875576036859,2.7000000000000455,1.6000000000000227,0,0,1,0,0
2017-10-05,267.4,269.4,264.4,265.25,265.05714285714305,0.6268500855482467,39.83870967741932,0.0,3.2999999999999545,1,1,1,1,1
2017-10-06,265.8,267.5,264.65,266.15,264.832142857143,0.5066286724767461,44.31438127090294,0.5500000000000114,-1.599999999999966,1,1,0,1,0
2017-10-09,268.0,269.15,266.4,268.0,264.9035714285716,0.3926884939059742,49.26590538336053,1.8500000000000227,2.1999999999999886,0,0,0,0,0
2017-10-10,267.1,267.9,265.15,266.2,264.78571428571445,0.2969694028566263,57.523809523809526,-0.8999999999999773,-0.8999999999999773,0,1,0,1,1
2017-10-11,266.5,267.75,264.45,265.4,264.3464285714287,0.03761182222493787,55.49348230912475,0.30000000000001137,-0.6000000000000227,1,1,1,1,1
2017-10-12,265.55,269.2,264.0,267.0,264.1642857142859,-0.30336486714459554,67.3469387755102,0.1500000000000341,-0.9499999999999886,0,1,1,1,1
2017-10-13,266.25,267.6,264.2,265.95,263.98571428571444,-0.6939086883986234,59.77777777777773,-0.75,0.6999999999999886,1,1,1,1,1
2017-10-16,266.0,269.95,265.5,267.5,264.36071428571444,-0.7615966503820742,72.11538461538457,0.05000000000001137,-0.25,0,1,1,0,0
2017-10-17,268.0,268.7,265.95,267.25,264.7035714285716,-0.8432469777263587,66.29526462395546,0.5,2.0,1,1,0,0,1
2017-10-18,268.0,270.75,267.1,270.35,265.5500000000001,-0.6544195180171568,59.80066445182735,0.75,0.0,0,0,0,0,0
2017-10-19,271.0,271.3,269.0,269.65,266.12857142857155,-0.4173250763375023,66.17647058823505,0.6499999999999773,3.0,0,0,0,0,0
2017-10-23,270.0,272.75,265.8,267.05,266.75357142857155,0.11555456107340206,52.941176470588324,0.35000000000002274,-1.0,0,1,1,1,0
2017-10-24,268.45,268.45,266.1,267.0,267.1535714285716,0.3655066482973935,46.296296296296326,1.3999999999999773,-1.5500000000000114,1,1,1,0,0
2017-10-25,268.4,271.5,268.2,269.25,267.2857142857144,0.47692405503475266,60.93189964157702,1.3999999999999773,-0.05000000000001137,0,1,0,0,1
2017-10-26,270.8,270.8,267.15,268.4,267.5107142857144,0.5092921247471678,60.71428571428562,1.5500000000000114,2.400000000000034,1,0,0,1,0
2017-10-27,270.6,276.0,267.45,269.35,267.7392857142858,0.5577168646596058,58.801498127340814,2.2000000000000455,-0.19999999999998863,0,0,1,0,0
2017-10-30,269.0,270.6,263.45,265.15,267.5357142857144,0.35070310724879317,47.575757575757564,-0.35000000000002274,-1.6000000000000227,1,1,1,1,0
2017-10-31,266.05,266.95,263.9,265.7,267.5000000000001,0.20091885055219855,44.1935483870968,0.9000000000000341,-2.9499999999999886,1,0,0,0,0
2017-11-01,267.0,271.2,266.3,269.85,267.81785714285724,0.18722893093119872,56.70103092783504,1.3000000000000114,0.9499999999999886,0,0,0,0,0
2017-11-02,269.7,269.95,265.3,265.65,267.7214285714287,0.04558339435985066,38.536585365853675,-0.1500000000000341,2.6999999999999886,0,0,0,0,0
2017-11-03,267.0,267.9,264.9,265.4,267.682142857143,-0.20463413463142596,39.40149625935172,1.3500000000000227,-2.6999999999999886,0,0,0,0,0
2017-11-06,266.25,267.9,264.3,264.9,267.49642857142874,-0.3085205488695934,44.01114206128131,0.8500000000000227,-0.75,1,1,0,0,0
2017-11-07,265.7,267.7,263.65,265.3,267.357142857143,-0.4732228386872415,45.35519125683069,0.8000000000000114,-0.5500000000000114,1,0,0,0,0
2017-11-08,265.35,266.5,264.7,265.4,267.0035714285716,-0.20065290296690805,38.080495356037225,0.05000000000001137,-0.3499999999999659,0,0,0,0,0
2017-11-09,266.4,266.5,259.3,260.05,266.31785714285735,0.5909536348471235,29.78208232445543,1.0,1.0499999999999545,1,0,0,0,0
2017-11-10,260.55,265.2,259.4,261.7,265.9357142857144,0.7454719297405203,32.084309133489455,0.5,-5.849999999999966,0,0,0,0,0
2017-11-13,263.0,263.3,258.0,258.3,265.31428571428586,0.8511325440214642,33.33333333333343,1.3000000000000114,2.4499999999999886,0,0,0,0,1
2017-11-14,258.5,260.85,256.0,256.55,264.407142857143,0.920691657394981,28.965517241379374,0.19999999999998863,-4.5,0,0,1,1,0
2017-11-15,257.0,257.35,250.4,253.3,263.3285714285716,0.9532849653039169,10.311750599520295,0.44999999999998863,-1.5,1,1,1,1,1
2017-11-16,254.7,255.6,252.4,255.1,262.3107142857145,0.941631952503965,21.40921409214083,1.3999999999999773,-2.3000000000000114,1,1,1,1,1
2017-11-17,256.5,259.0,256.0,258.0,261.8000000000002,0.8858494470011012,32.4644549763033,1.4000000000000057,1.8000000000000114,1,0,1,1,1
2017-11-20,258.6,260.7,257.25,259.2,261.33571428571446,0.8203149436555682,36.92660550458712,0.6000000000000227,2.1000000000000227,0,0,0,1,1
2017-11-21,259.5,259.5,255.2,255.8,260.3321428571431,0.8225110015026719,30.846774193548256,0.30000000000001137,0.8999999999999773,1,1,1,1,1
2017-11-22,256.0,258.65,255.6,258.15,259.79642857142875,0.7583656364066634,36.598890942698624,0.19999999999998863,-3.5,0,1,1,0,0
2017-11-23,258.35,260.7,256.4,258.15,259.27857142857164,0.6839080623004353,45.6221198156681,0.20000000000004547,2.3500000000000227,1,1,0,0,0
2017-11-24,258.5,261.45,258.05,260.75,258.98214285714306,0.5089316691957901,47.90286975717441,0.35000000000002274,0.14999999999997726,0,0,0,0,0
2017-11-27,260.0,260.5,257.3,259.25,258.5500000000002,0.32190590187733265,52.289156626506006,-0.75,1.5,0,0,0,0,0
2017-11-28,259.1,259.2,256.0,257.0,257.95000000000016,0.0860246222138993,51.05882352941175,-0.14999999999997726,-0.8999999999999773,1,0,0,0,0
2017-11-29,258.0,258.7,257.0,258.05,257.80714285714305,-0.04925618620447733,62.4671916010499,1.0,-1.1000000000000227,0,0,0,0,0
2017-11-30,257.9,258.2,254.65,256.05,257.40357142857164,-0.29865886261363267,52.467532467532514,-0.1500000000000341,-0.10000000000002274,0,0,0,0,0
2017-12-01,256.95,259.6,254.65,255.2,257.18214285714305,-0.29274459416994436,41.86046511627903,0.8999999999999773,-0.9499999999999886,0,0,0,0,1
2017-12-04,256.0,256.3,253.55,255.1,257.0785714285716,-0.16814085247882304,37.26708074534164,0.8000000000000114,-0.9499999999999886,0,0,0,1,1
2017-12-05,255.0,255.35,252.5,253.85,257.1178571428573,0.28314324110297806,43.010752688172,-0.09999999999999432,-1.0,0,0,1,1,1
2017-12-06,253.25,253.25,250.85,251.6,256.8678571428573,0.5917215355969114,26.35379061371856,-0.5999999999999943,-1.75,1,1,1,1,1
2017-12-07,250.0,254.1,250.0,253.35,256.5357142857144,0.6723818513799618,34.61538461538471,-1.5999999999999943,-3.25,1,1,1,1,1
2017-12-08,253.75,263.2,253.4,262.2,256.7500000000001,0.36610576615617973,53.31807780320363,0.4000000000000057,3.75,1,0,0,1,1
2017-12-11,264.65,267.5,263.3,266.25,257.4964285714287,0.3302117955707173,64.34426229508195,2.4499999999999886,10.899999999999977,0,0,0,0,0
2017-12-12,264.5,265.2,260.5,261.55,257.7392857142858,0.3663058563905242,58.47299813780261,-1.75,-0.14999999999997726,0,1,1,1,1
2017-12-13,259.6,262.4,257.6,259.0,257.8000000000001,0.4326104198074689,51.67548500881832,-1.9499999999999886,-4.899999999999977,1,1,1,1,1
2017-12-14,260.9,266.15,257.55,264.25,258.0500000000001,0.46655591118442635,62.97468354430377,1.8999999999999773,1.2999999999999545,1,0,0,0,0
2017-12-15,266.0,267.05,263.45,264.6,258.432142857143,0.601702582736171,65.11254019292609,1.75,5.100000000000023,0,0,0,0,0
2017-12-18,265.5,265.5,259.05,263.2,258.8750000000001,0.6596959531622092,62.499999999999964,0.8999999999999773,-0.5,1,1,0,0,1
2017-12-19,263.4,265.4,263.1,264.25,259.31785714285724,0.6866161361057177,66.14906832298134,0.19999999999998863,-2.1000000000000227,0,0,0,0,0
2017-12-20,264.7,264.7,262.7,263.3,259.83571428571435,0.661994364521136,68.93203883495144,0.44999999999998863,1.3000000000000114,0,0,1,0,0
2017-12-21,265.9,265.9,261.6,263.05,260.39642857142866,0.6158111834828529,66.49659863945578,2.599999999999966,1.1999999999999886,1,1,0,0,1
2017-12-22,263.5,264.2,262.15,263.1,260.96785714285727,0.560398716456958,52.18446601941755,0.44999999999998863,-2.3999999999999773,1,0,0,1,0
2017-12-26,263.25,265.0,262.65,264.15,261.70357142857154,0.5204306013755392,44.03409090909086,0.14999999999997726,-0.25,0,0,0,0,0
2017-12-27,264.2,264.3,261.65,262.15,262.45714285714297,0.3572606876060599,52.01342281879183,0.05000000000001137,0.9499999999999886,0,1,1,0,0
2017-12-28,263.4,264.05,261.05,261.85,263.06428571428586,-0.05919716768818938,61.26482213438746,1.25,-0.8000000000000114,1,1,0,0,0
2017-12-29,262.5,264.0,262.25,263.25,263.13928571428585,-0.10658264812584557,44.31818181818179,0.6499999999999773,-0.8999999999999773,0,0,0,0,0
2018-01-01,263.25,266.3,261.25,262.3,262.857142857143,0.049700437749128516,37.76595744680834,0.0,0.75,0,0,0,1,1
2018-01-02,262.6,264.2,260.45,260.75,262.8000000000001,-0.16190527323453943,37.172774869109865,0.30000000000001137,-0.6499999999999773,1,1,1,1,1
2018-01-03,261.3,262.65,260.6,261.15,262.9535714285716,-0.7545925617466158,32.584269662920946,0.5500000000000114,-1.3000000000000114,1,1,1,1,1
2018-01-04,260.95,262.75,260.6,261.55,262.76071428571447,-0.7402319649695618,39.52095808383223,-0.19999999999998863,-0.35000000000002274,1,1,1,1,1
2018-01-05,261.9,263.5,261.9,262.9,262.6392857142859,-0.6416379578325482,49.20634920634902,0.3499999999999659,0.9499999999999886,1,1,1,1,1
2018-01-08,264.0,266.8,263.25,265.6,262.8107142857145,-0.4095198107847625,60.33057851239678,1.1000000000000227,2.1000000000000227,1,1,1,1,1
2018-01-09,265.5,272.0,264.75,270.55,263.26071428571447,0.08176430171184487,70.00000000000017,-0.10000000000002274,1.5,0,0,0,0,0
2018-01-10,273.45,274.0,269.05,269.4,263.6964285714288,0.28988464555755683,73.92739273927396,2.8999999999999773,7.949999999999989,1,0,0,0,0
2018-01-11,269.5,271.0,268.1,269.8,264.1785714285716,0.49940846019120017,76.06557377049167,0.10000000000002274,-3.9499999999999886,0,0,0,0,1
2018-01-12,270.25,271.35,266.15,267.55,264.4964285714288,0.6180374066117551,63.35403726708071,0.44999999999998863,0.75,1,0,0,1,1
2018-01-15,268.0,271.1,267.0,267.6,264.74285714285736,0.706637403109411,67.43421052631571,0.44999999999998863,-2.25,0,0,1,1,1
2018-01-16,268.2,268.7,260.8,261.7,264.71071428571446,0.4749047483165677,52.42966751918154,0.5999999999999659,0.19999999999998863,1,1,1,1,1
2018-01-17,262.0,267.0,259.55,266.05,265.01071428571447,0.44383672483479647,60.42553191489361,0.30000000000001137,-6.199999999999989,1,1,1,1,1
2018-01-18,268.0,275.25,266.65,273.4,265.7357142857145,0.6002814947428896,69.45812807881761,1.9499999999999886,6.0,1,1,1,1,1
2018-01-19,276.0,277.5,271.1,274.55,266.6107142857145,0.6969881519324119,69.25619834710739,2.6000000000000227,8.0,0,1,1,1,1
2018-01-22,275.0,275.5,271.7,273.65,267.53214285714307,0.7198068709342993,64.14762741652005,0.44999999999998863,-1.0,1,1,1,1,1
2018-01-23,274.0,277.25,273.55,276.6,268.63571428571447,0.7733606568710243,61.43667296786382,0.35000000000002274,-1.0,1,1,0,0,0
2018-01-24,276.65,282.0,276.05,281.45,270.05714285714305,0.8391802690475876,69.98341625207289,0.049999999999954525,2.6499999999999773,0,0,0,0,0
2018-01-25,281.0,283.2,278.6,281.25,271.3678571428573,0.8626874130964864,69.11519198664433,-0.44999999999998863,4.350000000000023,0,0,0,0,0
2018-01-29,281.15,283.3,275.0,275.65,272.08571428571446,0.7993656704720413,62.16216216216207,-0.10000000000002274,0.14999999999997726,0,0,0,0,1
2018-01-30,275.0,276.45,271.95,275.2,272.4178571428573,0.7820117865565813,61.27596439169131,-0.6499999999999773,-6.149999999999977,0,1,1,1,0
2018-01-31,273.9,276.0,269.85,271.4,272.5607142857144,0.6868535351877691,65.34810126582272,-1.3000000000000114,-1.1000000000000227,1,1,1,1,1
2018-02-01,272.0,290.3,267.4,275.3,272.9535714285716,0.6736365364120731,64.84751203852323,0.6000000000000227,-1.8999999999999773,1,1,0,0,0
2018-02-02,274.4,285.65,270.8,275.35,273.51071428571447,0.6281388500071993,54.08805031446548,-0.9000000000000341,2.3999999999999773,1,0,0,0,0
2018-02-05,273.55,281.7,271.85,279.25,274.3428571428573,0.6179603479845235,58.83458646616536,-1.8000000000000114,-0.8499999999999659,0,0,0,0,0
2018-02-06,269.95,277.3,268.15,273.5,275.1857142857145,0.394293873246759,49.761526232114505,-9.300000000000011,-3.6000000000000227,1,1,0,0,0
2018-02-07,278.0,278.75,274.0,275.15,275.83571428571446,0.07379918536664594,47.59535655058035,4.5,8.050000000000011,0,0,0,0,0
2018-02-08,275.7,276.9,272.65,274.1,275.88571428571447,-0.11759056377297264,36.053130929791315,0.5500000000000114,-2.3000000000000114,0,0,0,0,0
2018-02-09,271.0,272.5,267.8,271.35,275.657142857143,-0.32191704860973086,32.87197231833912,-3.1000000000000227,-4.699999999999989,0,0,0,0,0
2018-02-12,272.45,273.85,269.3,269.85,275.38571428571447,-0.5728190864476614,38.306451612903295,1.099999999999966,1.4499999999999886,0,0,0,0,0
2018-02-14,270.0,271.0,265.1,266.5,274.66428571428594,-0.605881754352392,34.296028880866444,0.14999999999997726,-2.4499999999999886,1,0,0,0,1
2018-02-15,266.5,269.9,264.8,268.1,273.7107142857145,-0.4077607803098819,43.52941176470597,0.0,-3.5,0,0,0,1,0
2018-02-16,269.85,270.75,265.6,266.45,272.65357142857164,-0.02807562269487327,30.967741935483815,1.75,3.3500000000000227,0,0,1,1,1
2018-02-19,266.0,267.8,262.5,264.1,271.82857142857165,0.2860626597604696,27.984344422700545,-0.44999999999998863,-3.8500000000000227,0,1,1,1,1
2018-02-20,264.0,265.8,262.15,263.25,270.97500000000025,0.54212056469254,14.444444444444443,-0.10000000000002274,-2.0,1,1,1,1,1
2018-02-21,264.0,268.95,263.45,268.2,270.7464285714288,0.5612512255599591,37.78801843317969,0.75,0.0,0,1,0,0,0
2018-02-22,267.2,269.0,265.45,267.1,270.1607142857145,0.628886973297129,30.969267139479996,-1.0,3.1999999999999886,1,0,0,0,0
2018-02-23,267.45,270.0,266.1,269.05,269.7107142857145,0.611503711268213,38.5487528344671,0.3499999999999659,0.25,0,0,0,0,0
2018-02-26,268.55,269.5,266.0,266.55,268.8035714285717,0.6743956620441672,38.99082568807338,-0.5,1.1000000000000227,0,0,0,0,0
2018-02-27,268.0,268.2,265.5,266.4,268.2964285714288,0.6436601405971835,41.56479217603903,1.4499999999999886,-0.5500000000000114,0,0,0,0,0
2018-02-28,265.0,266.3,263.05,265.05,267.5750000000002,0.6104935838283939,46.07046070460707,-1.3999999999999773,-3.0,0,0,0,0,0
2018-03-01,264.2,266.1,262.85,264.0,266.8535714285717,0.5732123041960825,38.547486033519476,-0.8500000000000227,-0.8000000000000114,0,0,0,0,0
2018-03-05,263.3,263.3,260.0,260.25,266.06071428571454,0.5883410050895337,34.499999999999986,-0.6999999999999886,-0.8999999999999773,0,0,0,0,1
2018-03-06,261.05,262.4,255.5,256.5,265.1071428571431,0.6347618693624074,32.24299065420554,0.8000000000000114,-2.25,1,1,1,1,1
2018-03-07,256.5,260.5,253.55,259.9,264.6357142857145,0.7207653299474841,43.00626304801663,0.0,-4.550000000000011,0,0,1,1,1
2018-03-08,260.3,261.9,257.75,258.85,263.97500000000025,0.7495014994493602,26.683291770573533,0.4000000000000341,3.8000000000000114,1,1,1,1,1
2018-03-09,259.0,260.9,258.25,259.25,263.4607142857146,0.7821343530858985,29.71576227390166,0.14999999999997726,-1.3000000000000114,1,1,1,1,1
2018-03-12,264.0,270.85,262.95,270.1,263.889285714286,0.5717074735270093,51.858407079646035,4.75,5.0,0,0,0,0,0
2018-03-13,269.65,272.0,267.2,269.45,264.33214285714314,0.5026184401885634,55.4924242424242,-0.4500000000000455,5.649999999999977,0,0,0,0,0
2018-03-14,268.05,269.05,265.3,268.05,264.32142857142884,0.3713879981191473,52.983725135623935,-1.3999999999999773,-1.599999999999966,0,0,0,0,0
2018-03-15,267.0,269.9,265.2,265.55,264.2107142857146,0.3035689201606345,50.868055555555564,-1.0500000000000114,-1.0500000000000114,0,0,0,0,0
2018-03-16,266.4,266.4,258.85,260.5,263.6000000000003,0.21610396063699544,44.66463414634145,0.8499999999999659,-0.6000000000000227,0,0,0,0,0
2018-03-19,260.55,262.2,258.3,259.15,263.07142857142884,0.2072979794369877,48.19078947368417,0.05000000000001137,-5.849999999999966,1,0,0,0,0
2018-03-20,258.15,259.95,257.5,259.2,262.5571428571431,0.1771389074889322,55.05617977528088,-1.0,-2.400000000000034,0,0,0,0,0
2018-03-21,260.05,261.65,258.7,259.05,262.1285714285717,0.17835237366872697,48.187633262260206,0.8500000000000227,1.900000000000034,0,0,0,0,0
2018-03-22,260.0,261.45,257.85,258.3,261.7214285714289,0.2227462464265056,48.81209503239739,0.9499999999999886,-0.05000000000001137,0,0,1,0,0
2018-03-23,256.0,258.8,254.75,256.0,261.41785714285743,0.44014883667367194,43.51297405189623,-2.3000000000000114,-4.0,1,1,0,1,1
2018-03-26,252.9,260.0,252.5,258.1,261.5321428571431,0.6673057344955938,13.190184049079903,-3.0999999999999943,-3.0999999999999943,1,0,1,1,1
2018-03-27,258.8,260.5,256.9,258.9,261.4607142857146,0.7535581233789103,17.933130699088082,0.6999999999999886,5.900000000000006,0,0,0,0,1
2018-03-28,258.0,258.95,254.35,255.5,261.2214285714289,0.851693434097963,15.98915989159886,-0.8999999999999773,-0.8000000000000114,1,1,1,1,1
2018-04-02,257.0,258.95,255.45,258.25,261.15000000000026,0.88144331269367,30.481283422459853,1.5,-1.0,1,1,1,1,1
2018-04-03,258.0,260.0,257.5,258.5,260.32142857142884,0.8494501247448316,42.80575539568344,-0.25,1.0,1,1,1,1,1
2018-04-04,259.5,259.8,257.1,258.6,259.54642857142886,0.7480263465752301,47.82608695652192,1.0,1.5,1,1,1,1,1
2018-04-05,255.5,260.0,255.5,259.65,258.94642857142884,0.5162967726006518,51.648351648351614,-3.1000000000000227,-4.0,1,1,1,1,1
2018-04-06,260.5,262.0,260.05,260.85,258.61071428571455,-0.0776607722348311,56.12244897959188,0.8500000000000227,5.0,1,1,1,1,0
2018-04-09,261.15,266.6,260.9,265.8,258.989285714286,-0.48320603577408733,69.84126984126986,0.2999999999999545,0.6499999999999773,1,0,0,0,0
2018-04-10,266.35,268.7,265.1,266.7,259.5285714285717,-0.5646381740626683,80.57142857142864,0.5500000000000114,5.2000000000000455,0,0,0,0,1
2018-04-11,266.9,267.55,263.4,265.15,259.9535714285717,-0.5991620035010637,70.7964601769911,0.19999999999998863,0.5499999999999545,0,0,0,1,1
2018-04-12,265.1,265.15,261.4,261.95,260.16071428571456,-0.6225753941326607,57.881136950904434,-0.049999999999954525,-1.7999999999999545,0,1,1,1,1
2018-04-13,263.0,263.5,260.0,260.75,260.3357142857145,-0.61482899307767,65.30612244897961,1.0500000000000114,-2.1000000000000227,1,1,1,1,1
2018-04-16,260.5,264.9,260.0,264.45,260.939285714286,-0.4576226243709568,67.12707182320442,-0.25,-2.5,1,1,1,1,1
2018-04-17,265.4,268.4,262.7,267.6,261.61785714285736,-0.13626533818471503,71.66666666666671,0.9499999999999886,4.899999999999977,1,1,1,1,1
2018-04-18,268.7,278.9,268.0,275.35,262.7928571428574,0.39916790356132503,79.2321116928447,1.099999999999966,3.3000000000000114,1,1,1,1,0
2018-04-19,277.25,280.0,275.25,277.35,264.3535714285716,0.7463082265178148,79.8986486486487,1.8999999999999773,8.550000000000011,0,0,0,0,1
2018-04-20,276.0,279.25,273.5,276.2,265.63571428571447,0.8545371091149145,75.97292724196271,-1.3500000000000227,-1.25,0,0,0,1,1
2018-04-23,276.0,277.2,275.0,275.5,266.8500000000002,0.875471474341119,69.16996047430827,-0.19999999999998863,0.0,1,0,1,1,1
2018-04-24,276.0,278.85,274.65,276.0,268.0928571428573,0.8759561743350438,68.67469879518072,0.5,0.0,0,1,1,1,1
2018-04-25,275.5,276.3,272.7,274.1,269.12500000000017,0.8374675588569893,67.72277227722782,-0.5,-0.5,1,1,1,1,1
2018-04-26,274.55,279.1,273.0,278.25,270.36785714285736,0.8389892966843034,81.10687022900767,0.44999999999998863,-0.9499999999999886,1,1,1,1,0
2018-04-27,279.6,280.95,278.4,279.4,271.3392857142859,0.8544085377129739,85.65965583173994,1.3500000000000227,5.050000000000011,1,1,1,0,1
2018-04-30,279.6,283.85,279.6,281.45,272.39285714285734,0.8740385697469418,84.6938775510204,0.20000000000004547,0.0,1,1,0,1,1
2018-05-02,282.1,288.7,280.25,287.25,273.97142857142876,0.8926234981563064,86.18784530386739,0.6500000000000341,2.5,0,0,0,0,0
2018-05-03,287.5,289.7,283.05,285.0,275.6178571428573,0.8908412260707694,72.28637413394917,0.25,5.399999999999977,0,0,0,0,0
2018-05-04,287.0,287.0,275.85,277.15,276.7892857142859,0.789423603374283,49.636363636363555,2.0,-0.5,1,1,1,1,1
2018-05-07,278.3,283.4,276.9,282.25,278.0607142857144,0.7475434395524939,59.61844197138317,1.150000000000034,-8.699999999999989,1,1,0,1,1
2018-05-08,283.15,285.95,282.0,282.7,279.13928571428585,0.6921206861769037,61.53846153846152,0.8999999999999773,4.849999999999966,0,0,1,1,0
2018-05-09,281.5,284.0,281.5,282.3,279.6357142857144,0.6724651098973913,60.12861736334408,-1.1999999999999886,-1.6499999999999773,0,1,1,0,1
2018-05-10,282.95,283.95,277.3,280.15,279.83571428571446,0.6353840318954909,59.64912280701746,0.6499999999999773,1.4499999999999886,1,1,1,1,0
2018-05-11,281.9,284.0,279.75,283.65,280.3678571428573,0.6288459907815743,58.79478827361558,1.75,-1.0500000000000114,1,0,1,0,0
2018-05-14,283.0,287.3,282.0,284.8,281.032142857143,0.6023051588136586,58.79478827361566,-0.6499999999999773,1.1000000000000227,0,1,0,0,0
2018-05-15,284.85,286.0,280.7,281.85,281.4500000000002,0.4958815206565063,50.63291139240511,0.05000000000001137,1.8500000000000227,1,0,1,1,0
2018-05-16,279.95,288.8,279.55,285.85,282.28928571428594,0.3735001468524617,47.651006711409444,-1.900000000000034,-4.900000000000034,0,0,0,0,0
2018-05-17,288.0,288.7,278.45,278.95,282.33928571428595,0.07714777102063727,41.21915820029029,2.1499999999999773,8.050000000000011,1,1,0,0,0
2018-05-18,278.55,285.55,276.0,282.3,282.54642857142886,-0.1087905199185846,58.5976627712855,-0.39999999999997726,-9.449999999999989,1,0,0,0,0
2018-05-21,282.3,284.0,278.5,282.35,282.61071428571455,-0.21904694819812365,50.200803212851454,0.0,3.75,0,0,0,0,0
2018-05-22,282.0,283.1,278.05,278.75,282.0035714285717,0.02259328366418222,42.959001782531246,-0.35000000000002274,-0.30000000000001137,0,0,0,0,0
2018-05-23,279.0,279.4,272.95,273.45,281.1785714285717,0.16385321353276494,36.57056145675269,0.25,-3.0,1,0,1,1,0
2018-05-24,274.0,276.8,271.75,274.85,281.014285714286,-0.07506432736031378,41.770186335403835,0.5500000000000114,-5.0,0,1,0,0,0
2018-05-25,272.4,275.0,268.75,272.3,280.3035714285717,0.09889269525786407,31.84000000000016,-2.4500000000000455,-1.6000000000000227,1,1,0,0,0
2018-05-28,274.0,277.5,272.4,275.3,279.77500000000026,0.2994493382639479,35.64954682779462,1.6999999999999886,1.6000000000000227,0,0,0,0,0
2018-05-29,274.8,277.75,272.45,274.05,279.1857142857146,0.49994280836209165,37.579617834394945,-0.5,0.8000000000000114,0,0,0,0,0
2018-05-30,272.5,273.7,270.65,271.9,278.5964285714288,0.6413119339774408,26.395939086294476,-1.5500000000000114,-2.3000000000000114,0,0,0,0,0
2018-05-31,272.2,272.7,269.6,271.65,277.739285714286,0.7589043215769536,34.06113537117912,0.30000000000001137,-0.30000000000001137,0,0,0,0,0
2018-06-01,271.15,271.7,269.1,269.95,276.6785714285717,0.8386545788326986,20.94117647058833,-0.5,-1.0500000000000114,0,0,1,1,0
2018-06-04,270.25,271.95,267.5,268.9,275.75357142857166,0.8617590653717744,19.77528089887646,0.30000000000001137,-0.8999999999999773,0,1,1,0,1
2018-06-05,269.0,269.85,266.85,267.5,274.44285714285735,0.9082215585048963,21.945137157107325,0.10000000000002274,-1.25,1,1,1,1,1
2018-06-06,268.0,271.15,267.8,270.4,273.8321428571431,0.866841753643033,41.3597733711048,0.5,-1.0,1,0,0,0,0
2018-06-07,270.5,272.3,270.1,271.05,273.02857142857164,0.8120974509683202,38.75739644970413,0.10000000000002274,2.5,0,0,0,0,0
2018-06-08,271.1,271.5,267.0,267.9,271.9964285714288,0.8365815792536576,37.42857142857137,0.05000000000001137,0.6000000000000227,1,1,0,0,0
2018-06-11,268.5,271.9,268.15,269.25,271.3178571428574,0.8202032047092976,30.91482649842277,0.6000000000000227,-2.6000000000000227,1,0,0,0,0
2018-06-12,269.3,274.6,269.25,270.25,271.08928571428595,0.7752977601765919,37.820512820512846,0.05000000000001137,0.8000000000000114,0,0,0,0,0
2018-06-13,271.5,271.8,267.2,267.85,270.58928571428595,0.7611593674151524,37.2239747634071,1.25,2.1999999999999886,0,0,0,0,0
2018-06-14,266.5,268.9,266.0,267.25,270.2285714285717,0.7892203178639821,36.41975308641986,-1.3500000000000227,-5.0,0,0,0,0,0
2018-06-15,267.5,267.75,263.6,264.5,269.4571428571431,0.7710860539362246,34.20289855072471,0.25,1.0,1,1,0,0,1
2018-06-18,264.45,265.5,263.5,264.55,268.77857142857164,0.7514729124885334,36.61538461538476,-0.05000000000001137,-3.0500000000000114,1,0,0,1,0
2018-06-19,264.9,267.15,262.65,266.05,268.36071428571455,0.7305431834348485,45.56574923547406,0.3499999999999659,0.44999999999998863,0,0,0,0,0
2018-06-20,266.45,267.0,263.05,263.75,267.7964285714288,0.7253078971063606,28.888888888889113,0.39999999999997726,1.5500000000000114,0,1,0,1,0
2018-06-21,264.4,264.8,260.4,260.85,267.1464285714288,0.7711750686194326,21.666666666666785,0.6499999999999773,-2.0500000000000114,1,1,1,1,0
2018-06-22,260.55,266.8,260.0,265.15,266.87857142857166,0.7997783860412031,42.81984334203654,-0.30000000000001137,-3.849999999999966,0,0,0,0,1
2018-06-25,265.15,265.4,259.75,262.6,266.52857142857164,0.8987849682011907,33.66093366093365,0.0,4.599999999999966,1,1,0,1,1
2018-06-26,262.45,266.15,262.15,264.8,266.12857142857166,0.8594077296044869,37.35498839907189,-0.1500000000000341,-2.6999999999999886,0,0,1,0,1
2018-06-27,264.9,265.0,261.5,262.75,265.5357142857145,0.8304666783472021,37.97169811320746,0.0999999999999659,2.4499999999999886,0,1,1,1,1
2018-06-28,262.0,264.0,259.0,260.5,265.0071428571431,0.8627275710933321,35.22975929978112,-0.75,-2.8999999999999773,1,1,1,1,1
2018-06-29,261.8,267.55,260.3,266.2,264.78928571428594,0.6894843862424491,53.29457364341084,1.3000000000000114,-0.19999999999998863,0,0,0,1,1
2018-07-02,267.0,267.1,260.05,263.05,264.2750000000002,0.5880881579926563,47.40484429065743,0.8000000000000114,5.199999999999989,1,1,1,1,1
2018-07-03,263.5,266.75,261.15,265.45,264.1035714285716,0.3457295504737265,48.99328859060399,0.44999999999998863,-3.5,0,1,1,1,1
2018-07-04,266.3,266.3,262.2,264.4,263.9000000000002,0.10376385311885128,51.13835376532396,0.8500000000000227,2.8000000000000114,1,1,1,1,1
2018-07-05,264.6,273.8,263.5,272.5,264.4714285714288,-0.173724030164702,67.2592592592593,0.20000000000004547,-1.6999999999999886,1,1,1,1,1
2018-07-06,272.75,274.75,270.15,272.65,265.05000000000024,-0.24117192422654524,62.66891891891896,0.25,8.149999999999977,1,1,1,1,0
2018-07-09,275.0,276.0,272.2,274.4,265.64642857142877,-0.25755159186919935,70.48611111111106,2.3500000000000227,2.25,1,1,1,0,0
2018-07-10,275.5,277.5,273.1,277.05,266.5964285714288,-0.003722488379586683,70.94017094017094,1.1000000000000227,0.5,0,1,0,0,0
2018-07-11,276.85,280.3,273.75,275.75,267.6607142857145,0.35334708497209455,72.80701754385964,-0.19999999999998863,1.3500000000000227,1,0,0,0,0
2018-07-12,275.75,278.15,273.3,277.2,268.52142857142877,0.562915096096236,80.14440433212995,0.0,-1.1000000000000227,0,0,0,0,0
2018-07-13,278.0,278.3,269.2,270.4,269.07857142857165,0.5731297948445302,57.29166666666664,0.8000000000000114,2.25,1,0,0,1,1
2018-07-16,270.3,273.3,269.7,271.6,269.5642857142859,0.5619779007565103,65.92178770949718,-0.0999999999999659,-7.699999999999989,0,0,1,1,0
2018-07-17,271.05,273.0,269.3,269.85,270.0714285714288,0.4954728941595338,58.39694656488553,-0.5500000000000114,0.75,0,1,1,0,0
2018-07-18,271.1,271.3,267.6,268.55,270.64642857142877,0.36399002202522024,57.844990548204194,1.25,0.05000000000001137,1,1,0,0,0
2018-07-19,268.9,274.6,266.25,273.3,271.15357142857164,0.34638193899647185,51.73160173160176,0.3499999999999659,-2.2000000000000455,1,0,0,0,0
2018-07-20,273.25,274.8,270.65,274.0,271.9357142857145,0.2655571876941535,52.85412262156452,-0.05000000000001137,4.350000000000023,0,0,0,0,0
